,Country ISO3,Country Name,Indicator Id,Indicator,Subindicator Type,2006,2007,2008,2009,2010,2011,2012,2013,2014,2015,2016,2018
9,AGO,Angola,28163,Global Gender Gap Health and Survival Subindex,Index,0.9796,0.9796,0.9796,0.9796,0.9796,0.9796,0.0,0.9796,0.9754,0.98,0.98,0.98
33,AGO,Angola,41787,Sex ratio at birth,Index,0.0,0.0,0.0,0.0,0.0,0.0,0.0,0.0,0.0,0.0,0.0,0.9440000000000001
34,AGO,Angola,41788,Healthy life expectancy,Index,0.0,0.0,0.0,0.0,0.0,0.0,0.0,0.0,0.0,0.0,0.0,1.06
309,BDI,Burundi,28163,Global Gender Gap Health and Survival Subindex,Index,0.0,0.0,0.0,0.0,0.0,0.9685,0.9685,0.9685,0.9796,0.9740000000000001,0.9740000000000001,0.978
333,BDI,Burundi,41787,Sex ratio at birth,Index,0.0,0.0,0.0,0.0,0.0,0.0,0.0,0.0,0.0,0.0,0.0,0.9440000000000001
334,BDI,Burundi,41788,Healthy life expectancy,Index,0.0,0.0,0.0,0.0,0.0,0.0,0.0,0.0,0.0,0.0,0.0,1.0546875
385,BEN,Benin,28163,Global Gender Gap Health and Survival Subindex,Index,0.9688,0.9754,0.9754,0.9754,0.9612,0.9612,0.9612,0.9612,0.0,0.9670000000000001,0.9670000000000001,0.972
405,BEN,Benin,41787,Sex ratio at birth,Index,0.0,0.0,0.0,0.0,0.0,0.0,0.0,0.0,0.0,0.0,0.0,0.9440000000000001
406,BEN,Benin,41788,Healthy life expectancy,Index,0.0,0.0,0.0,0.0,0.0,0.0,0.0,0.0,0.0,0.0,0.0,1.036190476
419,BFA,Burkina Faso,28163,Global Gender Gap Health and Survival Subindex,Index,0.9733,0.9699,0.9699,0.9699,0.9685,0.9685,0.9685,0.9685,0.9673,0.9670000000000001,0.9670000000000001,0.963
443,BFA,Burkina Faso,41787,Sex ratio at birth,Index,0.0,0.0,0.0,0.0,0.0,0.0,0.0,0.0,0.0,0.0,0.0,0.9440000000000001
444,BFA,Burkina Faso,41788,Healthy life expectancy,Index,0.0,0.0,0.0,0.0,0.0,0.0,0.0,0.0,0.0,0.0,0.0,1.0075901329999999
895,BWA,Botswana,28163,Global Gender Gap Health and Survival Subindex,Index,0.9561,0.9527,0.9527,0.9527,0.9549,0.9549,0.9549,0.9549,0.9671,0.973,0.973,0.98
919,BWA,Botswana,41787,Sex ratio at birth,Index,0.0,0.0,0.0,0.0,0.0,0.0,0.0,0.0,0.0,0.0,0.0,0.9440000000000001
920,BWA,Botswana,41788,Healthy life expectancy,Index,0.0,0.0,0.0,0.0,0.0,0.0,0.0,0.0,0.0,0.0,0.0,1.06
1115,CMR,Cameroon,28163,Global Gender Gap Health and Survival Subindex,Index,0.966,0.9686,0.9686,0.9686,0.9612,0.9612,0.9612,0.9612,0.0,0.968,0.968,0.973
1139,CMR,Cameroon,41787,Sex ratio at birth,Index,0.0,0.0,0.0,0.0,0.0,0.0,0.0,0.0,0.0,0.0,0.0,0.9440000000000001
1140,CMR,Cameroon,41788,Healthy life expectancy,Index,0.0,0.0,0.0,0.0,0.0,0.0,0.0,0.0,0.0,0.0,0.0,1.037924152
1711,ETH,Ethiopia,28163,Global Gender Gap Health and Survival Subindex,Index,0.9687,0.9686,0.9686,0.9686,0.9737,0.9737,0.9737,0.9737,0.9725,0.978,0.978,0.976
1735,ETH,Ethiopia,41787,Sex ratio at birth,Index,0.0,0.0,0.0,0.0,0.0,0.0,0.0,0.0,0.0,0.0,0.0,0.9440000000000001
1736,ETH,Ethiopia,41788,Healthy life expectancy,Index,0.0,0.0,0.0,0.0,0.0,0.0,0.0,0.0,0.0,0.0,0.0,1.049910873
1935,GHA,Ghana,28163,Global Gender Gap Health and Survival Subindex,Index,0.9685,0.9674,0.9674,0.9674,0.9674,0.9674,0.9674,0.9674,0.9669,0.973,0.973,0.968
1959,GHA,Ghana,41787,Sex ratio at birth,Index,0.0,0.0,0.0,0.0,0.0,0.0,0.0,0.0,0.0,0.0,0.0,0.9440000000000001
1960,GHA,Ghana,41788,Healthy life expectancy,Index,0.0,0.0,0.0,0.0,0.0,0.0,0.0,0.0,0.0,0.0,0.0,1.021505376
1973,GIN,Guinea,28163,Global Gender Gap Health and Survival Subindex,Index,0.0,0.0,0.0,0.0,0.0,0.0,0.0,0.0,0.9674,0.9670000000000001,0.9670000000000001,0.9620000000000001
1993,GIN,Guinea,41787,Sex ratio at birth,Index,0.0,0.0,0.0,0.0,0.0,0.0,0.0,0.0,0.0,0.0,0.0,0.9440000000000001
1994,GIN,Guinea,41788,Healthy life expectancy,Index,0.0,0.0,0.0,0.0,0.0,0.0,0.0,0.0,0.0,0.0,0.0,1.001919386
2689,KEN,Kenya,28163,Global Gender Gap Health and Survival Subindex,Index,0.9663,0.9681,0.9681,0.9681,0.9677,0.9677,0.9677,0.9677,0.973,0.973,0.973,0.98
2709,KEN,Kenya,41787,Sex ratio at birth,Index,0.0,0.0,0.0,0.0,0.0,0.0,0.0,0.0,0.0,0.0,0.0,0.9440000000000001
2710,KEN,Kenya,41788,Healthy life expectancy,Index,0.0,0.0,0.0,0.0,0.0,0.0,0.0,0.0,0.0,0.0,0.0,1.06
2951,LBR,Liberia,28163,Global Gender Gap Health and Survival Subindex,Index,0.0,0.0,0.0,0.0,0.0,0.0,0.0,0.0,0.9671,0.9670000000000001,0.9670000000000001,0.968
2975,LBR,Liberia,41787,Sex ratio at birth,Index,0.0,0.0,0.0,0.0,0.0,0.0,0.0,0.0,0.0,0.0,0.0,0.9440000000000001
2976,LBR,Liberia,41788,Healthy life expectancy,Index,0.0,0.0,0.0,0.0,0.0,0.0,0.0,0.0,0.0,0.0,0.0,1.022263451
3027,LSO,Lesotho,28163,Global Gender Gap Health and Survival Subindex,Index,0.9796,0.9796,0.9796,0.9796,0.9796,0.9796,0.9796,0.9796,0.9758,0.98,0.98,0.98
3051,LSO,Lesotho,41787,Sex ratio at birth,Index,0.0,0.0,0.0,0.0,0.0,0.0,0.0,0.0,0.0,0.0,0.0,0.9440000000000001
3052,LSO,Lesotho,41788,Healthy life expectancy,Index,0.0,0.0,0.0,0.0,0.0,0.0,0.0,0.0,0.0,0.0,0.0,1.06
3255,MDG,Madagascar,28163,Global Gender Gap Health and Survival Subindex,Index,0.9785,0.9796,0.9796,0.9796,0.9732,0.9732,0.9732,0.9732,0.9725,0.973,0.973,0.9740000000000001
3277,MDG,Madagascar,41787,Sex ratio at birth,Index,0.0,0.0,0.0,0.0,0.0,0.0,0.0,0.0,0.0,0.0,0.0,0.9440000000000001
3278,MDG,Madagascar,41788,Healthy life expectancy,Index,0.0,0.0,0.0,0.0,0.0,0.0,0.0,0.0,0.0,0.0,0.0,1.042031524
3399,MLI,Mali,28163,Global Gender Gap Health and Survival Subindex,Index,0.9679,0.9695,0.9695,0.9695,0.9761,0.9761,0.9761,0.9761,0.9549,0.9490000000000001,0.9490000000000001,0.965
3423,MLI,Mali,41787,Sex ratio at birth,Index,0.0,0.0,0.0,0.0,0.0,0.0,0.0,0.0,0.0,0.0,0.0,0.9440000000000001
3424,MLI,Mali,41788,Healthy life expectancy,Index,0.0,0.0,0.0,0.0,0.0,0.0,0.0,0.0,0.0,0.0,0.0,1.0119047620000001
3587,MOZ,Mozambique,28163,Global Gender Gap Health and Survival Subindex,Index,0.0,0.9782,0.9782,0.9782,0.9612,0.9612,0.9612,0.9612,0.968,0.968,0.968,0.98
3611,MOZ,Mozambique,41787,Sex ratio at birth,Index,0.0,0.0,0.0,0.0,0.0,0.0,0.0,0.0,0.0,0.0,0.0,0.9440000000000001
3612,MOZ,Mozambique,41788,Healthy life expectancy,Index,0.0,0.0,0.0,0.0,0.0,0.0,0.0,0.0,0.0,0.0,0.0,1.06
3659,MUS,Mauritius,28163,Global Gender Gap Health and Survival Subindex,Index,0.9796,0.9796,0.9796,0.9796,0.9796,0.9796,0.9796,0.9796,0.9796,0.98,0.98,0.98
3683,MUS,Mauritius,41787,Sex ratio at birth,Index,0.0,0.0,0.0,0.0,0.0,0.0,0.0,0.0,0.0,0.0,0.0,0.9440000000000001
3684,MUS,Mauritius,41788,Healthy life expectancy,Index,0.0,0.0,0.0,0.0,0.0,0.0,0.0,0.0,0.0,0.0,0.0,1.06
3697,MWI,Malawi,28163,Global Gender Gap Health and Survival Subindex,Index,0.96,0.9612,0.9612,0.9612,0.9683,0.9683,0.9683,0.9683,0.9673,0.973,0.973,0.98
3721,MWI,Malawi,41787,Sex ratio at birth,Index,0.0,0.0,0.0,0.0,0.0,0.0,0.0,0.0,0.0,0.0,0.0,0.9440000000000001
3722,MWI,Malawi,41788,Healthy life expectancy,Index,0.0,0.0,0.0,0.0,0.0,0.0,0.0,0.0,0.0,0.0,0.0,1.06
3771,NAM,Namibia,28163,Global Gender Gap Health and Survival Subindex,Index,0.9675,0.9683,0.9683,0.9683,0.9671,0.9671,0.9671,0.9671,0.9796,0.98,0.98,0.98
3795,NAM,Namibia,41787,Sex ratio at birth,Index,0.0,0.0,0.0,0.0,0.0,0.0,0.0,0.0,0.0,0.0,0.0,0.9440000000000001
3796,NAM,Namibia,41788,Healthy life expectancy,Index,0.0,0.0,0.0,0.0,0.0,0.0,0.0,0.0,0.0,0.0,0.0,1.06
3809,NGA,Nigeria,28163,Global Gender Gap Health and Survival Subindex,Index,0.9656,0.9686,0.9686,0.9682,0.9607,0.9607,0.9607,0.9607,0.9674,0.961,0.961,0.9640000000000001
3833,NGA,Nigeria,41787,Sex ratio at birth,Index,0.0,0.0,0.0,0.0,0.0,0.0,0.0,0.0,0.0,0.0,0.0,0.9440000000000001
3834,NGA,Nigeria,41788,Healthy life expectancy,Index,0.0,0.0,0.0,0.0,0.0,0.0,0.0,0.0,0.0,0.0,0.0,1.01026694
4453,RWA,Rwanda,28163,Global Gender Gap Health and Survival Subindex,Index,0.0,0.0,0.0,0.0,0.0,0.0,0.0,0.0,0.9667,0.972,0.972,0.973
4477,RWA,Rwanda,41787,Sex ratio at birth,Index,0.0,0.0,0.0,0.0,0.0,0.0,0.0,0.0,0.0,0.0,0.0,0.9440000000000001
4478,RWA,Rwanda,41788,Healthy life expectancy,Index,0.0,0.0,0.0,0.0,0.0,0.0,0.0,0.0,0.0,0.0,0.0,1.037414966
4529,SEN,Senegal,28163,Global Gender Gap Health and Survival Subindex,Index,0.0,0.0,0.0,0.9742,0.9734,0.9734,0.9734,0.9734,0.9725,0.9670000000000001,0.9670000000000001,0.976
4553,SEN,Senegal,41787,Sex ratio at birth,Index,0.0,0.0,0.0,0.0,0.0,0.0,0.0,0.0,0.0,0.0,0.0,0.9440000000000001
4554,SEN,Senegal,41788,Healthy life expectancy,Index,0.0,0.0,0.0,0.0,0.0,0.0,0.0,0.0,0.0,0.0,0.0,1.04886562
4603,SLE,Sierra Leone,28163,Global Gender Gap Health and Survival Subindex,Index,0.0,0.0,0.0,0.0,0.0,0.0,0.0,0.0,0.0,0.0,0.0,0.9670000000000001
4625,SLE,Sierra Leone,41787,Sex ratio at birth,Index,0.0,0.0,0.0,0.0,0.0,0.0,0.0,0.0,0.0,0.0,0.0,0.9440000000000001
4626,SLE,Sierra Leone,41788,Healthy life expectancy,Index,0.0,0.0,0.0,0.0,0.0,0.0,0.0,0.0,0.0,0.0,0.0,1.019067797
4933,TCD,Chad,28163,Global Gender Gap Health and Survival Subindex,Index,0.9764,0.9765,0.9765,0.9765,0.9612,0.9612,0.9612,0.9612,0.9683,0.968,0.968,0.971
4953,TCD,Chad,41787,Sex ratio at birth,Index,0.0,0.0,0.0,0.0,0.0,0.0,0.0,0.0,0.0,0.0,0.0,0.9440000000000001
4954,TCD,Chad,41788,Healthy life expectancy,Index,0.0,0.0,0.0,0.0,0.0,0.0,0.0,0.0,0.0,0.0,0.0,1.032258065
4967,TGO,Togo,28163,Global Gender Gap Health and Survival Subindex,Index,0.0,0.0,0.0,0.0,0.0,0.0,0.0,0.0,0.0,0.0,0.0,0.965
4987,TGO,Togo,41787,Sex ratio at birth,Index,0.0,0.0,0.0,0.0,0.0,0.0,0.0,0.0,0.0,0.0,0.0,0.9440000000000001
4988,TGO,Togo,41788,Healthy life expectancy,Index,0.0,0.0,0.0,0.0,0.0,0.0,0.0,0.0,0.0,0.0,0.0,1.01119403
5201,TZA,Tanzania,28163,Global Gender Gap Health and Survival Subindex,Index,0.9668,0.9688,0.9688,0.9688,0.9612,0.9612,0.9612,0.9612,0.9732,0.9790000000000001,0.9790000000000001,0.978
5225,TZA,Tanzania,41787,Sex ratio at birth,Index,0.0,0.0,0.0,0.0,0.0,0.0,0.0,0.0,0.0,0.0,0.0,0.9440000000000001
5226,TZA,Tanzania,41788,Healthy life expectancy,Index,0.0,0.0,0.0,0.0,0.0,0.0,0.0,0.0,0.0,0.0,0.0,1.056466302
5239,UGA,Uganda,28163,Global Gender Gap Health and Survival Subindex,Index,0.9756,0.9758,0.9758,0.9758,0.9796,0.9796,0.9796,0.9796,0.9674,0.98,0.98,0.98
5263,UGA,Uganda,41787,Sex ratio at birth,Index,0.0,0.0,0.0,0.0,0.0,0.0,0.0,0.0,0.0,0.0,0.0,0.9440000000000001
5264,UGA,Uganda,41788,Healthy life expectancy,Index,0.0,0.0,0.0,0.0,0.0,0.0,0.0,0.0,0.0,0.0,0.0,1.06
5509,ZAF,South Africa,28163,Global Gender Gap Health and Survival Subindex,Index,0.9756,0.9754,0.9754,0.9754,0.9677,0.9677,0.9677,0.9677,0.9796,0.98,0.98,0.98
5533,ZAF,South Africa,41787,Sex ratio at birth,Index,0.0,0.0,0.0,0.0,0.0,0.0,0.0,0.0,0.0,0.0,0.0,0.9440000000000001
5534,ZAF,South Africa,41788,Healthy life expectancy,Index,0.0,0.0,0.0,0.0,0.0,0.0,0.0,0.0,0.0,0.0,0.0,1.06
5557,ZWE,Zimbabwe,28163,Global Gender Gap Health and Survival Subindex,Index,0.9571,0.9522,0.9522,0.9522,0.9458,0.9458,0.0,0.0,0.9796,0.98,0.98,0.98
5581,ZWE,Zimbabwe,41787,Sex ratio at birth,Index,0.0,0.0,0.0,0.0,0.0,0.0,0.0,0.0,0.0,0.0,0.0,0.9440000000000001
5582,ZWE,Zimbabwe,41788,Healthy life expectancy,Index,0.0,0.0,0.0,0.0,0.0,0.0,0.0,0.0,0.0,0.0,0.0,1.06
