,Country ISO3,Country Name,Indicator Id,Indicator,Subindicator Type,2006,2007,2008,2009,2010,2011,2012,2013,2014,2015,2016,2018
7,AGO,Angola,28161,Global Gender Gap Educational Attainment Subindex,Index,0.7792,0.7792,0.7779,0.7779,0.7854,0.7864,0.0,0.8062,0.7211,0.726,0.778,0.745
29,AGO,Angola,41783,Literacy rate,Index,0.0,0.0,0.0,0.0,0.0,0.0,0.0,0.0,0.0,0.0,0.0,0.66780591
30,AGO,Angola,41784,Enrolment in primary education,Index,0.0,0.0,0.0,0.0,0.0,0.0,0.0,0.0,0.0,0.0,0.0,0.747732362
31,AGO,Angola,41785,Enrolment in secondary education,Index,0.0,0.0,0.0,0.0,0.0,0.0,0.0,0.0,0.0,0.0,0.0,0.788926899
32,AGO,Angola,41786,Enrolment in tertiary education,Index,0.0,0.0,0.0,0.0,0.0,0.0,0.0,0.0,0.0,0.0,0.0,0.769851252
307,BDI,Burundi,28161,Global Gender Gap Educational Attainment Subindex,Index,0.0,0.0,0.0,0.0,0.0,0.8565,0.8644,0.8895,0.9013,0.857,0.917,0.89
329,BDI,Burundi,41783,Literacy rate,Index,0.0,0.0,0.0,0.0,0.0,0.0,0.0,0.0,0.0,0.0,0.0,0.784345836
330,BDI,Burundi,41784,Enrolment in primary education,Index,0.0,0.0,0.0,0.0,0.0,0.0,0.0,0.0,0.0,0.0,0.0,1.0
331,BDI,Burundi,41785,Enrolment in secondary education,Index,0.0,0.0,0.0,0.0,0.0,0.0,0.0,0.0,0.0,0.0,0.0,1.0
332,BDI,Burundi,41786,Enrolment in tertiary education,Index,0.0,0.0,0.0,0.0,0.0,0.0,0.0,0.0,0.0,0.0,0.0,0.429198401
383,BEN,Benin,28161,Global Gender Gap Educational Attainment Subindex,Index,0.6435,0.6579,0.6329,0.6273,0.6457,0.6558,0.6446,0.5127,0.0,0.7,0.7120000000000001,0.7290000000000001
401,BEN,Benin,41783,Literacy rate,Index,0.0,0.0,0.0,0.0,0.0,0.0,0.0,0.0,0.0,0.0,0.0,0.49140908
402,BEN,Benin,41784,Enrolment in primary education,Index,0.0,0.0,0.0,0.0,0.0,0.0,0.0,0.0,0.0,0.0,0.0,0.897398446
403,BEN,Benin,41785,Enrolment in secondary education,Index,0.0,0.0,0.0,0.0,0.0,0.0,0.0,0.0,0.0,0.0,0.0,0.7485679559999999
404,BEN,Benin,41786,Enrolment in tertiary education,Index,0.0,0.0,0.0,0.0,0.0,0.0,0.0,0.0,0.0,0.0,0.0,0.42620091200000004
417,BFA,Burkina Faso,28161,Global Gender Gap Educational Attainment Subindex,Index,0.6456,0.6798,0.7068,0.726,0.7485,0.7563,0.7864,0.7987,0.7988,0.831,0.809,0.853
439,BFA,Burkina Faso,41783,Literacy rate,Index,0.0,0.0,0.0,0.0,0.0,0.0,0.0,0.0,0.0,0.0,0.0,0.590819625
440,BFA,Burkina Faso,41784,Enrolment in primary education,Index,0.0,0.0,0.0,0.0,0.0,0.0,0.0,0.0,0.0,0.0,0.0,0.975203248
441,BFA,Burkina Faso,41785,Enrolment in secondary education,Index,0.0,0.0,0.0,0.0,0.0,0.0,0.0,0.0,0.0,0.0,0.0,1.0
442,BFA,Burkina Faso,41786,Enrolment in tertiary education,Index,0.0,0.0,0.0,0.0,0.0,0.0,0.0,0.0,0.0,0.0,0.0,0.521218949
893,BWA,Botswana,28161,Global Gender Gap Educational Attainment Subindex,Index,0.9814,0.9979,0.9999,0.9999,1.0,1.0,1.0,1.0,1.0,1.0,1.0,1.0
915,BWA,Botswana,41783,Literacy rate,Index,0.0,0.0,0.0,0.0,0.0,0.0,0.0,0.0,0.0,0.0,0.0,1.0
916,BWA,Botswana,41784,Enrolment in primary education,Index,0.0,0.0,0.0,0.0,0.0,0.0,0.0,0.0,0.0,0.0,0.0,1.0
917,BWA,Botswana,41785,Enrolment in secondary education,Index,0.0,0.0,0.0,0.0,0.0,0.0,0.0,0.0,0.0,0.0,0.0,1.0
918,BWA,Botswana,41786,Enrolment in tertiary education,Index,0.0,0.0,0.0,0.0,0.0,0.0,0.0,0.0,0.0,0.0,0.0,1.0
1113,CMR,Cameroon,28161,Global Gender Gap Educational Attainment Subindex,Index,0.8240000000000001,0.8264,0.8343,0.8421,0.8585,0.8597,0.7816,0.847,0.0,0.857,0.862,0.8759999999999999
1135,CMR,Cameroon,41783,Literacy rate,Index,0.0,0.0,0.0,0.0,0.0,0.0,0.0,0.0,0.0,0.0,0.0,0.8272872590000001
1136,CMR,Cameroon,41784,Enrolment in primary education,Index,0.0,0.0,0.0,0.0,0.0,0.0,0.0,0.0,0.0,0.0,0.0,0.915067785
1137,CMR,Cameroon,41785,Enrolment in secondary education,Index,0.0,0.0,0.0,0.0,0.0,0.0,0.0,0.0,0.0,0.0,0.0,0.881629608
1138,CMR,Cameroon,41786,Enrolment in tertiary education,Index,0.0,0.0,0.0,0.0,0.0,0.0,0.0,0.0,0.0,0.0,0.0,0.788801823
1709,ETH,Ethiopia,28161,Global Gender Gap Educational Attainment Subindex,Index,0.7392,0.7403,0.7001,0.7001,0.7003,0.7043,0.7386,0.7451,0.7113,0.741,0.84,0.8190000000000001
1731,ETH,Ethiopia,41783,Literacy rate,Index,0.0,0.0,0.0,0.0,0.0,0.0,0.0,0.0,0.0,0.0,0.0,0.588619927
1732,ETH,Ethiopia,41784,Enrolment in primary education,Index,0.0,0.0,0.0,0.0,0.0,0.0,0.0,0.0,0.0,0.0,0.0,0.9287357759999999
1733,ETH,Ethiopia,41785,Enrolment in secondary education,Index,0.0,0.0,0.0,0.0,0.0,0.0,0.0,0.0,0.0,0.0,0.0,0.96547385
1734,ETH,Ethiopia,41786,Enrolment in tertiary education,Index,0.0,0.0,0.0,0.0,0.0,0.0,0.0,0.0,0.0,0.0,0.0,0.48154618200000004
1933,GHA,Ghana,28161,Global Gender Gap Educational Attainment Subindex,Index,0.8682,0.8711,0.8749,0.8859999999999999,0.8915,0.9027,0.9055,0.897,0.9104,0.924,0.9309999999999999,0.935
1955,GHA,Ghana,41783,Literacy rate,Index,0.0,0.0,0.0,0.0,0.0,0.0,0.0,0.0,0.0,0.0,0.0,0.833383515
1956,GHA,Ghana,41784,Enrolment in primary education,Index,0.0,0.0,0.0,0.0,0.0,0.0,0.0,0.0,0.0,0.0,0.0,1.0
1957,GHA,Ghana,41785,Enrolment in secondary education,Index,0.0,0.0,0.0,0.0,0.0,0.0,0.0,0.0,0.0,0.0,0.0,1.0
1958,GHA,Ghana,41786,Enrolment in tertiary education,Index,0.0,0.0,0.0,0.0,0.0,0.0,0.0,0.0,0.0,0.0,0.0,0.724452883
1971,GIN,Guinea,28161,Global Gender Gap Educational Attainment Subindex,Index,0.0,0.0,0.0,0.0,0.0,0.0,0.0,0.0,0.6489,0.7070000000000001,0.718,0.682
1989,GIN,Guinea,41783,Literacy rate,Index,0.0,0.0,0.0,0.0,0.0,0.0,0.0,0.0,0.0,0.0,0.0,0.503259274
1990,GIN,Guinea,41784,Enrolment in primary education,Index,0.0,0.0,0.0,0.0,0.0,0.0,0.0,0.0,0.0,0.0,0.0,0.8265599240000001
1991,GIN,Guinea,41785,Enrolment in secondary education,Index,0.0,0.0,0.0,0.0,0.0,0.0,0.0,0.0,0.0,0.0,0.0,0.66227831
1992,GIN,Guinea,41786,Enrolment in tertiary education,Index,0.0,0.0,0.0,0.0,0.0,0.0,0.0,0.0,0.0,0.0,0.0,0.44725694
2687,KEN,Kenya,28161,Global Gender Gap Educational Attainment Subindex,Index,0.9177,0.9337,0.9261,0.9089,0.9396,0.9362,0.9368,0.9229999999999999,0.9229,0.9420000000000001,0.943,0.929
2705,KEN,Kenya,41783,Literacy rate,Index,0.0,0.0,0.0,0.0,0.0,0.0,0.0,0.0,0.0,0.0,0.0,0.883361903
2706,KEN,Kenya,41784,Enrolment in primary education,Index,0.0,0.0,0.0,0.0,0.0,0.0,0.0,0.0,0.0,0.0,0.0,1.0
2707,KEN,Kenya,41785,Enrolment in secondary education,Index,0.0,0.0,0.0,0.0,0.0,0.0,0.0,0.0,0.0,0.0,0.0,0.941792802
2708,KEN,Kenya,41786,Enrolment in tertiary education,Index,0.0,0.0,0.0,0.0,0.0,0.0,0.0,0.0,0.0,0.0,0.0,0.704339169
2949,LBR,Liberia,28161,Global Gender Gap Educational Attainment Subindex,Index,0.0,0.0,0.0,0.0,0.0,0.0,0.0,0.0,0.7744,0.8059999999999999,0.797,0.792
2971,LBR,Liberia,41783,Literacy rate,Index,0.0,0.0,0.0,0.0,0.0,0.0,0.0,0.0,0.0,0.0,0.0,0.444837425
2972,LBR,Liberia,41784,Enrolment in primary education,Index,0.0,0.0,0.0,0.0,0.0,0.0,0.0,0.0,0.0,0.0,0.0,0.9329514959999999
2973,LBR,Liberia,41785,Enrolment in secondary education,Index,0.0,0.0,0.0,0.0,0.0,0.0,0.0,0.0,0.0,0.0,0.0,0.880269793
2974,LBR,Liberia,41786,Enrolment in tertiary education,Index,0.0,0.0,0.0,0.0,0.0,0.0,0.0,0.0,0.0,0.0,0.0,0.631456166
3025,LSO,Lesotho,28161,Global Gender Gap Educational Attainment Subindex,Index,1.0,1.0,1.0,1.0,1.0,1.0,1.0,1.0,1.0,1.0,1.0,1.0
3047,LSO,Lesotho,41783,Literacy rate,Index,0.0,0.0,0.0,0.0,0.0,0.0,0.0,0.0,0.0,0.0,0.0,1.0
3048,LSO,Lesotho,41784,Enrolment in primary education,Index,0.0,0.0,0.0,0.0,0.0,0.0,0.0,0.0,0.0,0.0,0.0,1.0
3049,LSO,Lesotho,41785,Enrolment in secondary education,Index,0.0,0.0,0.0,0.0,0.0,0.0,0.0,0.0,0.0,0.0,0.0,1.0
3050,LSO,Lesotho,41786,Enrolment in tertiary education,Index,0.0,0.0,0.0,0.0,0.0,0.0,0.0,0.0,0.0,0.0,0.0,1.0
3253,MDG,Madagascar,28161,Global Gender Gap Educational Attainment Subindex,Index,0.9596,0.9579,0.9566,0.9584,0.9591,0.972,0.9731,0.975,0.9738,0.981,0.9640000000000001,0.95
3274,MDG,Madagascar,41783,Literacy rate,Index,0.0,0.0,0.0,0.0,0.0,0.0,0.0,0.0,0.0,0.0,0.0,0.910093675
3275,MDG,Madagascar,41785,Enrolment in secondary education,Index,0.0,0.0,0.0,0.0,0.0,0.0,0.0,0.0,0.0,0.0,0.0,1.0
3276,MDG,Madagascar,41786,Enrolment in tertiary education,Index,0.0,0.0,0.0,0.0,0.0,0.0,0.0,0.0,0.0,0.0,0.0,0.919980903
3397,MLI,Mali,28161,Global Gender Gap Educational Attainment Subindex,Index,0.6737,0.6521,0.6567,0.6684,0.6794,0.6927,0.7094,0.7291,0.7264,0.755,0.733,0.7390000000000001
3419,MLI,Mali,41783,Literacy rate,Index,0.0,0.0,0.0,0.0,0.0,0.0,0.0,0.0,0.0,0.0,0.0,0.49251873700000004
3420,MLI,Mali,41784,Enrolment in primary education,Index,0.0,0.0,0.0,0.0,0.0,0.0,0.0,0.0,0.0,0.0,0.0,0.891959561
3421,MLI,Mali,41785,Enrolment in secondary education,Index,0.0,0.0,0.0,0.0,0.0,0.0,0.0,0.0,0.0,0.0,0.0,0.8049380770000001
3422,MLI,Mali,41786,Enrolment in tertiary education,Index,0.0,0.0,0.0,0.0,0.0,0.0,0.0,0.0,0.0,0.0,0.0,0.418000749
3585,MOZ,Mozambique,28161,Global Gender Gap Educational Attainment Subindex,Index,0.0,0.7525,0.799,0.7818,0.8136,0.8121,0.8267,0.8355,0.8326,0.86,0.871,0.889
3607,MOZ,Mozambique,41783,Literacy rate,Index,0.0,0.0,0.0,0.0,0.0,0.0,0.0,0.0,0.0,0.0,0.0,0.608584508
3608,MOZ,Mozambique,41784,Enrolment in primary education,Index,0.0,0.0,0.0,0.0,0.0,0.0,0.0,0.0,0.0,0.0,0.0,0.970774965
3609,MOZ,Mozambique,41785,Enrolment in secondary education,Index,0.0,0.0,0.0,0.0,0.0,0.0,0.0,0.0,0.0,0.0,0.0,1.0
3610,MOZ,Mozambique,41786,Enrolment in tertiary education,Index,0.0,0.0,0.0,0.0,0.0,0.0,0.0,0.0,0.0,0.0,0.0,0.810189182
3657,MUS,Mauritius,28161,Global Gender Gap Educational Attainment Subindex,Index,0.9831,0.9831,0.9884,0.9878,0.9882,0.9888,0.9902,0.9907,0.9888,0.991,0.991,0.991
3679,MUS,Mauritius,41783,Literacy rate,Index,0.0,0.0,0.0,0.0,0.0,0.0,0.0,0.0,0.0,0.0,0.0,0.953316185
3680,MUS,Mauritius,41784,Enrolment in primary education,Index,0.0,0.0,0.0,0.0,0.0,0.0,0.0,0.0,0.0,0.0,0.0,1.0
3681,MUS,Mauritius,41785,Enrolment in secondary education,Index,0.0,0.0,0.0,0.0,0.0,0.0,0.0,0.0,0.0,0.0,0.0,1.0
3682,MUS,Mauritius,41786,Enrolment in tertiary education,Index,0.0,0.0,0.0,0.0,0.0,0.0,0.0,0.0,0.0,0.0,0.0,1.0
3695,MWI,Malawi,28161,Global Gender Gap Educational Attainment Subindex,Index,0.86,0.8655,0.8936,0.8828,0.8894,0.8972,0.919,0.8961,0.8903,0.91,0.915,0.9079999999999999
3717,MWI,Malawi,41783,Literacy rate,Index,0.0,0.0,0.0,0.0,0.0,0.0,0.0,0.0,0.0,0.0,0.0,0.791411729
3718,MWI,Malawi,41784,Enrolment in primary education,Index,0.0,0.0,0.0,0.0,0.0,0.0,0.0,0.0,0.0,0.0,0.0,1.0
3719,MWI,Malawi,41785,Enrolment in secondary education,Index,0.0,0.0,0.0,0.0,0.0,0.0,0.0,0.0,0.0,0.0,0.0,0.9595880729999999
3720,MWI,Malawi,41786,Enrolment in tertiary education,Index,0.0,0.0,0.0,0.0,0.0,0.0,0.0,0.0,0.0,0.0,0.0,0.638186657
3769,NAM,Namibia,28161,Global Gender Gap Educational Attainment Subindex,Index,0.9928,0.9928,0.9826,0.982,0.9979,0.9983,0.9988,1.0,1.0,1.0,0.9990000000000001,0.9990000000000001
3791,NAM,Namibia,41783,Literacy rate,Index,0.0,0.0,0.0,0.0,0.0,0.0,0.0,0.0,0.0,0.0,0.0,0.9923258429999999
3792,NAM,Namibia,41784,Enrolment in primary education,Index,0.0,0.0,0.0,0.0,0.0,0.0,0.0,0.0,0.0,0.0,0.0,1.0
3793,NAM,Namibia,41785,Enrolment in secondary education,Index,0.0,0.0,0.0,0.0,0.0,0.0,0.0,0.0,0.0,0.0,0.0,1.0
3794,NAM,Namibia,41786,Enrolment in tertiary education,Index,0.0,0.0,0.0,0.0,0.0,0.0,0.0,0.0,0.0,0.0,0.0,1.0
3807,NGA,Nigeria,28161,Global Gender Gap Educational Attainment Subindex,Index,0.8159,0.8076,0.8252,0.8315,0.8072,0.809,0.8159,0.8115,0.7779,0.802,0.8140000000000001,0.8059999999999999
3829,NGA,Nigeria,41783,Literacy rate,Index,0.0,0.0,0.0,0.0,0.0,0.0,0.0,0.0,0.0,0.0,0.0,0.675657528
3830,NGA,Nigeria,41784,Enrolment in primary education,Index,0.0,0.0,0.0,0.0,0.0,0.0,0.0,0.0,0.0,0.0,0.0,0.830591434
3831,NGA,Nigeria,41785,Enrolment in secondary education,Index,0.0,0.0,0.0,0.0,0.0,0.0,0.0,0.0,0.0,0.0,0.0,0.9234780229999999
3832,NGA,Nigeria,41786,Enrolment in tertiary education,Index,0.0,0.0,0.0,0.0,0.0,0.0,0.0,0.0,0.0,0.0,0.0,0.6919412779999999
4451,RWA,Rwanda,28161,Global Gender Gap Educational Attainment Subindex,Index,0.0,0.0,0.0,0.0,0.0,0.0,0.0,0.0,0.9289,0.9440000000000001,0.958,0.961
4473,RWA,Rwanda,41783,Literacy rate,Index,0.0,0.0,0.0,0.0,0.0,0.0,0.0,0.0,0.0,0.0,0.0,0.868518378
4474,RWA,Rwanda,41784,Enrolment in primary education,Index,0.0,0.0,0.0,0.0,0.0,0.0,0.0,0.0,0.0,0.0,0.0,1.0
4475,RWA,Rwanda,41785,Enrolment in secondary education,Index,0.0,0.0,0.0,0.0,0.0,0.0,0.0,0.0,0.0,0.0,0.0,1.0
4476,RWA,Rwanda,41786,Enrolment in tertiary education,Index,0.0,0.0,0.0,0.0,0.0,0.0,0.0,0.0,0.0,0.0,0.0,0.88470289
4527,SEN,Senegal,28161,Global Gender Gap Educational Attainment Subindex,Index,0.0,0.0,0.0,0.8174,0.8208,0.8247,0.8270000000000001,0.8270000000000001,0.8222,0.833,0.83,0.88
4549,SEN,Senegal,41783,Literacy rate,Index,0.0,0.0,0.0,0.0,0.0,0.0,0.0,0.0,0.0,0.0,0.0,0.614058941
4550,SEN,Senegal,41784,Enrolment in primary education,Index,0.0,0.0,0.0,0.0,0.0,0.0,0.0,0.0,0.0,0.0,0.0,1.0
4551,SEN,Senegal,41785,Enrolment in secondary education,Index,0.0,0.0,0.0,0.0,0.0,0.0,0.0,0.0,0.0,0.0,0.0,1.0
4552,SEN,Senegal,41786,Enrolment in tertiary education,Index,0.0,0.0,0.0,0.0,0.0,0.0,0.0,0.0,0.0,0.0,0.0,0.608587009
4601,SLE,Sierra Leone,28161,Global Gender Gap Educational Attainment Subindex,Index,0.0,0.0,0.0,0.0,0.0,0.0,0.0,0.0,0.0,0.0,0.0,0.907
4622,SLE,Sierra Leone,41783,Literacy rate,Index,0.0,0.0,0.0,0.0,0.0,0.0,0.0,0.0,0.0,0.0,0.0,0.601388216
4623,SLE,Sierra Leone,41784,Enrolment in primary education,Index,0.0,0.0,0.0,0.0,0.0,0.0,0.0,0.0,0.0,0.0,0.0,1.0
4624,SLE,Sierra Leone,41785,Enrolment in secondary education,Index,0.0,0.0,0.0,0.0,0.0,0.0,0.0,0.0,0.0,0.0,0.0,0.973140625
4931,TCD,Chad,28161,Global Gender Gap Educational Attainment Subindex,Index,0.4678,0.4699,0.4683,0.4743,0.5091,0.5158,0.5197,0.5311,0.5743,0.591,0.618,0.575
4949,TCD,Chad,41783,Literacy rate,Index,0.0,0.0,0.0,0.0,0.0,0.0,0.0,0.0,0.0,0.0,0.0,0.44544427
4950,TCD,Chad,41784,Enrolment in primary education,Index,0.0,0.0,0.0,0.0,0.0,0.0,0.0,0.0,0.0,0.0,0.0,0.773921915
4951,TCD,Chad,41785,Enrolment in secondary education,Index,0.0,0.0,0.0,0.0,0.0,0.0,0.0,0.0,0.0,0.0,0.0,0.481972964
4952,TCD,Chad,41786,Enrolment in tertiary education,Index,0.0,0.0,0.0,0.0,0.0,0.0,0.0,0.0,0.0,0.0,0.0,0.19741204199999998
4965,TGO,Togo,28161,Global Gender Gap Educational Attainment Subindex,Index,0.0,0.0,0.0,0.0,0.0,0.0,0.0,0.0,0.0,0.0,0.0,0.7709999999999999
4983,TGO,Togo,41783,Literacy rate,Index,0.0,0.0,0.0,0.0,0.0,0.0,0.0,0.0,0.0,0.0,0.0,0.66324305
4984,TGO,Togo,41784,Enrolment in primary education,Index,0.0,0.0,0.0,0.0,0.0,0.0,0.0,0.0,0.0,0.0,0.0,0.938831972
4985,TGO,Togo,41785,Enrolment in secondary education,Index,0.0,0.0,0.0,0.0,0.0,0.0,0.0,0.0,0.0,0.0,0.0,0.689323826
4986,TGO,Togo,41786,Enrolment in tertiary education,Index,0.0,0.0,0.0,0.0,0.0,0.0,0.0,0.0,0.0,0.0,0.0,0.45205813100000003
5199,TZA,Tanzania,28161,Global Gender Gap Educational Attainment Subindex,Index,0.8594,0.8588,0.8698,0.8679,0.8716,0.8779,0.9373,0.8779,0.8746,0.894,0.914,0.9179999999999999
5221,TZA,Tanzania,41783,Literacy rate,Index,0.0,0.0,0.0,0.0,0.0,0.0,0.0,0.0,0.0,0.0,0.0,0.8784804009999999
5222,TZA,Tanzania,41784,Enrolment in primary education,Index,0.0,0.0,0.0,0.0,0.0,0.0,0.0,0.0,0.0,0.0,0.0,1.0
5223,TZA,Tanzania,41785,Enrolment in secondary education,Index,0.0,0.0,0.0,0.0,0.0,0.0,0.0,0.0,0.0,0.0,0.0,1.0
5224,TZA,Tanzania,41786,Enrolment in tertiary education,Index,0.0,0.0,0.0,0.0,0.0,0.0,0.0,0.0,0.0,0.0,0.0,0.511562735
5237,UGA,Uganda,28161,Global Gender Gap Educational Attainment Subindex,Index,0.8589,0.8742,0.889,0.892,0.9218,0.9173,0.9056,0.8425,0.8463,0.93,0.9279999999999999,0.9129999999999999
5259,UGA,Uganda,41783,Literacy rate,Index,0.0,0.0,0.0,0.0,0.0,0.0,0.0,0.0,0.0,0.0,0.0,0.7832159890000001
5260,UGA,Uganda,41784,Enrolment in primary education,Index,0.0,0.0,0.0,0.0,0.0,0.0,0.0,0.0,0.0,0.0,0.0,1.0
5261,UGA,Uganda,41785,Enrolment in secondary education,Index,0.0,0.0,0.0,0.0,0.0,0.0,0.0,0.0,0.0,0.0,0.0,0.917260999
5262,UGA,Uganda,41786,Enrolment in tertiary education,Index,0.0,0.0,0.0,0.0,0.0,0.0,0.0,0.0,0.0,0.0,0.0,0.775922709
5507,ZAF,South Africa,28161,Global Gender Gap Educational Attainment Subindex,Index,0.9929,0.9908,0.9956,0.9961,0.9962,0.981,0.98,0.9941,0.9869,0.987,0.995,0.992
5529,ZAF,South Africa,41783,Literacy rate,Index,0.0,0.0,0.0,0.0,0.0,0.0,0.0,0.0,0.0,0.0,0.0,0.9791554259999999
5530,ZAF,South Africa,41784,Enrolment in primary education,Index,0.0,0.0,0.0,0.0,0.0,0.0,0.0,0.0,0.0,0.0,0.0,1.0
5531,ZAF,South Africa,41785,Enrolment in secondary education,Index,0.0,0.0,0.0,0.0,0.0,0.0,0.0,0.0,0.0,0.0,0.0,0.983026519
5532,ZAF,South Africa,41786,Enrolment in tertiary education,Index,0.0,0.0,0.0,0.0,0.0,0.0,0.0,0.0,0.0,0.0,0.0,1.0
5555,ZWE,Zimbabwe,28161,Global Gender Gap Educational Attainment Subindex,Index,0.9197,0.9252,0.9344,0.9336,0.9332,0.9355,0.0,0.0,0.9396,0.9740000000000001,0.973,0.986
5577,ZWE,Zimbabwe,41783,Literacy rate,Index,0.0,0.0,0.0,0.0,0.0,0.0,0.0,0.0,0.0,0.0,0.0,0.9898913909999999
5578,ZWE,Zimbabwe,41784,Enrolment in primary education,Index,0.0,0.0,0.0,0.0,0.0,0.0,0.0,0.0,0.0,0.0,0.0,1.0
5579,ZWE,Zimbabwe,41785,Enrolment in secondary education,Index,0.0,0.0,0.0,0.0,0.0,0.0,0.0,0.0,0.0,0.0,0.0,1.0
5580,ZWE,Zimbabwe,41786,Enrolment in tertiary education,Index,0.0,0.0,0.0,0.0,0.0,0.0,0.0,0.0,0.0,0.0,0.0,0.899087905
