,Country ISO3,Country Name,Indicator Id,Indicator,Subindicator Type,2006,2007,2008,2009,2010,2011,2012,2013,2014,2015,2016,2018
5,AGO,Angola,28159,Global Gender Gap Economic Participation and Opportunity Subindex,Index,0.5872,0.5851,0.5843,0.5832,0.6296,0.5937,0.0,0.6163,0.5878,0.59,0.565,0.602
25,AGO,Angola,41779,Labour force participation,Index,0.0,0.0,0.0,0.0,0.0,0.0,0.0,0.0,0.0,0.0,0.0,0.952559301
26,AGO,Angola,41780,"Estimated earned income (PPP, US$)",Index,0.0,0.0,0.0,0.0,0.0,0.0,0.0,0.0,0.0,0.0,0.0,0.578642533
27,AGO,Angola,41781,"Legislators, senior officials and managers",Index,0.0,0.0,0.0,0.0,0.0,0.0,0.0,0.0,0.0,0.0,0.0,0.242607236
28,AGO,Angola,41782,Professional and technical workers,Index,0.0,0.0,0.0,0.0,0.0,0.0,0.0,0.0,0.0,0.0,0.0,0.53539807
36,AGO,Angola,41790,Women in ministerial positions,Index,0.0,0.0,0.0,0.0,0.0,0.0,0.0,0.0,0.0,0.0,0.0,0.28571428600000004
305,BDI,Burundi,28159,Global Gender Gap Economic Participation and Opportunity Subindex,Index,0.0,0.0,0.0,0.0,0.0,0.8355,0.8322,0.8307,0.863,0.845,0.865,0.8390000000000001
325,BDI,Burundi,41779,Labour force participation,Index,0.0,0.0,0.0,0.0,0.0,0.0,0.0,0.0,0.0,0.0,0.0,1.0
326,BDI,Burundi,41780,"Estimated earned income (PPP, US$)",Index,0.0,0.0,0.0,0.0,0.0,0.0,0.0,0.0,0.0,0.0,0.0,1.0
327,BDI,Burundi,41781,"Legislators, senior officials and managers",Index,0.0,0.0,0.0,0.0,0.0,0.0,0.0,0.0,0.0,0.0,0.0,0.47839196
328,BDI,Burundi,41782,Professional and technical workers,Index,0.0,0.0,0.0,0.0,0.0,0.0,0.0,0.0,0.0,0.0,0.0,0.851968264
336,BDI,Burundi,41790,Women in ministerial positions,Index,0.0,0.0,0.0,0.0,0.0,0.0,0.0,0.0,0.0,0.0,0.0,0.294117647
381,BEN,Benin,28159,Global Gender Gap Economic Participation and Opportunity Subindex,Index,0.6175,0.5429,0.5162,0.5463,0.6049,0.6494,0.7591,0.7419,0.0,0.764,0.795,0.85
399,BEN,Benin,41779,Labour force participation,Index,0.0,0.0,0.0,0.0,0.0,0.0,0.0,0.0,0.0,0.0,0.0,0.955040872
400,BEN,Benin,41780,"Estimated earned income (PPP, US$)",Index,0.0,0.0,0.0,0.0,0.0,0.0,0.0,0.0,0.0,0.0,0.0,0.9461719009999999
408,BEN,Benin,41790,Women in ministerial positions,Index,0.0,0.0,0.0,0.0,0.0,0.0,0.0,0.0,0.0,0.0,0.0,0.166666667
415,BFA,Burkina Faso,28159,Global Gender Gap Economic Participation and Opportunity Subindex,Index,0.6387,0.6313,0.6377,0.6395,0.6383,0.6266,0.7376,0.7467,0.722,0.721,0.7140000000000001,0.623
435,BFA,Burkina Faso,41779,Labour force participation,Index,0.0,0.0,0.0,0.0,0.0,0.0,0.0,0.0,0.0,0.0,0.0,0.784494087
436,BFA,Burkina Faso,41780,"Estimated earned income (PPP, US$)",Index,0.0,0.0,0.0,0.0,0.0,0.0,0.0,0.0,0.0,0.0,0.0,0.657250345
437,BFA,Burkina Faso,41781,"Legislators, senior officials and managers",Index,0.0,0.0,0.0,0.0,0.0,0.0,0.0,0.0,0.0,0.0,0.0,0.448245994
438,BFA,Burkina Faso,41782,Professional and technical workers,Index,0.0,0.0,0.0,0.0,0.0,0.0,0.0,0.0,0.0,0.0,0.0,0.328224629
446,BFA,Burkina Faso,41790,Women in ministerial positions,Index,0.0,0.0,0.0,0.0,0.0,0.0,0.0,0.0,0.0,0.0,0.0,0.15
891,BWA,Botswana,28159,Global Gender Gap Economic Participation and Opportunity Subindex,Index,0.6926,0.6397,0.6492,0.742,0.7359,0.7185,0.7076,0.7108,0.8166,0.8,0.8190000000000001,0.802
911,BWA,Botswana,41779,Labour force participation,Index,0.0,0.0,0.0,0.0,0.0,0.0,0.0,0.0,0.0,0.0,0.0,0.856070088
912,BWA,Botswana,41780,"Estimated earned income (PPP, US$)",Index,0.0,0.0,0.0,0.0,0.0,0.0,0.0,0.0,0.0,0.0,0.0,0.867228478
913,BWA,Botswana,41781,"Legislators, senior officials and managers",Index,0.0,0.0,0.0,0.0,0.0,0.0,0.0,0.0,0.0,0.0,0.0,0.629269111
914,BWA,Botswana,41782,Professional and technical workers,Index,0.0,0.0,0.0,0.0,0.0,0.0,0.0,0.0,0.0,0.0,0.0,1.0
922,BWA,Botswana,41790,Women in ministerial positions,Index,0.0,0.0,0.0,0.0,0.0,0.0,0.0,0.0,0.0,0.0,0.0,0.1875
1111,CMR,Cameroon,28159,Global Gender Gap Economic Participation and Opportunity Subindex,Index,0.4951,0.5114,0.5211,0.5498,0.5414,0.5252,0.6834,0.7258,0.0,0.7240000000000001,0.727,0.816
1131,CMR,Cameroon,41779,Labour force participation,Index,0.0,0.0,0.0,0.0,0.0,0.0,0.0,0.0,0.0,0.0,0.0,0.879415347
1132,CMR,Cameroon,41780,"Estimated earned income (PPP, US$)",Index,0.0,0.0,0.0,0.0,0.0,0.0,0.0,0.0,0.0,0.0,0.0,1.0
1133,CMR,Cameroon,41781,"Legislators, senior officials and managers",Index,0.0,0.0,0.0,0.0,0.0,0.0,0.0,0.0,0.0,0.0,0.0,0.970942582
1134,CMR,Cameroon,41782,Professional and technical workers,Index,0.0,0.0,0.0,0.0,0.0,0.0,0.0,0.0,0.0,0.0,0.0,0.56321281
1142,CMR,Cameroon,41790,Women in ministerial positions,Index,0.0,0.0,0.0,0.0,0.0,0.0,0.0,0.0,0.0,0.0,0.0,0.20588235300000002
1707,ETH,Ethiopia,28159,Global Gender Gap Economic Participation and Opportunity Subindex,Index,0.5683,0.5852,0.5654,0.5975,0.6316,0.6373,0.6219,0.6148,0.6177,0.608,0.599,0.606
1727,ETH,Ethiopia,41779,Labour force participation,Index,0.0,0.0,0.0,0.0,0.0,0.0,0.0,0.0,0.0,0.0,0.0,0.8956228959999999
1728,ETH,Ethiopia,41780,"Estimated earned income (PPP, US$)",Index,0.0,0.0,0.0,0.0,0.0,0.0,0.0,0.0,0.0,0.0,0.0,0.602116643
1729,ETH,Ethiopia,41781,"Legislators, senior officials and managers",Index,0.0,0.0,0.0,0.0,0.0,0.0,0.0,0.0,0.0,0.0,0.0,0.360840385
1730,ETH,Ethiopia,41782,Professional and technical workers,Index,0.0,0.0,0.0,0.0,0.0,0.0,0.0,0.0,0.0,0.0,0.0,0.483877039
1738,ETH,Ethiopia,41790,Women in ministerial positions,Index,0.0,0.0,0.0,0.0,0.0,0.0,0.0,0.0,0.0,0.0,0.0,0.111111111
1931,GHA,Ghana,28159,Global Gender Gap Economic Participation and Opportunity Subindex,Index,0.7535,0.7806,0.7445,0.7548,0.7577,0.7581,0.7543,0.7662,0.6772,0.8079999999999999,0.805,0.753
1951,GHA,Ghana,41779,Labour force participation,Index,0.0,0.0,0.0,0.0,0.0,0.0,0.0,0.0,0.0,0.0,0.0,0.95375
1952,GHA,Ghana,41780,"Estimated earned income (PPP, US$)",Index,0.0,0.0,0.0,0.0,0.0,0.0,0.0,0.0,0.0,0.0,0.0,0.703832589
1953,GHA,Ghana,41781,"Legislators, senior officials and managers",Index,0.0,0.0,0.0,0.0,0.0,0.0,0.0,0.0,0.0,0.0,0.0,0.7179155859999999
1954,GHA,Ghana,41782,Professional and technical workers,Index,0.0,0.0,0.0,0.0,0.0,0.0,0.0,0.0,0.0,0.0,0.0,0.694796986
1962,GHA,Ghana,41790,Women in ministerial positions,Index,0.0,0.0,0.0,0.0,0.0,0.0,0.0,0.0,0.0,0.0,0.0,0.21052631600000002
1969,GIN,Guinea,28159,Global Gender Gap Economic Participation and Opportunity Subindex,Index,0.0,0.0,0.0,0.0,0.0,0.0,0.0,0.0,0.6561,0.6659999999999999,0.745,0.82
1987,GIN,Guinea,41779,Labour force participation,Index,0.0,0.0,0.0,0.0,0.0,0.0,0.0,0.0,0.0,0.0,0.0,0.981927711
1988,GIN,Guinea,41780,"Estimated earned income (PPP, US$)",Index,0.0,0.0,0.0,0.0,0.0,0.0,0.0,0.0,0.0,0.0,0.0,0.704294029
1996,GIN,Guinea,41790,Women in ministerial positions,Index,0.0,0.0,0.0,0.0,0.0,0.0,0.0,0.0,0.0,0.0,0.0,0.304347826
2685,KEN,Kenya,28159,Global Gender Gap Economic Participation and Opportunity Subindex,Index,0.6575,0.6488,0.6928,0.6832,0.6151,0.6159,0.7243,0.7146,0.8104,0.778,0.71,0.7340000000000001
2703,KEN,Kenya,41779,Labour force participation,Index,0.0,0.0,0.0,0.0,0.0,0.0,0.0,0.0,0.0,0.0,0.0,0.91436865
2704,KEN,Kenya,41780,"Estimated earned income (PPP, US$)",Index,0.0,0.0,0.0,0.0,0.0,0.0,0.0,0.0,0.0,0.0,0.0,0.64580563
2712,KEN,Kenya,41790,Women in ministerial positions,Index,0.0,0.0,0.0,0.0,0.0,0.0,0.0,0.0,0.0,0.0,0.0,0.294117647
2947,LBR,Liberia,28159,Global Gender Gap Economic Participation and Opportunity Subindex,Index,0.0,0.0,0.0,0.0,0.0,0.0,0.0,0.0,0.6366,0.62,0.612,0.7290000000000001
2967,LBR,Liberia,41779,Labour force participation,Index,0.0,0.0,0.0,0.0,0.0,0.0,0.0,0.0,0.0,0.0,0.0,0.956521739
2968,LBR,Liberia,41780,"Estimated earned income (PPP, US$)",Index,0.0,0.0,0.0,0.0,0.0,0.0,0.0,0.0,0.0,0.0,0.0,0.9822077020000001
2969,LBR,Liberia,41781,"Legislators, senior officials and managers",Index,0.0,0.0,0.0,0.0,0.0,0.0,0.0,0.0,0.0,0.0,0.0,0.250559967
2970,LBR,Liberia,41782,Professional and technical workers,Index,0.0,0.0,0.0,0.0,0.0,0.0,0.0,0.0,0.0,0.0,0.0,0.549145374
2978,LBR,Liberia,41790,Women in ministerial positions,Index,0.0,0.0,0.0,0.0,0.0,0.0,0.0,0.0,0.0,0.0,0.0,0.1875
3023,LSO,Lesotho,28159,Global Gender Gap Economic Participation and Opportunity Subindex,Index,0.6069,0.6612,0.7311,0.8013,0.8789,0.8740000000000001,0.8163,0.7756,0.7449,0.672,0.672,0.65
3043,LSO,Lesotho,41779,Labour force participation,Index,0.0,0.0,0.0,0.0,0.0,0.0,0.0,0.0,0.0,0.0,0.0,0.8178191490000001
3044,LSO,Lesotho,41780,"Estimated earned income (PPP, US$)",Index,0.0,0.0,0.0,0.0,0.0,0.0,0.0,0.0,0.0,0.0,0.0,0.586941735
3045,LSO,Lesotho,41781,"Legislators, senior officials and managers",Index,0.0,0.0,0.0,0.0,0.0,0.0,0.0,0.0,0.0,0.0,0.0,0.564516129
3046,LSO,Lesotho,41782,Professional and technical workers,Index,0.0,0.0,0.0,0.0,0.0,0.0,0.0,0.0,0.0,0.0,0.0,1.0
3054,LSO,Lesotho,41790,Women in ministerial positions,Index,0.0,0.0,0.0,0.0,0.0,0.0,0.0,0.0,0.0,0.0,0.0,0.222222222
3251,MDG,Madagascar,28159,Global Gender Gap Economic Participation and Opportunity Subindex,Index,0.5776,0.6086,0.6962,0.6876,0.6708,0.6781,0.6920000000000001,0.7033,0.7335,0.696,0.7390000000000001,0.7140000000000001
3270,MDG,Madagascar,41779,Labour force participation,Index,0.0,0.0,0.0,0.0,0.0,0.0,0.0,0.0,0.0,0.0,0.0,0.942414175
3271,MDG,Madagascar,41780,"Estimated earned income (PPP, US$)",Index,0.0,0.0,0.0,0.0,0.0,0.0,0.0,0.0,0.0,0.0,0.0,0.663239451
3272,MDG,Madagascar,41781,"Legislators, senior officials and managers",Index,0.0,0.0,0.0,0.0,0.0,0.0,0.0,0.0,0.0,0.0,0.0,0.46553874799999995
3273,MDG,Madagascar,41782,Professional and technical workers,Index,0.0,0.0,0.0,0.0,0.0,0.0,0.0,0.0,0.0,0.0,0.0,0.904274983
3280,MDG,Madagascar,41790,Women in ministerial positions,Index,0.0,0.0,0.0,0.0,0.0,0.0,0.0,0.0,0.0,0.0,0.0,0.21739130399999998
3395,MLI,Mali,28159,Global Gender Gap Economic Participation and Opportunity Subindex,Index,0.6655,0.6946,0.7112,0.5969,0.5137,0.5274,0.5677,0.5668,0.5547,0.605,0.594,0.507
3415,MLI,Mali,41779,Labour force participation,Index,0.0,0.0,0.0,0.0,0.0,0.0,0.0,0.0,0.0,0.0,0.0,0.744351962
3416,MLI,Mali,41780,"Estimated earned income (PPP, US$)",Index,0.0,0.0,0.0,0.0,0.0,0.0,0.0,0.0,0.0,0.0,0.0,0.42394256
3417,MLI,Mali,41781,"Legislators, senior officials and managers",Index,0.0,0.0,0.0,0.0,0.0,0.0,0.0,0.0,0.0,0.0,0.0,0.215783135
3418,MLI,Mali,41782,Professional and technical workers,Index,0.0,0.0,0.0,0.0,0.0,0.0,0.0,0.0,0.0,0.0,0.0,0.318651025
3426,MLI,Mali,41790,Women in ministerial positions,Index,0.0,0.0,0.0,0.0,0.0,0.0,0.0,0.0,0.0,0.0,0.0,0.32
3583,MOZ,Mozambique,28159,Global Gender Gap Economic Participation and Opportunity Subindex,Index,0.0,0.797,0.8345,0.8133,0.8113,0.7816,0.7988,0.7897,0.7892,0.773,0.7979999999999999,0.675
3603,MOZ,Mozambique,41779,Labour force participation,Index,0.0,0.0,0.0,0.0,0.0,0.0,0.0,0.0,0.0,0.0,0.0,1.0
3604,MOZ,Mozambique,41780,"Estimated earned income (PPP, US$)",Index,0.0,0.0,0.0,0.0,0.0,0.0,0.0,0.0,0.0,0.0,0.0,0.851919526
3605,MOZ,Mozambique,41781,"Legislators, senior officials and managers",Index,0.0,0.0,0.0,0.0,0.0,0.0,0.0,0.0,0.0,0.0,0.0,0.321535695
3606,MOZ,Mozambique,41782,Professional and technical workers,Index,0.0,0.0,0.0,0.0,0.0,0.0,0.0,0.0,0.0,0.0,0.0,0.538529244
3614,MOZ,Mozambique,41790,Women in ministerial positions,Index,0.0,0.0,0.0,0.0,0.0,0.0,0.0,0.0,0.0,0.0,0.0,0.3125
3655,MUS,Mauritius,28159,Global Gender Gap Economic Participation and Opportunity Subindex,Index,0.483,0.5469,0.5269,0.5465,0.5491,0.5441,0.5536,0.5735,0.5507,0.534,0.55,0.585
3675,MUS,Mauritius,41779,Labour force participation,Index,0.0,0.0,0.0,0.0,0.0,0.0,0.0,0.0,0.0,0.0,0.0,0.648816936
3676,MUS,Mauritius,41780,"Estimated earned income (PPP, US$)",Index,0.0,0.0,0.0,0.0,0.0,0.0,0.0,0.0,0.0,0.0,0.0,0.473394529
3677,MUS,Mauritius,41781,"Legislators, senior officials and managers",Index,0.0,0.0,0.0,0.0,0.0,0.0,0.0,0.0,0.0,0.0,0.0,0.430518775
3678,MUS,Mauritius,41782,Professional and technical workers,Index,0.0,0.0,0.0,0.0,0.0,0.0,0.0,0.0,0.0,0.0,0.0,0.8034774
3686,MUS,Mauritius,41790,Women in ministerial positions,Index,0.0,0.0,0.0,0.0,0.0,0.0,0.0,0.0,0.0,0.0,0.0,0.111111111
3693,MWI,Malawi,28159,Global Gender Gap Economic Participation and Opportunity Subindex,Index,0.6647,0.6755,0.6872,0.6925,0.6979,0.7003,0.8224,0.8253,0.8298,0.809,0.799,0.609
3713,MWI,Malawi,41779,Labour force participation,Index,0.0,0.0,0.0,0.0,0.0,0.0,0.0,0.0,0.0,0.0,0.0,0.89684466
3714,MWI,Malawi,41780,"Estimated earned income (PPP, US$)",Index,0.0,0.0,0.0,0.0,0.0,0.0,0.0,0.0,0.0,0.0,0.0,0.655503399
3715,MWI,Malawi,41781,"Legislators, senior officials and managers",Index,0.0,0.0,0.0,0.0,0.0,0.0,0.0,0.0,0.0,0.0,0.0,0.18516053300000002
3716,MWI,Malawi,41782,Professional and technical workers,Index,0.0,0.0,0.0,0.0,0.0,0.0,0.0,0.0,0.0,0.0,0.0,0.54519429
3724,MWI,Malawi,41790,Women in ministerial positions,Index,0.0,0.0,0.0,0.0,0.0,0.0,0.0,0.0,0.0,0.0,0.0,0.28571428600000004
3767,NAM,Namibia,28159,Global Gender Gap Economic Participation and Opportunity Subindex,Index,0.6135,0.6717,0.7091,0.7201,0.7386,0.7273,0.71,0.698,0.7326,0.775,0.7809999999999999,0.804
3787,NAM,Namibia,41779,Labour force participation,Index,0.0,0.0,0.0,0.0,0.0,0.0,0.0,0.0,0.0,0.0,0.0,0.9039039040000001
3788,NAM,Namibia,41780,"Estimated earned income (PPP, US$)",Index,0.0,0.0,0.0,0.0,0.0,0.0,0.0,0.0,0.0,0.0,0.0,0.877982327
3789,NAM,Namibia,41781,"Legislators, senior officials and managers",Index,0.0,0.0,0.0,0.0,0.0,0.0,0.0,0.0,0.0,0.0,0.0,0.66387327
3790,NAM,Namibia,41782,Professional and technical workers,Index,0.0,0.0,0.0,0.0,0.0,0.0,0.0,0.0,0.0,0.0,0.0,1.0
3798,NAM,Namibia,41790,Women in ministerial positions,Index,0.0,0.0,0.0,0.0,0.0,0.0,0.0,0.0,0.0,0.0,0.0,0.31578947399999996
3805,NGA,Nigeria,28159,Global Gender Gap Economic Participation and Opportunity Subindex,Index,0.6116,0.6209,0.6459,0.6163,0.6044,0.5964,0.6299,0.6965,0.7064,0.691,0.7,0.6609999999999999
3825,NGA,Nigeria,41779,Labour force participation,Index,0.0,0.0,0.0,0.0,0.0,0.0,0.0,0.0,0.0,0.0,0.0,0.839732888
3826,NGA,Nigeria,41780,"Estimated earned income (PPP, US$)",Index,0.0,0.0,0.0,0.0,0.0,0.0,0.0,0.0,0.0,0.0,0.0,0.650643241
3827,NGA,Nigeria,41781,"Legislators, senior officials and managers",Index,0.0,0.0,0.0,0.0,0.0,0.0,0.0,0.0,0.0,0.0,0.0,0.281562771
3828,NGA,Nigeria,41782,Professional and technical workers,Index,0.0,0.0,0.0,0.0,0.0,0.0,0.0,0.0,0.0,0.0,0.0,0.636665081
3836,NGA,Nigeria,41790,Women in ministerial positions,Index,0.0,0.0,0.0,0.0,0.0,0.0,0.0,0.0,0.0,0.0,0.0,0.13636363599999998
4449,RWA,Rwanda,28159,Global Gender Gap Economic Participation and Opportunity Subindex,Index,0.0,0.0,0.0,0.0,0.0,0.0,0.0,0.0,0.7698,0.8079999999999999,0.8170000000000001,0.743
4469,RWA,Rwanda,41779,Labour force participation,Index,0.0,0.0,0.0,0.0,0.0,0.0,0.0,0.0,0.0,0.0,0.0,1.0
4470,RWA,Rwanda,41780,"Estimated earned income (PPP, US$)",Index,0.0,0.0,0.0,0.0,0.0,0.0,0.0,0.0,0.0,0.0,0.0,0.6765031029999999
4471,RWA,Rwanda,41781,"Legislators, senior officials and managers",Index,0.0,0.0,0.0,0.0,0.0,0.0,0.0,0.0,0.0,0.0,0.0,0.5692453710000001
4472,RWA,Rwanda,41782,Professional and technical workers,Index,0.0,0.0,0.0,0.0,0.0,0.0,0.0,0.0,0.0,0.0,0.0,0.6322664579999999
4480,RWA,Rwanda,41790,Women in ministerial positions,Index,0.0,0.0,0.0,0.0,0.0,0.0,0.0,0.0,0.0,0.0,0.0,0.9
4525,SEN,Senegal,28159,Global Gender Gap Economic Participation and Opportunity Subindex,Index,0.0,0.0,0.0,0.6379,0.6439,0.6884,0.6737,0.6401,0.6624,0.6779999999999999,0.628,0.564
4545,SEN,Senegal,41779,Labour force participation,Index,0.0,0.0,0.0,0.0,0.0,0.0,0.0,0.0,0.0,0.0,0.0,0.658298466
4546,SEN,Senegal,41780,"Estimated earned income (PPP, US$)",Index,0.0,0.0,0.0,0.0,0.0,0.0,0.0,0.0,0.0,0.0,0.0,0.503929726
4547,SEN,Senegal,41781,"Legislators, senior officials and managers",Index,0.0,0.0,0.0,0.0,0.0,0.0,0.0,0.0,0.0,0.0,0.0,0.301443549
4548,SEN,Senegal,41782,Professional and technical workers,Index,0.0,0.0,0.0,0.0,0.0,0.0,0.0,0.0,0.0,0.0,0.0,0.495916136
4556,SEN,Senegal,41790,Women in ministerial positions,Index,0.0,0.0,0.0,0.0,0.0,0.0,0.0,0.0,0.0,0.0,0.0,0.25
4599,SLE,Sierra Leone,28159,Global Gender Gap Economic Participation and Opportunity Subindex,Index,0.0,0.0,0.0,0.0,0.0,0.0,0.0,0.0,0.0,0.0,0.0,0.6859999999999999
4618,SLE,Sierra Leone,41779,Labour force participation,Index,0.0,0.0,0.0,0.0,0.0,0.0,0.0,0.0,0.0,0.0,0.0,0.9931972790000001
4619,SLE,Sierra Leone,41780,"Estimated earned income (PPP, US$)",Index,0.0,0.0,0.0,0.0,0.0,0.0,0.0,0.0,0.0,0.0,0.0,0.720714008
4620,SLE,Sierra Leone,41781,"Legislators, senior officials and managers",Index,0.0,0.0,0.0,0.0,0.0,0.0,0.0,0.0,0.0,0.0,0.0,0.609064802
4621,SLE,Sierra Leone,41782,Professional and technical workers,Index,0.0,0.0,0.0,0.0,0.0,0.0,0.0,0.0,0.0,0.0,0.0,0.46056151100000003
4628,SLE,Sierra Leone,41790,Women in ministerial positions,Index,0.0,0.0,0.0,0.0,0.0,0.0,0.0,0.0,0.0,0.0,0.0,0.16
4929,TCD,Chad,28159,Global Gender Gap Economic Participation and Opportunity Subindex,Index,0.6011,0.6523,0.6028,0.6474,0.6265,0.593,0.6772,0.6547,0.6645,0.6659999999999999,0.667,0.677
4947,TCD,Chad,41779,Labour force participation,Index,0.0,0.0,0.0,0.0,0.0,0.0,0.0,0.0,0.0,0.0,0.0,0.842377261
4948,TCD,Chad,41780,"Estimated earned income (PPP, US$)",Index,0.0,0.0,0.0,0.0,0.0,0.0,0.0,0.0,0.0,0.0,0.0,0.613322413
4956,TCD,Chad,41790,Women in ministerial positions,Index,0.0,0.0,0.0,0.0,0.0,0.0,0.0,0.0,0.0,0.0,0.0,0.166666667
4963,TGO,Togo,28159,Global Gender Gap Economic Participation and Opportunity Subindex,Index,0.0,0.0,0.0,0.0,0.0,0.0,0.0,0.0,0.0,0.0,0.0,0.61
4980,TGO,Togo,41779,Labour force participation,Index,0.0,0.0,0.0,0.0,0.0,0.0,0.0,0.0,0.0,0.0,0.0,0.967540574
4981,TGO,Togo,41781,"Legislators, senior officials and managers",Index,0.0,0.0,0.0,0.0,0.0,0.0,0.0,0.0,0.0,0.0,0.0,0.425358731
4982,TGO,Togo,41782,Professional and technical workers,Index,0.0,0.0,0.0,0.0,0.0,0.0,0.0,0.0,0.0,0.0,0.0,0.250452625
4990,TGO,Togo,41790,Women in ministerial positions,Index,0.0,0.0,0.0,0.0,0.0,0.0,0.0,0.0,0.0,0.0,0.0,0.25
5197,TZA,Tanzania,28159,Global Gender Gap Economic Participation and Opportunity Subindex,Index,0.8087,0.7796,0.7889,0.6824,0.6709999999999999,0.6571,0.6695,0.6635,0.7077,0.7090000000000001,0.674,0.6759999999999999
5217,TZA,Tanzania,41779,Labour force participation,Index,0.0,0.0,0.0,0.0,0.0,0.0,0.0,0.0,0.0,0.0,0.0,0.9184597959999999
5218,TZA,Tanzania,41780,"Estimated earned income (PPP, US$)",Index,0.0,0.0,0.0,0.0,0.0,0.0,0.0,0.0,0.0,0.0,0.0,0.7197092690000001
5219,TZA,Tanzania,41781,"Legislators, senior officials and managers",Index,0.0,0.0,0.0,0.0,0.0,0.0,0.0,0.0,0.0,0.0,0.0,0.303148265
5220,TZA,Tanzania,41782,Professional and technical workers,Index,0.0,0.0,0.0,0.0,0.0,0.0,0.0,0.0,0.0,0.0,0.0,0.755012482
5228,TZA,Tanzania,41790,Women in ministerial positions,Index,0.0,0.0,0.0,0.0,0.0,0.0,0.0,0.0,0.0,0.0,0.0,0.25
5235,UGA,Uganda,28159,Global Gender Gap Economic Participation and Opportunity Subindex,Index,0.6773,0.6763,0.6943,0.7256,0.7075,0.7088,0.7221,0.7285,0.6311,0.653,0.647,0.7
5255,UGA,Uganda,41779,Labour force participation,Index,0.0,0.0,0.0,0.0,0.0,0.0,0.0,0.0,0.0,0.0,0.0,0.899337748
5256,UGA,Uganda,41780,"Estimated earned income (PPP, US$)",Index,0.0,0.0,0.0,0.0,0.0,0.0,0.0,0.0,0.0,0.0,0.0,0.566829661
5257,UGA,Uganda,41781,"Legislators, senior officials and managers",Index,0.0,0.0,0.0,0.0,0.0,0.0,0.0,0.0,0.0,0.0,0.0,0.46541992299999996
5258,UGA,Uganda,41782,Professional and technical workers,Index,0.0,0.0,0.0,0.0,0.0,0.0,0.0,0.0,0.0,0.0,0.0,0.6977158290000001
5266,UGA,Uganda,41790,Women in ministerial positions,Index,0.0,0.0,0.0,0.0,0.0,0.0,0.0,0.0,0.0,0.0,0.0,0.578947368
5505,ZAF,South Africa,28159,Global Gender Gap Economic Participation and Opportunity Subindex,Index,0.5557,0.5856,0.5685,0.6629999999999999,0.6727,0.6653,0.6588,0.6505,0.6473,0.67,0.677,0.645
5525,ZAF,South Africa,41779,Labour force participation,Index,0.0,0.0,0.0,0.0,0.0,0.0,0.0,0.0,0.0,0.0,0.0,0.8006134970000001
5526,ZAF,South Africa,41780,"Estimated earned income (PPP, US$)",Index,0.0,0.0,0.0,0.0,0.0,0.0,0.0,0.0,0.0,0.0,0.0,0.580808058
5527,ZAF,South Africa,41781,"Legislators, senior officials and managers",Index,0.0,0.0,0.0,0.0,0.0,0.0,0.0,0.0,0.0,0.0,0.0,0.471899122
5528,ZAF,South Africa,41782,Professional and technical workers,Index,0.0,0.0,0.0,0.0,0.0,0.0,0.0,0.0,0.0,0.0,0.0,1.0
5536,ZAF,South Africa,41790,Women in ministerial positions,Index,0.0,0.0,0.0,0.0,0.0,0.0,0.0,0.0,0.0,0.0,0.0,0.7142857140000001
5553,ZWE,Zimbabwe,28159,Global Gender Gap Economic Participation and Opportunity Subindex,Index,0.6059,0.6037,0.6113,0.6178,0.6397,0.6503,0.0,0.0,0.713,0.7070000000000001,0.7140000000000001,0.73
5573,ZWE,Zimbabwe,41779,Labour force participation,Index,0.0,0.0,0.0,0.0,0.0,0.0,0.0,0.0,0.0,0.0,0.0,0.88320356
5574,ZWE,Zimbabwe,41780,"Estimated earned income (PPP, US$)",Index,0.0,0.0,0.0,0.0,0.0,0.0,0.0,0.0,0.0,0.0,0.0,0.7500866709999999
5575,ZWE,Zimbabwe,41781,"Legislators, senior officials and managers",Index,0.0,0.0,0.0,0.0,0.0,0.0,0.0,0.0,0.0,0.0,0.0,0.41076126799999996
5576,ZWE,Zimbabwe,41782,Professional and technical workers,Index,0.0,0.0,0.0,0.0,0.0,0.0,0.0,0.0,0.0,0.0,0.0,0.843542406
5584,ZWE,Zimbabwe,41790,Women in ministerial positions,Index,0.0,0.0,0.0,0.0,0.0,0.0,0.0,0.0,0.0,0.0,0.0,0.192307692
