,Country ISO3,Country Name,Indicator Id,Indicator,Subindicator Type,2006,2007,2008,2009,2010,2011,2012,2013,2014,2015,2016,2018
2,AGO,Angola,27961,Global Gender Gap Political Empowerment subindex,Index,0.0696,0.0696,0.0711,0.2007,0.2901,0.2898,0.0,0.2614,0.2402,0.251,0.251,0.20600000000000002
35,AGO,Angola,41789,Women in parliament,Index,0.0,0.0,0.0,0.0,0.0,0.0,0.0,0.0,0.0,0.0,0.0,0.437908497
36,AGO,Angola,41790,Women in ministerial positions,Index,0.0,0.0,0.0,0.0,0.0,0.0,0.0,0.0,0.0,0.0,0.0,0.28571428600000004
37,AGO,Angola,41791,Years with female head of state (last 50),Index,0.0,0.0,0.0,0.0,0.0,0.0,0.0,0.0,0.0,0.0,0.0,0.0
302,BDI,Burundi,27961,Global Gender Gap Political Empowerment subindex,Index,0.0,0.0,0.0,0.0,0.0,0.2477,0.2702,0.2702,0.2822,0.314,0.314,0.255
335,BDI,Burundi,41789,Women in parliament,Index,0.0,0.0,0.0,0.0,0.0,0.0,0.0,0.0,0.0,0.0,0.0,0.571428571
336,BDI,Burundi,41790,Women in ministerial positions,Index,0.0,0.0,0.0,0.0,0.0,0.0,0.0,0.0,0.0,0.0,0.0,0.294117647
337,BDI,Burundi,41791,Years with female head of state (last 50),Index,0.0,0.0,0.0,0.0,0.0,0.0,0.0,0.0,0.0,0.0,0.0,0.011752966
378,BEN,Benin,27961,Global Gender Gap Political Empowerment subindex,Index,0.08199999999999999,0.0864,0.1081,0.1081,0.0757,0.0664,0.1383,0.1383,0.0,0.067,0.067,0.065
407,BEN,Benin,41789,Women in parliament,Index,0.0,0.0,0.0,0.0,0.0,0.0,0.0,0.0,0.0,0.0,0.0,0.07792207799999999
408,BEN,Benin,41790,Women in ministerial positions,Index,0.0,0.0,0.0,0.0,0.0,0.0,0.0,0.0,0.0,0.0,0.0,0.166666667
409,BEN,Benin,41791,Years with female head of state (last 50),Index,0.0,0.0,0.0,0.0,0.0,0.0,0.0,0.0,0.0,0.0,0.0,0.0
412,BFA,Burkina Faso,27961,Global Gender Gap Political Empowerment subindex,Index,0.084,0.084,0.0971,0.0971,0.1098,0.1097,0.0897,0.0914,0.1117,0.083,0.068,0.075
445,BFA,Burkina Faso,41789,Women in parliament,Index,0.0,0.0,0.0,0.0,0.0,0.0,0.0,0.0,0.0,0.0,0.0,0.123893805
446,BFA,Burkina Faso,41790,Women in ministerial positions,Index,0.0,0.0,0.0,0.0,0.0,0.0,0.0,0.0,0.0,0.0,0.0,0.15
447,BFA,Burkina Faso,41791,Years with female head of state (last 50),Index,0.0,0.0,0.0,0.0,0.0,0.0,0.0,0.0,0.0,0.0,0.0,0.0
888,BWA,Botswana,27961,Global Gender Gap Political Empowerment subindex,Index,0.1287,0.1287,0.1338,0.1338,0.0597,0.0595,0.0353,0.0353,0.0679,0.068,0.068,0.079
921,BWA,Botswana,41789,Women in parliament,Index,0.0,0.0,0.0,0.0,0.0,0.0,0.0,0.0,0.0,0.0,0.0,0.10526315800000001
922,BWA,Botswana,41790,Women in ministerial positions,Index,0.0,0.0,0.0,0.0,0.0,0.0,0.0,0.0,0.0,0.0,0.0,0.1875
923,BWA,Botswana,41791,Years with female head of state (last 50),Index,0.0,0.0,0.0,0.0,0.0,0.0,0.0,0.0,0.0,0.0,0.0,0.0
1108,CMR,Cameroon,27961,Global Gender Gap Political Empowerment subindex,Index,0.0611,0.0611,0.0825,0.0825,0.0829,0.083,0.0902,0.0902,0.0,0.18,0.18,0.191
1141,CMR,Cameroon,41789,Women in parliament,Index,0.0,0.0,0.0,0.0,0.0,0.0,0.0,0.0,0.0,0.0,0.0,0.45161290299999995
1142,CMR,Cameroon,41790,Women in ministerial positions,Index,0.0,0.0,0.0,0.0,0.0,0.0,0.0,0.0,0.0,0.0,0.0,0.20588235300000002
1143,CMR,Cameroon,41791,Years with female head of state (last 50),Index,0.0,0.0,0.0,0.0,0.0,0.0,0.0,0.0,0.0,0.0,0.0,0.0
1704,ETH,Ethiopia,27961,Global Gender Gap Political Empowerment subindex,Index,0.1023,0.1023,0.1129,0.1129,0.1021,0.139,0.1457,0.1457,0.1563,0.23199999999999998,0.231,0.223
1737,ETH,Ethiopia,41789,Women in parliament,Index,0.0,0.0,0.0,0.0,0.0,0.0,0.0,0.0,0.0,0.0,0.0,0.632835821
1738,ETH,Ethiopia,41790,Women in ministerial positions,Index,0.0,0.0,0.0,0.0,0.0,0.0,0.0,0.0,0.0,0.0,0.0,0.111111111
1739,ETH,Ethiopia,41791,Years with female head of state (last 50),Index,0.0,0.0,0.0,0.0,0.0,0.0,0.0,0.0,0.0,0.0,0.0,0.0
1928,GHA,Ghana,27961,Global Gender Gap Political Empowerment subindex,Index,0.071,0.071,0.0847,0.0733,0.0961,0.0962,0.0839,0.0937,0.1097,0.11199999999999999,0.11199999999999999,0.09699999999999999
1961,GHA,Ghana,41789,Women in parliament,Index,0.0,0.0,0.0,0.0,0.0,0.0,0.0,0.0,0.0,0.0,0.0,0.145833333
1962,GHA,Ghana,41790,Women in ministerial positions,Index,0.0,0.0,0.0,0.0,0.0,0.0,0.0,0.0,0.0,0.0,0.0,0.21052631600000002
1963,GHA,Ghana,41791,Years with female head of state (last 50),Index,0.0,0.0,0.0,0.0,0.0,0.0,0.0,0.0,0.0,0.0,0.0,0.0
1966,GIN,Guinea,27961,Global Gender Gap Political Empowerment subindex,Index,0.0,0.0,0.0,0.0,0.0,0.0,0.0,0.0,0.1296,0.13,0.13,0.162
1995,GIN,Guinea,41789,Women in parliament,Index,0.0,0.0,0.0,0.0,0.0,0.0,0.0,0.0,0.0,0.0,0.0,0.280898876
1996,GIN,Guinea,41790,Women in ministerial positions,Index,0.0,0.0,0.0,0.0,0.0,0.0,0.0,0.0,0.0,0.0,0.0,0.304347826
1997,GIN,Guinea,41791,Years with female head of state (last 50),Index,0.0,0.0,0.0,0.0,0.0,0.0,0.0,0.0,0.0,0.0,0.0,0.0
2682,KEN,Kenya,27961,Global Gender Gap Political Empowerment subindex,Index,0.0528,0.0528,0.0319,0.0447,0.0774,0.0773,0.0786,0.1157,0.1969,0.182,0.182,0.159
2711,KEN,Kenya,41789,Women in parliament,Index,0.0,0.0,0.0,0.0,0.0,0.0,0.0,0.0,0.0,0.0,0.0,0.278388278
2712,KEN,Kenya,41790,Women in ministerial positions,Index,0.0,0.0,0.0,0.0,0.0,0.0,0.0,0.0,0.0,0.0,0.0,0.294117647
2713,KEN,Kenya,41791,Years with female head of state (last 50),Index,0.0,0.0,0.0,0.0,0.0,0.0,0.0,0.0,0.0,0.0,0.0,0.0
2944,LBR,Liberia,27961,Global Gender Gap Political Empowerment subindex,Index,0.0,0.0,0.0,0.0,0.0,0.0,0.0,0.0,0.2062,0.21600000000000003,0.23,0.23600000000000002
2977,LBR,Liberia,41789,Women in parliament,Index,0.0,0.0,0.0,0.0,0.0,0.0,0.0,0.0,0.0,0.0,0.0,0.140625
2978,LBR,Liberia,41790,Women in ministerial positions,Index,0.0,0.0,0.0,0.0,0.0,0.0,0.0,0.0,0.0,0.0,0.0,0.1875
2979,LBR,Liberia,41791,Years with female head of state (last 50),Index,0.0,0.0,0.0,0.0,0.0,0.0,0.0,0.0,0.0,0.0,0.0,0.328818989
3020,LSO,Lesotho,27961,Global Gender Gap Political Empowerment subindex,Index,0.1362,0.1903,0.2173,0.2173,0.2128,0.213,0.2474,0.257,0.1813,0.172,0.172,0.14300000000000002
3053,LSO,Lesotho,41789,Women in parliament,Index,0.0,0.0,0.0,0.0,0.0,0.0,0.0,0.0,0.0,0.0,0.0,0.284210526
3054,LSO,Lesotho,41790,Women in ministerial positions,Index,0.0,0.0,0.0,0.0,0.0,0.0,0.0,0.0,0.0,0.0,0.0,0.222222222
3055,LSO,Lesotho,41791,Years with female head of state (last 50),Index,0.0,0.0,0.0,0.0,0.0,0.0,0.0,0.0,0.0,0.0,0.0,0.0
3248,MDG,Madagascar,27961,Global Gender Gap Political Empowerment subindex,Index,0.0385,0.0385,0.0619,0.0675,0.0821,0.0957,0.1547,0.1547,0.2056,0.142,0.142,0.127
3279,MDG,Madagascar,41789,Women in parliament,Index,0.0,0.0,0.0,0.0,0.0,0.0,0.0,0.0,0.0,0.0,0.0,0.23770491800000002
3280,MDG,Madagascar,41790,Women in ministerial positions,Index,0.0,0.0,0.0,0.0,0.0,0.0,0.0,0.0,0.0,0.0,0.0,0.21739130399999998
3281,MDG,Madagascar,41791,Years with female head of state (last 50),Index,0.0,0.0,0.0,0.0,0.0,0.0,0.0,0.0,0.0,0.0,0.0,0.00010960100000000001
3392,MLI,Mali,27961,Global Gender Gap Political Empowerment subindex,Index,0.0913,0.0913,0.1093,0.1093,0.1026,0.1048,0.0835,0.0769,0.0755,0.086,0.086,0.11800000000000001
3425,MLI,Mali,41789,Women in parliament,Index,0.0,0.0,0.0,0.0,0.0,0.0,0.0,0.0,0.0,0.0,0.0,0.097014925
3426,MLI,Mali,41790,Women in ministerial positions,Index,0.0,0.0,0.0,0.0,0.0,0.0,0.0,0.0,0.0,0.0,0.0,0.32
3427,MLI,Mali,41791,Years with female head of state (last 50),Index,0.0,0.0,0.0,0.0,0.0,0.0,0.0,0.0,0.0,0.0,0.0,0.019780957
3580,MOZ,Mozambique,27961,Global Gender Gap Political Empowerment subindex,Index,0.0,0.2256,0.2948,0.3047,0.3455,0.3457,0.3533,0.3533,0.3581,0.361,0.361,0.34
3613,MOZ,Mozambique,41789,Women in parliament,Index,0.0,0.0,0.0,0.0,0.0,0.0,0.0,0.0,0.0,0.0,0.0,0.655629139
3614,MOZ,Mozambique,41790,Women in ministerial positions,Index,0.0,0.0,0.0,0.0,0.0,0.0,0.0,0.0,0.0,0.0,0.0,0.3125
3615,MOZ,Mozambique,41791,Years with female head of state (last 50),Index,0.0,0.0,0.0,0.0,0.0,0.0,0.0,0.0,0.0,0.0,0.0,0.13424487300000001
3652,MUS,Mauritius,27961,Global Gender Gap Political Empowerment subindex,Index,0.0854,0.0854,0.0914,0.0914,0.0909,0.0992,0.0954,0.0959,0.0971,0.078,0.087,0.09699999999999999
3685,MUS,Mauritius,41789,Women in parliament,Index,0.0,0.0,0.0,0.0,0.0,0.0,0.0,0.0,0.0,0.0,0.0,0.131147541
3686,MUS,Mauritius,41790,Women in ministerial positions,Index,0.0,0.0,0.0,0.0,0.0,0.0,0.0,0.0,0.0,0.0,0.0,0.111111111
3687,MUS,Mauritius,41791,Years with female head of state (last 50),Index,0.0,0.0,0.0,0.0,0.0,0.0,0.0,0.0,0.0,0.0,0.0,0.066253798
3690,MWI,Malawi,27961,Global Gender Gap Political Empowerment subindex,Index,0.09,0.09,0.1235,0.1586,0.1742,0.174,0.1569,0.166,0.225,0.113,0.113,0.152
3723,MWI,Malawi,41789,Women in parliament,Index,0.0,0.0,0.0,0.0,0.0,0.0,0.0,0.0,0.0,0.0,0.0,0.2
3724,MWI,Malawi,41790,Women in ministerial positions,Index,0.0,0.0,0.0,0.0,0.0,0.0,0.0,0.0,0.0,0.0,0.0,0.28571428600000004
3725,MWI,Malawi,41791,Years with female head of state (last 50),Index,0.0,0.0,0.0,0.0,0.0,0.0,0.0,0.0,0.0,0.0,0.0,0.044887209000000004
3764,NAM,Namibia,27961,Global Gender Gap Political Empowerment subindex,Index,0.172,0.172,0.1964,0.1964,0.1918,0.17800000000000002,0.1727,0.1727,0.1755,0.287,0.299,0.375
3797,NAM,Namibia,41789,Women in parliament,Index,0.0,0.0,0.0,0.0,0.0,0.0,0.0,0.0,0.0,0.0,0.0,0.857142857
3798,NAM,Namibia,41790,Women in ministerial positions,Index,0.0,0.0,0.0,0.0,0.0,0.0,0.0,0.0,0.0,0.0,0.0,0.31578947399999996
3799,NAM,Namibia,41791,Years with female head of state (last 50),Index,0.0,0.0,0.0,0.0,0.0,0.0,0.0,0.0,0.0,0.0,0.0,0.070192928
3802,NGA,Nigeria,27961,Global Gender Gap Political Empowerment subindex,Index,0.0486,0.0519,0.096,0.096,0.0497,0.0384,0.1193,0.11900000000000001,0.1045,0.09699999999999999,0.09699999999999999,0.052000000000000005
3835,NGA,Nigeria,41789,Women in parliament,Index,0.0,0.0,0.0,0.0,0.0,0.0,0.0,0.0,0.0,0.0,0.0,0.058823529000000006
3836,NGA,Nigeria,41790,Women in ministerial positions,Index,0.0,0.0,0.0,0.0,0.0,0.0,0.0,0.0,0.0,0.0,0.0,0.13636363599999998
3837,NGA,Nigeria,41791,Years with female head of state (last 50),Index,0.0,0.0,0.0,0.0,0.0,0.0,0.0,0.0,0.0,0.0,0.0,0.0
4446,RWA,Rwanda,27961,Global Gender Gap Political Empowerment subindex,Index,0.0,0.0,0.0,0.0,0.0,0.0,0.0,0.0,0.4762,0.452,0.452,0.539
4479,RWA,Rwanda,41789,Women in parliament,Index,0.0,0.0,0.0,0.0,0.0,0.0,0.0,0.0,0.0,0.0,0.0,1.0
4480,RWA,Rwanda,41790,Women in ministerial positions,Index,0.0,0.0,0.0,0.0,0.0,0.0,0.0,0.0,0.0,0.0,0.0,0.9
4481,RWA,Rwanda,41791,Years with female head of state (last 50),Index,0.0,0.0,0.0,0.0,0.0,0.0,0.0,0.0,0.0,0.0,0.0,0.014621671000000001
4522,SEN,Senegal,27961,Global Gender Gap Political Empowerment subindex,Index,0.0,0.0,0.0,0.1411,0.1274,0.1429,0.1887,0.3286,0.3077,0.316,0.316,0.308
4555,SEN,Senegal,41789,Women in parliament,Index,0.0,0.0,0.0,0.0,0.0,0.0,0.0,0.0,0.0,0.0,0.0,0.71875
4556,SEN,Senegal,41790,Women in ministerial positions,Index,0.0,0.0,0.0,0.0,0.0,0.0,0.0,0.0,0.0,0.0,0.0,0.25
4557,SEN,Senegal,41791,Years with female head of state (last 50),Index,0.0,0.0,0.0,0.0,0.0,0.0,0.0,0.0,0.0,0.0,0.0,0.053147902000000004
4596,SLE,Sierra Leone,27961,Global Gender Gap Political Empowerment subindex,Index,0.0,0.0,0.0,0.0,0.0,0.0,0.0,0.0,0.0,0.0,0.0,0.083
4627,SLE,Sierra Leone,41789,Women in parliament,Index,0.0,0.0,0.0,0.0,0.0,0.0,0.0,0.0,0.0,0.0,0.0,0.140625
4628,SLE,Sierra Leone,41790,Women in ministerial positions,Index,0.0,0.0,0.0,0.0,0.0,0.0,0.0,0.0,0.0,0.0,0.0,0.16
4629,SLE,Sierra Leone,41791,Years with female head of state (last 50),Index,0.0,0.0,0.0,0.0,0.0,0.0,0.0,0.0,0.0,0.0,0.0,0.0
4926,TCD,Chad,27961,Global Gender Gap Political Empowerment subindex,Index,0.0537,0.0537,0.0685,0.0685,0.0352,0.0638,0.0796,0.0883,0.0983,0.09300000000000001,0.09300000000000001,0.09699999999999999
4955,TCD,Chad,41789,Women in parliament,Index,0.0,0.0,0.0,0.0,0.0,0.0,0.0,0.0,0.0,0.0,0.0,0.18
4956,TCD,Chad,41790,Women in ministerial positions,Index,0.0,0.0,0.0,0.0,0.0,0.0,0.0,0.0,0.0,0.0,0.0,0.166666667
4957,TCD,Chad,41791,Years with female head of state (last 50),Index,0.0,0.0,0.0,0.0,0.0,0.0,0.0,0.0,0.0,0.0,0.0,0.0
4960,TGO,Togo,27961,Global Gender Gap Political Empowerment subindex,Index,0.0,0.0,0.0,0.0,0.0,0.0,0.0,0.0,0.0,0.0,0.0,0.128
4989,TGO,Togo,41789,Women in parliament,Index,0.0,0.0,0.0,0.0,0.0,0.0,0.0,0.0,0.0,0.0,0.0,0.213333333
4990,TGO,Togo,41790,Women in ministerial positions,Index,0.0,0.0,0.0,0.0,0.0,0.0,0.0,0.0,0.0,0.0,0.0,0.25
4991,TGO,Togo,41791,Years with female head of state (last 50),Index,0.0,0.0,0.0,0.0,0.0,0.0,0.0,0.0,0.0,0.0,0.0,0.0
5194,TZA,Tanzania,27961,Global Gender Gap Political Empowerment subindex,Index,0.1803,0.1803,0.1998,0.1998,0.228,0.2653,0.2684,0.2684,0.3173,0.292,0.29600000000000004,0.245
5227,TZA,Tanzania,41789,Women in parliament,Index,0.0,0.0,0.0,0.0,0.0,0.0,0.0,0.0,0.0,0.0,0.0,0.591836735
5228,TZA,Tanzania,41790,Women in ministerial positions,Index,0.0,0.0,0.0,0.0,0.0,0.0,0.0,0.0,0.0,0.0,0.0,0.25
5229,TZA,Tanzania,41791,Years with female head of state (last 50),Index,0.0,0.0,0.0,0.0,0.0,0.0,0.0,0.0,0.0,0.0,0.0,0.0
5232,UGA,Uganda,27961,Global Gender Gap Political Empowerment subindex,Index,0.207,0.207,0.2333,0.2333,0.2586,0.2824,0.2839,0.2839,0.2837,0.271,0.26,0.305
5265,UGA,Uganda,41789,Women in parliament,Index,0.0,0.0,0.0,0.0,0.0,0.0,0.0,0.0,0.0,0.0,0.0,0.522033898
5266,UGA,Uganda,41790,Women in ministerial positions,Index,0.0,0.0,0.0,0.0,0.0,0.0,0.0,0.0,0.0,0.0,0.0,0.578947368
5267,UGA,Uganda,41791,Years with female head of state (last 50),Index,0.0,0.0,0.0,0.0,0.0,0.0,0.0,0.0,0.0,0.0,0.0,0.0
5502,ZAF,South Africa,27961,Global Gender Gap Political Empowerment subindex,Index,0.3258,0.3258,0.3534,0.4492,0.3773,0.3773,0.3919,0.3919,0.3969,0.4,0.40399999999999997,0.40399999999999997
5535,ZAF,South Africa,41789,Women in parliament,Index,0.0,0.0,0.0,0.0,0.0,0.0,0.0,0.0,0.0,0.0,0.0,0.7336244540000001
5536,ZAF,South Africa,41790,Women in ministerial positions,Index,0.0,0.0,0.0,0.0,0.0,0.0,0.0,0.0,0.0,0.0,0.0,0.7142857140000001
5537,ZAF,South Africa,41791,Years with female head of state (last 50),Index,0.0,0.0,0.0,0.0,0.0,0.0,0.0,0.0,0.0,0.0,0.0,5.47975e-05
5550,ZWE,Zimbabwe,27961,Global Gender Gap Political Empowerment subindex,Index,0.1016,0.1047,0.0964,0.1036,0.111,0.1112,0.0,0.0,0.1732,0.175,0.175,0.19
5583,ZWE,Zimbabwe,41789,Women in parliament,Index,0.0,0.0,0.0,0.0,0.0,0.0,0.0,0.0,0.0,0.0,0.0,0.45945945899999996
5584,ZWE,Zimbabwe,41790,Women in ministerial positions,Index,0.0,0.0,0.0,0.0,0.0,0.0,0.0,0.0,0.0,0.0,0.0,0.192307692
5585,ZWE,Zimbabwe,41791,Years with female head of state (last 50),Index,0.0,0.0,0.0,0.0,0.0,0.0,0.0,0.0,0.0,0.0,0.0,0.0
