[{"id": "ALB", "data": [{"x": 1990, "y": 0.0}, {"x": 1991, "y": 0.0}, {"x": 1992, "y": 0.0}, {"x": 1993, "y": 0.0}, {"x": 1994, "y": 0.0}, {"x": 1995, "y": 0.0}, {"x": 1996, "y": 0.0}, {"x": 1997, "y": 0.0}, {"x": 1998, "y": 0.0}, {"x": 1999, "y": 0.0}, {"x": 2000, "y": 0.0}, {"x": 2001, "y": 0.0}, {"x": 2002, "y": 0.0}, {"x": 2003, "y": 0.0}, {"x": 2004, "y": 0.0}, {"x": 2005, "y": 0.0}, {"x": 2006, "y": 0.0}, {"x": 2007, "y": 0.0}, {"x": 2008, "y": 0.0}, {"x": 2009, "y": 22.5}, {"x": 2010, "y": 0.0}, {"x": 2011, "y": 0.0}, {"x": 2012, "y": 14.7}, {"x": 2013, "y": 29.3}, {"x": 2014, "y": 0.0}, {"x": 2015, "y": 0.0}, {"x": 2016, "y": 0.0}, {"x": 2017, "y": 0.0}, {"x": 9999, "y": 29.3}]}, {"id": "ARG", "data": [{"x": 1990, "y": 0.0}, {"x": 1991, "y": 0.0}, {"x": 1992, "y": 0.0}, {"x": 1993, "y": 0.0}, {"x": 1994, "y": 0.0}, {"x": 1995, "y": 0.0}, {"x": 1996, "y": 0.0}, {"x": 1997, "y": 0.0}, {"x": 1998, "y": 0.0}, {"x": 1999, "y": 0.0}, {"x": 2000, "y": 0.0}, {"x": 2001, "y": 0.0}, {"x": 2002, "y": 0.0}, {"x": 2003, "y": 0.0}, {"x": 2004, "y": 0.0}, {"x": 2005, "y": 0.0}, {"x": 2006, "y": 0.0}, {"x": 2007, "y": 0.0}, {"x": 2008, "y": 0.0}, {"x": 2009, "y": 0.0}, {"x": 2010, "y": 30.8}, {"x": 2011, "y": 33.1}, {"x": 2012, "y": 33.7}, {"x": 2013, "y": 35.2}, {"x": 2014, "y": 39.8}, {"x": 2015, "y": 0.0}, {"x": 2016, "y": 0.0}, {"x": 2017, "y": 0.0}, {"x": 9999, "y": 39.8}]}, {"id": "AUS", "data": [{"x": 1990, "y": 0.0}, {"x": 1991, "y": 21.6}, {"x": 1992, "y": 0.0}, {"x": 1993, "y": 0.0}, {"x": 1994, "y": 0.0}, {"x": 1995, "y": 24.0}, {"x": 1996, "y": 0.0}, {"x": 1997, "y": 0.0}, {"x": 1998, "y": 0.0}, {"x": 1999, "y": 0.0}, {"x": 2000, "y": 22.9}, {"x": 2001, "y": 0.0}, {"x": 2002, "y": 0.0}, {"x": 2003, "y": 0.0}, {"x": 2004, "y": 0.0}, {"x": 2005, "y": 28.3}, {"x": 2006, "y": 28.6}, {"x": 2007, "y": 29.3}, {"x": 2008, "y": 30.7}, {"x": 2009, "y": 30.5}, {"x": 2010, "y": 29.7}, {"x": 2011, "y": 31.7}, {"x": 2012, "y": 31.1}, {"x": 2013, "y": 31.6}, {"x": 2014, "y": 32.3}, {"x": 2015, "y": 33.2}, {"x": 2016, "y": 32.6}, {"x": 2017, "y": 0.0}, {"x": 9999, "y": 32.6}]}, {"id": "AUT", "data": [{"x": 1990, "y": 0.0}, {"x": 1991, "y": 0.0}, {"x": 1992, "y": 0.0}, {"x": 1993, "y": 0.0}, {"x": 1994, "y": 0.0}, {"x": 1995, "y": 23.7}, {"x": 1996, "y": 0.0}, {"x": 1997, "y": 0.0}, {"x": 1998, "y": 0.0}, {"x": 1999, "y": 0.0}, {"x": 2000, "y": 28.1}, {"x": 2001, "y": 0.0}, {"x": 2002, "y": 0.0}, {"x": 2003, "y": 0.0}, {"x": 2004, "y": 0.0}, {"x": 2005, "y": 21.5}, {"x": 2006, "y": 21.0}, {"x": 2007, "y": 21.0}, {"x": 2008, "y": 25.2}, {"x": 2009, "y": 23.3}, {"x": 2010, "y": 25.4}, {"x": 2011, "y": 26.1}, {"x": 2012, "y": 27.1}, {"x": 2013, "y": 26.3}, {"x": 2014, "y": 27.9}, {"x": 2015, "y": 27.9}, {"x": 2016, "y": 29.5}, {"x": 2017, "y": 0.0}, {"x": 9999, "y": 29.5}]}, {"id": "BEL", "data": [{"x": 1990, "y": 0.0}, {"x": 1991, "y": 0.0}, {"x": 1992, "y": 0.0}, {"x": 1993, "y": 0.0}, {"x": 1994, "y": 0.0}, {"x": 1995, "y": 23.1}, {"x": 1996, "y": 0.0}, {"x": 1997, "y": 0.0}, {"x": 1998, "y": 0.0}, {"x": 1999, "y": 0.0}, {"x": 2000, "y": 24.5}, {"x": 2001, "y": 0.0}, {"x": 2002, "y": 0.0}, {"x": 2003, "y": 0.0}, {"x": 2004, "y": 0.0}, {"x": 2005, "y": 30.2}, {"x": 2006, "y": 31.1}, {"x": 2007, "y": 33.5}, {"x": 2008, "y": 31.9}, {"x": 2009, "y": 34.6}, {"x": 2010, "y": 34.8}, {"x": 2011, "y": 30.5}, {"x": 2012, "y": 31.7}, {"x": 2013, "y": 30.8}, {"x": 2014, "y": 31.3}, {"x": 2015, "y": 31.0}, {"x": 2016, "y": 32.0}, {"x": 2017, "y": 0.0}, {"x": 9999, "y": 32.0}]}, {"id": "BGR", "data": [{"x": 1990, "y": 0.0}, {"x": 1991, "y": 0.0}, {"x": 1992, "y": 0.0}, {"x": 1993, "y": 0.0}, {"x": 1994, "y": 0.0}, {"x": 1995, "y": 0.0}, {"x": 1996, "y": 0.0}, {"x": 1997, "y": 0.0}, {"x": 1998, "y": 0.0}, {"x": 1999, "y": 0.0}, {"x": 2000, "y": 37.5}, {"x": 2001, "y": 0.0}, {"x": 2002, "y": 0.0}, {"x": 2003, "y": 0.0}, {"x": 2004, "y": 0.0}, {"x": 2005, "y": 40.6}, {"x": 2006, "y": 37.6}, {"x": 2007, "y": 36.4}, {"x": 2008, "y": 36.5}, {"x": 2009, "y": 35.8}, {"x": 2010, "y": 38.6}, {"x": 2011, "y": 37.0}, {"x": 2012, "y": 35.5}, {"x": 2013, "y": 36.0}, {"x": 2014, "y": 35.4}, {"x": 2015, "y": 37.4}, {"x": 2016, "y": 39.3}, {"x": 2017, "y": 0.0}, {"x": 9999, "y": 39.3}]}, {"id": "BIH", "data": [{"x": 1990, "y": 0.0}, {"x": 1991, "y": 0.0}, {"x": 1992, "y": 0.0}, {"x": 1993, "y": 0.0}, {"x": 1994, "y": 0.0}, {"x": 1995, "y": 0.0}, {"x": 1996, "y": 0.0}, {"x": 1997, "y": 0.0}, {"x": 1998, "y": 0.0}, {"x": 1999, "y": 0.0}, {"x": 2000, "y": 0.0}, {"x": 2001, "y": 0.0}, {"x": 2002, "y": 0.0}, {"x": 2003, "y": 0.0}, {"x": 2004, "y": 0.0}, {"x": 2005, "y": 0.0}, {"x": 2006, "y": 0.0}, {"x": 2007, "y": 0.0}, {"x": 2008, "y": 0.0}, {"x": 2009, "y": 0.0}, {"x": 2010, "y": 0.0}, {"x": 2011, "y": 0.0}, {"x": 2012, "y": 0.0}, {"x": 2013, "y": 0.0}, {"x": 2014, "y": 24.2}, {"x": 2015, "y": 24.2}, {"x": 2016, "y": 0.0}, {"x": 2017, "y": 0.0}, {"x": 9999, "y": 24.2}]}, {"id": "BLR", "data": [{"x": 1990, "y": 0.0}, {"x": 1991, "y": 0.0}, {"x": 1992, "y": 0.0}, {"x": 1993, "y": 0.0}, {"x": 1994, "y": 0.0}, {"x": 1995, "y": 0.0}, {"x": 1996, "y": 0.0}, {"x": 1997, "y": 0.0}, {"x": 1998, "y": 0.0}, {"x": 1999, "y": 0.0}, {"x": 2000, "y": 0.0}, {"x": 2001, "y": 0.0}, {"x": 2002, "y": 0.0}, {"x": 2003, "y": 0.0}, {"x": 2004, "y": 0.0}, {"x": 2005, "y": 0.0}, {"x": 2006, "y": 0.0}, {"x": 2007, "y": 0.0}, {"x": 2008, "y": 0.0}, {"x": 2009, "y": 47.0}, {"x": 2010, "y": 0.0}, {"x": 2011, "y": 0.0}, {"x": 2012, "y": 0.0}, {"x": 2013, "y": 0.0}, {"x": 2014, "y": 0.0}, {"x": 2015, "y": 0.0}, {"x": 2016, "y": 0.0}, {"x": 2017, "y": 0.0}, {"x": 9999, "y": 47.0}]}, {"id": "BLZ", "data": [{"x": 1990, "y": 0.0}, {"x": 1991, "y": 0.0}, {"x": 1992, "y": 0.0}, {"x": 1993, "y": 0.0}, {"x": 1994, "y": 0.0}, {"x": 1995, "y": 0.0}, {"x": 1996, "y": 0.0}, {"x": 1997, "y": 0.0}, {"x": 1998, "y": 0.0}, {"x": 1999, "y": 0.0}, {"x": 2000, "y": 0.0}, {"x": 2001, "y": 0.0}, {"x": 2002, "y": 0.0}, {"x": 2003, "y": 0.0}, {"x": 2004, "y": 0.0}, {"x": 2005, "y": 0.0}, {"x": 2006, "y": 0.0}, {"x": 2007, "y": 0.0}, {"x": 2008, "y": 0.0}, {"x": 2009, "y": 0.0}, {"x": 2010, "y": 0.0}, {"x": 2011, "y": 0.0}, {"x": 2012, "y": 0.0}, {"x": 2013, "y": 0.0}, {"x": 2014, "y": 0.0}, {"x": 2015, "y": 36.6}, {"x": 2016, "y": 36.4}, {"x": 2017, "y": 0.0}, {"x": 9999, "y": 36.4}]}, {"id": "BRA", "data": [{"x": 1990, "y": 0.0}, {"x": 1991, "y": 0.0}, {"x": 1992, "y": 0.0}, {"x": 1993, "y": 0.0}, {"x": 1994, "y": 0.0}, {"x": 1995, "y": 0.0}, {"x": 1996, "y": 0.0}, {"x": 1997, "y": 0.0}, {"x": 1998, "y": 0.0}, {"x": 1999, "y": 0.0}, {"x": 2000, "y": 0.0}, {"x": 2001, "y": 0.0}, {"x": 2002, "y": 0.0}, {"x": 2003, "y": 0.0}, {"x": 2004, "y": 0.0}, {"x": 2005, "y": 0.0}, {"x": 2006, "y": 0.0}, {"x": 2007, "y": 0.0}, {"x": 2008, "y": 0.0}, {"x": 2009, "y": 0.0}, {"x": 2010, "y": 0.0}, {"x": 2011, "y": 0.0}, {"x": 2012, "y": 36.4}, {"x": 2013, "y": 37.0}, {"x": 2014, "y": 37.4}, {"x": 2015, "y": 38.0}, {"x": 2016, "y": 38.2}, {"x": 2017, "y": 38.8}, {"x": 9999, "y": 38.8}]}, {"id": "BRN", "data": [{"x": 1990, "y": 0.0}, {"x": 1991, "y": 0.0}, {"x": 1992, "y": 0.0}, {"x": 1993, "y": 0.0}, {"x": 1994, "y": 0.0}, {"x": 1995, "y": 0.0}, {"x": 1996, "y": 0.0}, {"x": 1997, "y": 0.0}, {"x": 1998, "y": 0.0}, {"x": 1999, "y": 0.0}, {"x": 2000, "y": 0.0}, {"x": 2001, "y": 0.0}, {"x": 2002, "y": 0.0}, {"x": 2003, "y": 0.0}, {"x": 2004, "y": 0.0}, {"x": 2005, "y": 0.0}, {"x": 2006, "y": 0.0}, {"x": 2007, "y": 0.0}, {"x": 2008, "y": 0.0}, {"x": 2009, "y": 0.0}, {"x": 2010, "y": 0.0}, {"x": 2011, "y": 0.0}, {"x": 2012, "y": 0.0}, {"x": 2013, "y": 0.0}, {"x": 2014, "y": 32.5}, {"x": 2015, "y": 0.0}, {"x": 2016, "y": 0.0}, {"x": 2017, "y": 0.0}, {"x": 9999, "y": 32.5}]}, {"id": "CHE", "data": [{"x": 1990, "y": 0.0}, {"x": 1991, "y": 0.0}, {"x": 1992, "y": 0.0}, {"x": 1993, "y": 0.0}, {"x": 1994, "y": 0.0}, {"x": 1995, "y": 0.0}, {"x": 1996, "y": 0.0}, {"x": 1997, "y": 0.0}, {"x": 1998, "y": 0.0}, {"x": 1999, "y": 0.0}, {"x": 2000, "y": 16.1}, {"x": 2001, "y": 0.0}, {"x": 2002, "y": 0.0}, {"x": 2003, "y": 0.0}, {"x": 2004, "y": 0.0}, {"x": 2005, "y": 0.0}, {"x": 2006, "y": 0.0}, {"x": 2007, "y": 0.0}, {"x": 2008, "y": 0.0}, {"x": 2009, "y": 0.0}, {"x": 2010, "y": 0.0}, {"x": 2011, "y": 31.7}, {"x": 2012, "y": 31.8}, {"x": 2013, "y": 31.8}, {"x": 2014, "y": 31.9}, {"x": 2015, "y": 33.7}, {"x": 2016, "y": 34.0}, {"x": 2017, "y": 0.0}, {"x": 9999, "y": 34.0}]}, {"id": "CRI", "data": [{"x": 1990, "y": 0.0}, {"x": 1991, "y": 0.0}, {"x": 1992, "y": 0.0}, {"x": 1993, "y": 0.0}, {"x": 1994, "y": 0.0}, {"x": 1995, "y": 0.0}, {"x": 1996, "y": 0.0}, {"x": 1997, "y": 0.0}, {"x": 1998, "y": 0.0}, {"x": 1999, "y": 0.0}, {"x": 2000, "y": 0.0}, {"x": 2001, "y": 0.0}, {"x": 2002, "y": 0.0}, {"x": 2003, "y": 0.0}, {"x": 2004, "y": 0.0}, {"x": 2005, "y": 0.0}, {"x": 2006, "y": 0.0}, {"x": 2007, "y": 0.0}, {"x": 2008, "y": 0.0}, {"x": 2009, "y": 0.0}, {"x": 2010, "y": 29.7}, {"x": 2011, "y": 0.0}, {"x": 2012, "y": 29.2}, {"x": 2013, "y": 36.6}, {"x": 2014, "y": 0.0}, {"x": 2015, "y": 0.0}, {"x": 2016, "y": 0.0}, {"x": 2017, "y": 0.0}, {"x": 9999, "y": 36.6}]}, {"id": "CYP", "data": [{"x": 1990, "y": 0.0}, {"x": 1991, "y": 0.0}, {"x": 1992, "y": 0.0}, {"x": 1993, "y": 0.0}, {"x": 1994, "y": 0.0}, {"x": 1995, "y": 0.0}, {"x": 1996, "y": 0.0}, {"x": 1997, "y": 0.0}, {"x": 1998, "y": 0.0}, {"x": 1999, "y": 0.0}, {"x": 2000, "y": 18.5}, {"x": 2001, "y": 0.0}, {"x": 2002, "y": 0.0}, {"x": 2003, "y": 0.0}, {"x": 2004, "y": 0.0}, {"x": 2005, "y": 17.1}, {"x": 2006, "y": 17.2}, {"x": 2007, "y": 17.7}, {"x": 2008, "y": 20.4}, {"x": 2009, "y": 13.8}, {"x": 2010, "y": 14.3}, {"x": 2011, "y": 14.7}, {"x": 2012, "y": 16.4}, {"x": 2013, "y": 18.7}, {"x": 2014, "y": 18.1}, {"x": 2015, "y": 25.2}, {"x": 2016, "y": 27.0}, {"x": 2017, "y": 0.0}, {"x": 9999, "y": 27.0}]}, {"id": "CZE", "data": [{"x": 1990, "y": 0.0}, {"x": 1991, "y": 0.0}, {"x": 1992, "y": 0.0}, {"x": 1993, "y": 0.0}, {"x": 1994, "y": 0.0}, {"x": 1995, "y": 0.0}, {"x": 1996, "y": 0.0}, {"x": 1997, "y": 0.0}, {"x": 1998, "y": 0.0}, {"x": 1999, "y": 0.0}, {"x": 2000, "y": 26.4}, {"x": 2001, "y": 0.0}, {"x": 2002, "y": 0.0}, {"x": 2003, "y": 0.0}, {"x": 2004, "y": 0.0}, {"x": 2005, "y": 31.5}, {"x": 2006, "y": 30.7}, {"x": 2007, "y": 29.5}, {"x": 2008, "y": 29.2}, {"x": 2009, "y": 28.7}, {"x": 2010, "y": 27.8}, {"x": 2011, "y": 24.0}, {"x": 2012, "y": 23.1}, {"x": 2013, "y": 24.5}, {"x": 2014, "y": 26.6}, {"x": 2015, "y": 27.8}, {"x": 2016, "y": 23.1}, {"x": 2017, "y": 0.0}, {"x": 9999, "y": 23.1}]}, {"id": "DEU", "data": [{"x": 1990, "y": 0.0}, {"x": 1991, "y": 0.0}, {"x": 1992, "y": 0.0}, {"x": 1993, "y": 0.0}, {"x": 1994, "y": 0.0}, {"x": 1995, "y": 20.7}, {"x": 1996, "y": 0.0}, {"x": 1997, "y": 0.0}, {"x": 1998, "y": 0.0}, {"x": 1999, "y": 0.0}, {"x": 2000, "y": 21.9}, {"x": 2001, "y": 0.0}, {"x": 2002, "y": 0.0}, {"x": 2003, "y": 0.0}, {"x": 2004, "y": 0.0}, {"x": 2005, "y": 24.3}, {"x": 2006, "y": 25.3}, {"x": 2007, "y": 25.7}, {"x": 2008, "y": 26.5}, {"x": 2009, "y": 27.3}, {"x": 2010, "y": 28.3}, {"x": 2011, "y": 27.9}, {"x": 2012, "y": 27.1}, {"x": 2013, "y": 27.5}, {"x": 2014, "y": 27.8}, {"x": 2015, "y": 28.1}, {"x": 2016, "y": 28.1}, {"x": 2017, "y": 0.0}, {"x": 9999, "y": 28.1}]}, {"id": "DNK", "data": [{"x": 1990, "y": 0.0}, {"x": 1991, "y": 0.0}, {"x": 1992, "y": 0.0}, {"x": 1993, "y": 0.0}, {"x": 1994, "y": 0.0}, {"x": 1995, "y": 12.2}, {"x": 1996, "y": 0.0}, {"x": 1997, "y": 0.0}, {"x": 1998, "y": 0.0}, {"x": 1999, "y": 0.0}, {"x": 2000, "y": 19.7}, {"x": 2001, "y": 0.0}, {"x": 2002, "y": 0.0}, {"x": 2003, "y": 0.0}, {"x": 2004, "y": 0.0}, {"x": 2005, "y": 21.4}, {"x": 2006, "y": 20.4}, {"x": 2007, "y": 25.3}, {"x": 2008, "y": 19.9}, {"x": 2009, "y": 20.4}, {"x": 2010, "y": 19.5}, {"x": 2011, "y": 28.6}, {"x": 2012, "y": 28.8}, {"x": 2013, "y": 27.5}, {"x": 2014, "y": 26.2}, {"x": 2015, "y": 26.9}, {"x": 2016, "y": 28.6}, {"x": 2017, "y": 0.0}, {"x": 9999, "y": 28.6}]}, {"id": "DOM", "data": [{"x": 1990, "y": 0.0}, {"x": 1991, "y": 0.0}, {"x": 1992, "y": 0.0}, {"x": 1993, "y": 0.0}, {"x": 1994, "y": 0.0}, {"x": 1995, "y": 0.0}, {"x": 1996, "y": 0.0}, {"x": 1997, "y": 0.0}, {"x": 1998, "y": 0.0}, {"x": 1999, "y": 0.0}, {"x": 2000, "y": 0.0}, {"x": 2001, "y": 0.0}, {"x": 2002, "y": 0.0}, {"x": 2003, "y": 0.0}, {"x": 2004, "y": 0.0}, {"x": 2005, "y": 0.0}, {"x": 2006, "y": 0.0}, {"x": 2007, "y": 0.0}, {"x": 2008, "y": 0.0}, {"x": 2009, "y": 0.0}, {"x": 2010, "y": 0.0}, {"x": 2011, "y": 0.0}, {"x": 2012, "y": 0.0}, {"x": 2013, "y": 0.0}, {"x": 2014, "y": 0.0}, {"x": 2015, "y": 48.9}, {"x": 2016, "y": 47.4}, {"x": 2017, "y": 0.0}, {"x": 9999, "y": 47.4}]}, {"id": "DZA", "data": [{"x": 1990, "y": 0.0}, {"x": 1991, "y": 0.0}, {"x": 1992, "y": 0.0}, {"x": 1993, "y": 0.0}, {"x": 1994, "y": 0.0}, {"x": 1995, "y": 0.0}, {"x": 1996, "y": 0.0}, {"x": 1997, "y": 0.0}, {"x": 1998, "y": 0.0}, {"x": 1999, "y": 0.0}, {"x": 2000, "y": 0.0}, {"x": 2001, "y": 0.0}, {"x": 2002, "y": 0.0}, {"x": 2003, "y": 0.0}, {"x": 2004, "y": 0.0}, {"x": 2005, "y": 0.0}, {"x": 2006, "y": 0.0}, {"x": 2007, "y": 0.0}, {"x": 2008, "y": 0.0}, {"x": 2009, "y": 0.0}, {"x": 2010, "y": 0.0}, {"x": 2011, "y": 0.0}, {"x": 2012, "y": 0.0}, {"x": 2013, "y": 0.0}, {"x": 2014, "y": 6.9}, {"x": 2015, "y": 0.0}, {"x": 2016, "y": 0.0}, {"x": 2017, "y": 0.0}, {"x": 9999, "y": 6.9}]}, {"id": "ECU", "data": [{"x": 1990, "y": 0.0}, {"x": 1991, "y": 0.0}, {"x": 1992, "y": 0.0}, {"x": 1993, "y": 0.0}, {"x": 1994, "y": 0.0}, {"x": 1995, "y": 0.0}, {"x": 1996, "y": 0.0}, {"x": 1997, "y": 0.0}, {"x": 1998, "y": 0.0}, {"x": 1999, "y": 0.0}, {"x": 2000, "y": 0.0}, {"x": 2001, "y": 0.0}, {"x": 2002, "y": 0.0}, {"x": 2003, "y": 0.0}, {"x": 2004, "y": 0.0}, {"x": 2005, "y": 0.0}, {"x": 2006, "y": 0.0}, {"x": 2007, "y": 0.0}, {"x": 2008, "y": 0.0}, {"x": 2009, "y": 0.0}, {"x": 2010, "y": 0.0}, {"x": 2011, "y": 42.6}, {"x": 2012, "y": 41.1}, {"x": 2013, "y": 35.6}, {"x": 2014, "y": 35.6}, {"x": 2015, "y": 33.3}, {"x": 2016, "y": 34.0}, {"x": 2017, "y": 35.2}, {"x": 9999, "y": 35.2}]}, {"id": "ESP", "data": [{"x": 1990, "y": 0.0}, {"x": 1991, "y": 0.0}, {"x": 1992, "y": 0.0}, {"x": 1993, "y": 0.0}, {"x": 1994, "y": 0.0}, {"x": 1995, "y": 13.6}, {"x": 1996, "y": 0.0}, {"x": 1997, "y": 0.0}, {"x": 1998, "y": 0.0}, {"x": 1999, "y": 0.0}, {"x": 2000, "y": 15.7}, {"x": 2001, "y": 0.0}, {"x": 2002, "y": 0.0}, {"x": 2003, "y": 0.0}, {"x": 2004, "y": 0.0}, {"x": 2005, "y": 21.5}, {"x": 2006, "y": 23.2}, {"x": 2007, "y": 23.8}, {"x": 2008, "y": 23.8}, {"x": 2009, "y": 24.7}, {"x": 2010, "y": 27.1}, {"x": 2011, "y": 28.1}, {"x": 2012, "y": 28.8}, {"x": 2013, "y": 29.3}, {"x": 2014, "y": 29.4}, {"x": 2015, "y": 30.4}, {"x": 2016, "y": 30.3}, {"x": 2017, "y": 0.0}, {"x": 9999, "y": 30.3}]}, {"id": "EST", "data": [{"x": 1990, "y": 0.0}, {"x": 1991, "y": 0.0}, {"x": 1992, "y": 0.0}, {"x": 1993, "y": 0.0}, {"x": 1994, "y": 0.0}, {"x": 1995, "y": 0.0}, {"x": 1996, "y": 0.0}, {"x": 1997, "y": 0.0}, {"x": 1998, "y": 0.0}, {"x": 1999, "y": 0.0}, {"x": 2000, "y": 34.8}, {"x": 2001, "y": 0.0}, {"x": 2002, "y": 0.0}, {"x": 2003, "y": 0.0}, {"x": 2004, "y": 0.0}, {"x": 2005, "y": 41.0}, {"x": 2006, "y": 39.6}, {"x": 2007, "y": 34.9}, {"x": 2008, "y": 36.6}, {"x": 2009, "y": 34.3}, {"x": 2010, "y": 38.4}, {"x": 2011, "y": 34.6}, {"x": 2012, "y": 31.6}, {"x": 2013, "y": 32.8}, {"x": 2014, "y": 30.8}, {"x": 2015, "y": 27.8}, {"x": 2016, "y": 31.6}, {"x": 2017, "y": 0.0}, {"x": 9999, "y": 31.6}]}, {"id": "ETH", "data": [{"x": 1990, "y": 0.0}, {"x": 1991, "y": 0.0}, {"x": 1992, "y": 0.0}, {"x": 1993, "y": 0.0}, {"x": 1994, "y": 0.0}, {"x": 1995, "y": 0.0}, {"x": 1996, "y": 0.0}, {"x": 1997, "y": 0.0}, {"x": 1998, "y": 0.0}, {"x": 1999, "y": 0.0}, {"x": 2000, "y": 0.0}, {"x": 2001, "y": 0.0}, {"x": 2002, "y": 0.0}, {"x": 2003, "y": 0.0}, {"x": 2004, "y": 0.0}, {"x": 2005, "y": 0.0}, {"x": 2006, "y": 0.0}, {"x": 2007, "y": 0.0}, {"x": 2008, "y": 0.0}, {"x": 2009, "y": 0.0}, {"x": 2010, "y": 0.0}, {"x": 2011, "y": 0.0}, {"x": 2012, "y": 0.0}, {"x": 2013, "y": 21.1}, {"x": 2014, "y": 0.0}, {"x": 2015, "y": 0.0}, {"x": 2016, "y": 0.0}, {"x": 2017, "y": 0.0}, {"x": 9999, "y": 21.1}]}, {"id": "FIN", "data": [{"x": 1990, "y": 0.0}, {"x": 1991, "y": 0.0}, {"x": 1992, "y": 0.0}, {"x": 1993, "y": 0.0}, {"x": 1994, "y": 0.0}, {"x": 1995, "y": 0.0}, {"x": 1996, "y": 0.0}, {"x": 1997, "y": 0.0}, {"x": 1998, "y": 0.0}, {"x": 1999, "y": 0.0}, {"x": 2000, "y": 27.6}, {"x": 2001, "y": 0.0}, {"x": 2002, "y": 0.0}, {"x": 2003, "y": 0.0}, {"x": 2004, "y": 0.0}, {"x": 2005, "y": 32.7}, {"x": 2006, "y": 33.9}, {"x": 2007, "y": 32.3}, {"x": 2008, "y": 33.6}, {"x": 2009, "y": 34.7}, {"x": 2010, "y": 34.3}, {"x": 2011, "y": 31.1}, {"x": 2012, "y": 29.7}, {"x": 2013, "y": 29.5}, {"x": 2014, "y": 34.3}, {"x": 2015, "y": 33.5}, {"x": 2016, "y": 34.1}, {"x": 2017, "y": 0.0}, {"x": 9999, "y": 34.1}]}, {"id": "FJI", "data": [{"x": 1990, "y": 0.0}, {"x": 1991, "y": 0.0}, {"x": 1992, "y": 0.0}, {"x": 1993, "y": 0.0}, {"x": 1994, "y": 0.0}, {"x": 1995, "y": 0.0}, {"x": 1996, "y": 0.0}, {"x": 1997, "y": 0.0}, {"x": 1998, "y": 0.0}, {"x": 1999, "y": 0.0}, {"x": 2000, "y": 0.0}, {"x": 2001, "y": 0.0}, {"x": 2002, "y": 0.0}, {"x": 2003, "y": 0.0}, {"x": 2004, "y": 0.0}, {"x": 2005, "y": 0.0}, {"x": 2006, "y": 0.0}, {"x": 2007, "y": 0.0}, {"x": 2008, "y": 0.0}, {"x": 2009, "y": 0.0}, {"x": 2010, "y": 0.0}, {"x": 2011, "y": 30.7}, {"x": 2012, "y": 0.0}, {"x": 2013, "y": 0.0}, {"x": 2014, "y": 0.0}, {"x": 2015, "y": 0.0}, {"x": 2016, "y": 38.6}, {"x": 2017, "y": 0.0}, {"x": 9999, "y": 38.6}]}, {"id": "FRA", "data": [{"x": 1990, "y": 0.0}, {"x": 1991, "y": 0.0}, {"x": 1992, "y": 0.0}, {"x": 1993, "y": 0.0}, {"x": 1994, "y": 0.0}, {"x": 1995, "y": 29.9}, {"x": 1996, "y": 0.0}, {"x": 1997, "y": 0.0}, {"x": 1998, "y": 0.0}, {"x": 1999, "y": 0.0}, {"x": 2000, "y": 31.7}, {"x": 2001, "y": 0.0}, {"x": 2002, "y": 0.0}, {"x": 2003, "y": 0.0}, {"x": 2004, "y": 0.0}, {"x": 2005, "y": 36.3}, {"x": 2006, "y": 37.0}, {"x": 2007, "y": 36.5}, {"x": 2008, "y": 36.8}, {"x": 2009, "y": 37.4}, {"x": 2010, "y": 38.5}, {"x": 2011, "y": 39.1}, {"x": 2012, "y": 39.2}, {"x": 2013, "y": 35.6}, {"x": 2014, "y": 32.0}, {"x": 2015, "y": 30.9}, {"x": 2016, "y": 31.1}, {"x": 2017, "y": 0.0}, {"x": 9999, "y": 31.1}]}, {"id": "GBR", "data": [{"x": 1990, "y": 0.0}, {"x": 1991, "y": 0.0}, {"x": 1992, "y": 0.0}, {"x": 1993, "y": 0.0}, {"x": 1994, "y": 0.0}, {"x": 1995, "y": 34.2}, {"x": 1996, "y": 0.0}, {"x": 1997, "y": 0.0}, {"x": 1998, "y": 0.0}, {"x": 1999, "y": 0.0}, {"x": 2000, "y": 34.7}, {"x": 2001, "y": 0.0}, {"x": 2002, "y": 0.0}, {"x": 2003, "y": 0.0}, {"x": 2004, "y": 0.0}, {"x": 2005, "y": 33.6}, {"x": 2006, "y": 34.3}, {"x": 2007, "y": 34.4}, {"x": 2008, "y": 34.8}, {"x": 2009, "y": 35.4}, {"x": 2010, "y": 36.0}, {"x": 2011, "y": 32.1}, {"x": 2012, "y": 32.4}, {"x": 2013, "y": 32.3}, {"x": 2014, "y": 32.9}, {"x": 2015, "y": 32.4}, {"x": 2016, "y": 33.8}, {"x": 2017, "y": 0.0}, {"x": 9999, "y": 33.8}]}, {"id": "GHA", "data": [{"x": 1990, "y": 0.0}, {"x": 1991, "y": 0.0}, {"x": 1992, "y": 0.0}, {"x": 1993, "y": 0.0}, {"x": 1994, "y": 0.0}, {"x": 1995, "y": 0.0}, {"x": 1996, "y": 0.0}, {"x": 1997, "y": 0.0}, {"x": 1998, "y": 0.0}, {"x": 1999, "y": 0.0}, {"x": 2000, "y": 0.0}, {"x": 2001, "y": 0.0}, {"x": 2002, "y": 0.0}, {"x": 2003, "y": 0.0}, {"x": 2004, "y": 0.0}, {"x": 2005, "y": 0.0}, {"x": 2006, "y": 0.0}, {"x": 2007, "y": 0.0}, {"x": 2008, "y": 0.0}, {"x": 2009, "y": 0.0}, {"x": 2010, "y": 0.0}, {"x": 2011, "y": 0.0}, {"x": 2012, "y": 0.0}, {"x": 2013, "y": 26.7}, {"x": 2014, "y": 0.0}, {"x": 2015, "y": 0.0}, {"x": 2016, "y": 0.0}, {"x": 2017, "y": 0.0}, {"x": 9999, "y": 26.7}]}, {"id": "GMB", "data": [{"x": 1990, "y": 0.0}, {"x": 1991, "y": 0.0}, {"x": 1992, "y": 0.0}, {"x": 1993, "y": 0.0}, {"x": 1994, "y": 0.0}, {"x": 1995, "y": 0.0}, {"x": 1996, "y": 0.0}, {"x": 1997, "y": 0.0}, {"x": 1998, "y": 0.0}, {"x": 1999, "y": 0.0}, {"x": 2000, "y": 0.0}, {"x": 2001, "y": 0.0}, {"x": 2002, "y": 0.0}, {"x": 2003, "y": 0.0}, {"x": 2004, "y": 0.0}, {"x": 2005, "y": 0.0}, {"x": 2006, "y": 0.0}, {"x": 2007, "y": 0.0}, {"x": 2008, "y": 0.0}, {"x": 2009, "y": 0.0}, {"x": 2010, "y": 0.0}, {"x": 2011, "y": 0.0}, {"x": 2012, "y": 33.7}, {"x": 2013, "y": 0.0}, {"x": 2014, "y": 0.0}, {"x": 2015, "y": 0.0}, {"x": 2016, "y": 0.0}, {"x": 2017, "y": 0.0}, {"x": 9999, "y": 33.7}]}, {"id": "GRC", "data": [{"x": 1990, "y": 0.0}, {"x": 1991, "y": 0.0}, {"x": 1992, "y": 0.0}, {"x": 1993, "y": 0.0}, {"x": 1994, "y": 0.0}, {"x": 1995, "y": 13.5}, {"x": 1996, "y": 0.0}, {"x": 1997, "y": 0.0}, {"x": 1998, "y": 0.0}, {"x": 1999, "y": 0.0}, {"x": 2000, "y": 19.9}, {"x": 2001, "y": 0.0}, {"x": 2002, "y": 0.0}, {"x": 2003, "y": 0.0}, {"x": 2004, "y": 0.0}, {"x": 2005, "y": 23.7}, {"x": 2006, "y": 22.5}, {"x": 2007, "y": 22.8}, {"x": 2008, "y": 26.3}, {"x": 2009, "y": 27.0}, {"x": 2010, "y": 26.9}, {"x": 2011, "y": 22.0}, {"x": 2012, "y": 22.2}, {"x": 2013, "y": 25.8}, {"x": 2014, "y": 27.8}, {"x": 2015, "y": 24.7}, {"x": 2016, "y": 24.7}, {"x": 2017, "y": 0.0}, {"x": 9999, "y": 24.7}]}, {"id": "GTM", "data": [{"x": 1990, "y": 0.0}, {"x": 1991, "y": 0.0}, {"x": 1992, "y": 0.0}, {"x": 1993, "y": 0.0}, {"x": 1994, "y": 0.0}, {"x": 1995, "y": 0.0}, {"x": 1996, "y": 0.0}, {"x": 1997, "y": 0.0}, {"x": 1998, "y": 0.0}, {"x": 1999, "y": 0.0}, {"x": 2000, "y": 0.0}, {"x": 2001, "y": 0.0}, {"x": 2002, "y": 0.0}, {"x": 2003, "y": 0.0}, {"x": 2004, "y": 0.0}, {"x": 2005, "y": 0.0}, {"x": 2006, "y": 0.0}, {"x": 2007, "y": 0.0}, {"x": 2008, "y": 0.0}, {"x": 2009, "y": 0.0}, {"x": 2010, "y": 33.2}, {"x": 2011, "y": 60.9}, {"x": 2012, "y": 35.6}, {"x": 2013, "y": 29.4}, {"x": 2014, "y": 35.4}, {"x": 2015, "y": 34.6}, {"x": 2016, "y": 39.2}, {"x": 2017, "y": 0.0}, {"x": 9999, "y": 39.2}]}, {"id": "GUY", "data": [{"x": 1990, "y": 0.0}, {"x": 1991, "y": 0.0}, {"x": 1992, "y": 0.0}, {"x": 1993, "y": 0.0}, {"x": 1994, "y": 0.0}, {"x": 1995, "y": 0.0}, {"x": 1996, "y": 0.0}, {"x": 1997, "y": 0.0}, {"x": 1998, "y": 0.0}, {"x": 1999, "y": 0.0}, {"x": 2000, "y": 0.0}, {"x": 2001, "y": 0.0}, {"x": 2002, "y": 0.0}, {"x": 2003, "y": 0.0}, {"x": 2004, "y": 0.0}, {"x": 2005, "y": 0.0}, {"x": 2006, "y": 0.0}, {"x": 2007, "y": 0.0}, {"x": 2008, "y": 0.0}, {"x": 2009, "y": 0.0}, {"x": 2010, "y": 0.0}, {"x": 2011, "y": 0.0}, {"x": 2012, "y": 0.0}, {"x": 2013, "y": 0.0}, {"x": 2014, "y": 0.0}, {"x": 2015, "y": 0.0}, {"x": 2016, "y": 0.0}, {"x": 2017, "y": 35.4}, {"x": 9999, "y": 35.4}]}, {"id": "HND", "data": [{"x": 1990, "y": 0.0}, {"x": 1991, "y": 0.0}, {"x": 1992, "y": 0.0}, {"x": 1993, "y": 0.0}, {"x": 1994, "y": 0.0}, {"x": 1995, "y": 0.0}, {"x": 1996, "y": 0.0}, {"x": 1997, "y": 0.0}, {"x": 1998, "y": 0.0}, {"x": 1999, "y": 0.0}, {"x": 2000, "y": 0.0}, {"x": 2001, "y": 0.0}, {"x": 2002, "y": 0.0}, {"x": 2003, "y": 0.0}, {"x": 2004, "y": 0.0}, {"x": 2005, "y": 0.0}, {"x": 2006, "y": 0.0}, {"x": 2007, "y": 0.0}, {"x": 2008, "y": 0.0}, {"x": 2009, "y": 0.0}, {"x": 2010, "y": 0.0}, {"x": 2011, "y": 0.0}, {"x": 2012, "y": 0.0}, {"x": 2013, "y": 0.0}, {"x": 2014, "y": 0.0}, {"x": 2015, "y": 42.4}, {"x": 2016, "y": 41.1}, {"x": 2017, "y": 0.0}, {"x": 9999, "y": 41.1}]}, {"id": "HRV", "data": [{"x": 1990, "y": 0.0}, {"x": 1991, "y": 0.0}, {"x": 1992, "y": 0.0}, {"x": 1993, "y": 0.0}, {"x": 1994, "y": 0.0}, {"x": 1995, "y": 0.0}, {"x": 1996, "y": 0.0}, {"x": 1997, "y": 0.0}, {"x": 1998, "y": 0.0}, {"x": 1999, "y": 0.0}, {"x": 2000, "y": 0.0}, {"x": 2001, "y": 0.0}, {"x": 2002, "y": 0.0}, {"x": 2003, "y": 0.0}, {"x": 2004, "y": 0.0}, {"x": 2005, "y": 28.2}, {"x": 2006, "y": 27.5}, {"x": 2007, "y": 22.7}, {"x": 2008, "y": 32.1}, {"x": 2009, "y": 37.2}, {"x": 2010, "y": 27.4}, {"x": 2011, "y": 23.6}, {"x": 2012, "y": 25.8}, {"x": 2013, "y": 23.9}, {"x": 2014, "y": 24.4}, {"x": 2015, "y": 26.1}, {"x": 2016, "y": 29.5}, {"x": 2017, "y": 0.0}, {"x": 9999, "y": 29.5}]}, {"id": "HUN", "data": [{"x": 1990, "y": 0.0}, {"x": 1991, "y": 0.0}, {"x": 1992, "y": 0.0}, {"x": 1993, "y": 0.0}, {"x": 1994, "y": 0.0}, {"x": 1995, "y": 0.0}, {"x": 1996, "y": 0.0}, {"x": 1997, "y": 0.0}, {"x": 1998, "y": 0.0}, {"x": 1999, "y": 0.0}, {"x": 2000, "y": 34.2}, {"x": 2001, "y": 0.0}, {"x": 2002, "y": 0.0}, {"x": 2003, "y": 0.0}, {"x": 2004, "y": 0.0}, {"x": 2005, "y": 39.4}, {"x": 2006, "y": 40.9}, {"x": 2007, "y": 39.0}, {"x": 2008, "y": 40.8}, {"x": 2009, "y": 39.9}, {"x": 2010, "y": 40.0}, {"x": 2011, "y": 38.2}, {"x": 2012, "y": 36.3}, {"x": 2013, "y": 38.3}, {"x": 2014, "y": 37.6}, {"x": 2015, "y": 39.1}, {"x": 2016, "y": 37.7}, {"x": 2017, "y": 0.0}, {"x": 9999, "y": 37.7}]}, {"id": "IDN", "data": [{"x": 1990, "y": 0.0}, {"x": 1991, "y": 0.0}, {"x": 1992, "y": 0.0}, {"x": 1993, "y": 0.0}, {"x": 1994, "y": 0.0}, {"x": 1995, "y": 0.0}, {"x": 1996, "y": 0.0}, {"x": 1997, "y": 0.0}, {"x": 1998, "y": 0.0}, {"x": 1999, "y": 0.0}, {"x": 2000, "y": 0.0}, {"x": 2001, "y": 0.0}, {"x": 2002, "y": 0.0}, {"x": 2003, "y": 0.0}, {"x": 2004, "y": 0.0}, {"x": 2005, "y": 0.0}, {"x": 2006, "y": 0.0}, {"x": 2007, "y": 0.0}, {"x": 2008, "y": 0.0}, {"x": 2009, "y": 17.8}, {"x": 2010, "y": 19.2}, {"x": 2011, "y": 0.0}, {"x": 2012, "y": 0.0}, {"x": 2013, "y": 16.6}, {"x": 2014, "y": 0.0}, {"x": 2015, "y": 21.5}, {"x": 2016, "y": 0.0}, {"x": 2017, "y": 0.0}, {"x": 9999, "y": 21.5}]}, {"id": "IRL", "data": [{"x": 1990, "y": 0.0}, {"x": 1991, "y": 0.0}, {"x": 1992, "y": 0.0}, {"x": 1993, "y": 0.0}, {"x": 1994, "y": 0.0}, {"x": 1995, "y": 33.1}, {"x": 1996, "y": 0.0}, {"x": 1997, "y": 0.0}, {"x": 1998, "y": 0.0}, {"x": 1999, "y": 0.0}, {"x": 2000, "y": 35.2}, {"x": 2001, "y": 0.0}, {"x": 2002, "y": 0.0}, {"x": 2003, "y": 0.0}, {"x": 2004, "y": 0.0}, {"x": 2005, "y": 43.6}, {"x": 2006, "y": 41.4}, {"x": 2007, "y": 40.6}, {"x": 2008, "y": 42.6}, {"x": 2009, "y": 41.3}, {"x": 2010, "y": 40.9}, {"x": 2011, "y": 30.3}, {"x": 2012, "y": 30.4}, {"x": 2013, "y": 30.3}, {"x": 2014, "y": 30.8}, {"x": 2015, "y": 29.5}, {"x": 2016, "y": 31.1}, {"x": 2017, "y": 0.0}, {"x": 9999, "y": 31.1}]}, {"id": "ISL", "data": [{"x": 1990, "y": 0.0}, {"x": 1991, "y": 0.0}, {"x": 1992, "y": 0.0}, {"x": 1993, "y": 0.0}, {"x": 1994, "y": 0.0}, {"x": 1995, "y": 29.9}, {"x": 1996, "y": 0.0}, {"x": 1997, "y": 0.0}, {"x": 1998, "y": 0.0}, {"x": 1999, "y": 0.0}, {"x": 2000, "y": 30.4}, {"x": 2001, "y": 0.0}, {"x": 2002, "y": 0.0}, {"x": 2003, "y": 0.0}, {"x": 2004, "y": 0.0}, {"x": 2005, "y": 30.0}, {"x": 2006, "y": 34.0}, {"x": 2007, "y": 33.1}, {"x": 2008, "y": 37.0}, {"x": 2009, "y": 38.4}, {"x": 2010, "y": 37.1}, {"x": 2011, "y": 39.1}, {"x": 2012, "y": 38.2}, {"x": 2013, "y": 37.9}, {"x": 2014, "y": 38.2}, {"x": 2015, "y": 39.5}, {"x": 2016, "y": 34.8}, {"x": 2017, "y": 0.0}, {"x": 9999, "y": 34.8}]}, {"id": "ISR", "data": [{"x": 1990, "y": 0.0}, {"x": 1991, "y": 0.0}, {"x": 1992, "y": 0.0}, {"x": 1993, "y": 0.0}, {"x": 1994, "y": 0.0}, {"x": 1995, "y": 0.0}, {"x": 1996, "y": 0.0}, {"x": 1997, "y": 0.0}, {"x": 1998, "y": 0.0}, {"x": 1999, "y": 0.0}, {"x": 2000, "y": 0.0}, {"x": 2001, "y": 0.0}, {"x": 2002, "y": 0.0}, {"x": 2003, "y": 0.0}, {"x": 2004, "y": 0.0}, {"x": 2005, "y": 0.0}, {"x": 2006, "y": 0.0}, {"x": 2007, "y": 0.0}, {"x": 2008, "y": 0.0}, {"x": 2009, "y": 30.7}, {"x": 2010, "y": 33.5}, {"x": 2011, "y": 34.9}, {"x": 2012, "y": 31.6}, {"x": 2013, "y": 32.4}, {"x": 2014, "y": 32.4}, {"x": 2015, "y": 31.9}, {"x": 2016, "y": 34.3}, {"x": 2017, "y": 0.0}, {"x": 9999, "y": 34.3}]}, {"id": "ITA", "data": [{"x": 1990, "y": 0.0}, {"x": 1991, "y": 0.0}, {"x": 1992, "y": 0.0}, {"x": 1993, "y": 0.0}, {"x": 1994, "y": 0.0}, {"x": 1995, "y": 12.9}, {"x": 1996, "y": 0.0}, {"x": 1997, "y": 0.0}, {"x": 1998, "y": 0.0}, {"x": 1999, "y": 0.0}, {"x": 2000, "y": 0.0}, {"x": 2001, "y": 0.0}, {"x": 2002, "y": 0.0}, {"x": 2003, "y": 0.0}, {"x": 2004, "y": 0.0}, {"x": 2005, "y": 19.7}, {"x": 2006, "y": 21.8}, {"x": 2007, "y": 22.0}, {"x": 2008, "y": 21.6}, {"x": 2009, "y": 21.6}, {"x": 2010, "y": 21.2}, {"x": 2011, "y": 21.6}, {"x": 2012, "y": 22.2}, {"x": 2013, "y": 22.0}, {"x": 2014, "y": 21.9}, {"x": 2015, "y": 21.8}, {"x": 2016, "y": 22.0}, {"x": 2017, "y": 0.0}, {"x": 9999, "y": 22.0}]}, {"id": "KHM", "data": [{"x": 1990, "y": 0.0}, {"x": 1991, "y": 0.0}, {"x": 1992, "y": 0.0}, {"x": 1993, "y": 0.0}, {"x": 1994, "y": 0.0}, {"x": 1995, "y": 0.0}, {"x": 1996, "y": 0.0}, {"x": 1997, "y": 0.0}, {"x": 1998, "y": 0.0}, {"x": 1999, "y": 0.0}, {"x": 2000, "y": 0.0}, {"x": 2001, "y": 0.0}, {"x": 2002, "y": 0.0}, {"x": 2003, "y": 0.0}, {"x": 2004, "y": 0.0}, {"x": 2005, "y": 0.0}, {"x": 2006, "y": 0.0}, {"x": 2007, "y": 0.0}, {"x": 2008, "y": 0.0}, {"x": 2009, "y": 0.0}, {"x": 2010, "y": 14.1}, {"x": 2011, "y": 0.0}, {"x": 2012, "y": 0.0}, {"x": 2013, "y": 0.0}, {"x": 2014, "y": 0.0}, {"x": 2015, "y": 0.0}, {"x": 2016, "y": 0.0}, {"x": 2017, "y": 0.0}, {"x": 9999, "y": 14.1}]}, {"id": "LBR", "data": [{"x": 1990, "y": 0.0}, {"x": 1991, "y": 0.0}, {"x": 1992, "y": 0.0}, {"x": 1993, "y": 0.0}, {"x": 1994, "y": 0.0}, {"x": 1995, "y": 0.0}, {"x": 1996, "y": 0.0}, {"x": 1997, "y": 0.0}, {"x": 1998, "y": 0.0}, {"x": 1999, "y": 0.0}, {"x": 2000, "y": 0.0}, {"x": 2001, "y": 0.0}, {"x": 2002, "y": 0.0}, {"x": 2003, "y": 0.0}, {"x": 2004, "y": 0.0}, {"x": 2005, "y": 0.0}, {"x": 2006, "y": 0.0}, {"x": 2007, "y": 0.0}, {"x": 2008, "y": 0.0}, {"x": 2009, "y": 0.0}, {"x": 2010, "y": 20.1}, {"x": 2011, "y": 0.0}, {"x": 2012, "y": 0.0}, {"x": 2013, "y": 0.0}, {"x": 2014, "y": 0.0}, {"x": 2015, "y": 0.0}, {"x": 2016, "y": 0.0}, {"x": 2017, "y": 0.0}, {"x": 9999, "y": 20.1}]}, {"id": "LKA", "data": [{"x": 1990, "y": 0.0}, {"x": 1991, "y": 0.0}, {"x": 1992, "y": 0.0}, {"x": 1993, "y": 0.0}, {"x": 1994, "y": 0.0}, {"x": 1995, "y": 0.0}, {"x": 1996, "y": 0.0}, {"x": 1997, "y": 0.0}, {"x": 1998, "y": 0.0}, {"x": 1999, "y": 0.0}, {"x": 2000, "y": 0.0}, {"x": 2001, "y": 0.0}, {"x": 2002, "y": 0.0}, {"x": 2003, "y": 0.0}, {"x": 2004, "y": 0.0}, {"x": 2005, "y": 0.0}, {"x": 2006, "y": 0.0}, {"x": 2007, "y": 0.0}, {"x": 2008, "y": 0.0}, {"x": 2009, "y": 20.0}, {"x": 2010, "y": 23.7}, {"x": 2011, "y": 21.9}, {"x": 2012, "y": 22.7}, {"x": 2013, "y": 23.5}, {"x": 2014, "y": 24.0}, {"x": 2015, "y": 0.0}, {"x": 2016, "y": 0.0}, {"x": 2017, "y": 0.0}, {"x": 9999, "y": 24.0}]}, {"id": "LTU", "data": [{"x": 1990, "y": 0.0}, {"x": 1991, "y": 0.0}, {"x": 1992, "y": 0.0}, {"x": 1993, "y": 0.0}, {"x": 1994, "y": 0.0}, {"x": 1995, "y": 0.0}, {"x": 1996, "y": 0.0}, {"x": 1997, "y": 0.0}, {"x": 1998, "y": 0.0}, {"x": 1999, "y": 0.0}, {"x": 2000, "y": 43.0}, {"x": 2001, "y": 0.0}, {"x": 2002, "y": 0.0}, {"x": 2003, "y": 0.0}, {"x": 2004, "y": 0.0}, {"x": 2005, "y": 45.0}, {"x": 2006, "y": 42.8}, {"x": 2007, "y": 40.3}, {"x": 2008, "y": 41.5}, {"x": 2009, "y": 40.3}, {"x": 2010, "y": 42.0}, {"x": 2011, "y": 36.5}, {"x": 2012, "y": 35.3}, {"x": 2013, "y": 36.5}, {"x": 2014, "y": 35.4}, {"x": 2015, "y": 38.1}, {"x": 2016, "y": 38.8}, {"x": 2017, "y": 0.0}, {"x": 9999, "y": 38.8}]}, {"id": "LUX", "data": [{"x": 1990, "y": 0.0}, {"x": 1991, "y": 0.0}, {"x": 1992, "y": 0.0}, {"x": 1993, "y": 0.0}, {"x": 1994, "y": 0.0}, {"x": 1995, "y": 11.0}, {"x": 1996, "y": 0.0}, {"x": 1997, "y": 0.0}, {"x": 1998, "y": 0.0}, {"x": 1999, "y": 0.0}, {"x": 2000, "y": 24.1}, {"x": 2001, "y": 0.0}, {"x": 2002, "y": 0.0}, {"x": 2003, "y": 0.0}, {"x": 2004, "y": 0.0}, {"x": 2005, "y": 9.4}, {"x": 2006, "y": 21.2}, {"x": 2007, "y": 9.7}, {"x": 2008, "y": 15.3}, {"x": 2009, "y": 15.4}, {"x": 2010, "y": 19.6}, {"x": 2011, "y": 18.3}, {"x": 2012, "y": 17.0}, {"x": 2013, "y": 14.6}, {"x": 2014, "y": 17.9}, {"x": 2015, "y": 14.0}, {"x": 2016, "y": 14.9}, {"x": 2017, "y": 0.0}, {"x": 9999, "y": 14.9}]}, {"id": "LVA", "data": [{"x": 1990, "y": 0.0}, {"x": 1991, "y": 0.0}, {"x": 1992, "y": 0.0}, {"x": 1993, "y": 0.0}, {"x": 1994, "y": 0.0}, {"x": 1995, "y": 0.0}, {"x": 1996, "y": 0.0}, {"x": 1997, "y": 0.0}, {"x": 1998, "y": 0.0}, {"x": 1999, "y": 0.0}, {"x": 2000, "y": 37.3}, {"x": 2001, "y": 0.0}, {"x": 2002, "y": 0.0}, {"x": 2003, "y": 0.0}, {"x": 2004, "y": 0.0}, {"x": 2005, "y": 42.0}, {"x": 2006, "y": 40.9}, {"x": 2007, "y": 42.1}, {"x": 2008, "y": 41.3}, {"x": 2009, "y": 41.5}, {"x": 2010, "y": 39.1}, {"x": 2011, "y": 44.3}, {"x": 2012, "y": 44.6}, {"x": 2013, "y": 42.2}, {"x": 2014, "y": 42.1}, {"x": 2015, "y": 44.3}, {"x": 2016, "y": 46.3}, {"x": 2017, "y": 0.0}, {"x": 9999, "y": 46.3}]}, {"id": "MDA", "data": [{"x": 1990, "y": 0.0}, {"x": 1991, "y": 0.0}, {"x": 1992, "y": 0.0}, {"x": 1993, "y": 0.0}, {"x": 1994, "y": 0.0}, {"x": 1995, "y": 0.0}, {"x": 1996, "y": 0.0}, {"x": 1997, "y": 0.0}, {"x": 1998, "y": 0.0}, {"x": 1999, "y": 0.0}, {"x": 2000, "y": 0.0}, {"x": 2001, "y": 0.0}, {"x": 2002, "y": 0.0}, {"x": 2003, "y": 0.0}, {"x": 2004, "y": 0.0}, {"x": 2005, "y": 0.0}, {"x": 2006, "y": 0.0}, {"x": 2007, "y": 0.0}, {"x": 2008, "y": 0.0}, {"x": 2009, "y": 0.0}, {"x": 2010, "y": 0.0}, {"x": 2011, "y": 0.0}, {"x": 2012, "y": 0.0}, {"x": 2013, "y": 0.0}, {"x": 2014, "y": 46.5}, {"x": 2015, "y": 45.4}, {"x": 2016, "y": 0.0}, {"x": 2017, "y": 0.0}, {"x": 9999, "y": 45.4}]}, {"id": "MDG", "data": [{"x": 1990, "y": 0.0}, {"x": 1991, "y": 0.0}, {"x": 1992, "y": 0.0}, {"x": 1993, "y": 0.0}, {"x": 1994, "y": 0.0}, {"x": 1995, "y": 0.0}, {"x": 1996, "y": 0.0}, {"x": 1997, "y": 0.0}, {"x": 1998, "y": 0.0}, {"x": 1999, "y": 0.0}, {"x": 2000, "y": 0.0}, {"x": 2001, "y": 0.0}, {"x": 2002, "y": 0.0}, {"x": 2003, "y": 0.0}, {"x": 2004, "y": 0.0}, {"x": 2005, "y": 0.0}, {"x": 2006, "y": 0.0}, {"x": 2007, "y": 0.0}, {"x": 2008, "y": 0.0}, {"x": 2009, "y": 0.0}, {"x": 2010, "y": 0.0}, {"x": 2011, "y": 0.0}, {"x": 2012, "y": 24.5}, {"x": 2013, "y": 0.0}, {"x": 2014, "y": 0.0}, {"x": 2015, "y": 0.0}, {"x": 2016, "y": 0.0}, {"x": 2017, "y": 0.0}, {"x": 9999, "y": 24.5}]}, {"id": "MDV", "data": [{"x": 1990, "y": 0.0}, {"x": 1991, "y": 0.0}, {"x": 1992, "y": 0.0}, {"x": 1993, "y": 0.0}, {"x": 1994, "y": 0.0}, {"x": 1995, "y": 0.0}, {"x": 1996, "y": 0.0}, {"x": 1997, "y": 0.0}, {"x": 1998, "y": 0.0}, {"x": 1999, "y": 0.0}, {"x": 2000, "y": 0.0}, {"x": 2001, "y": 0.0}, {"x": 2002, "y": 0.0}, {"x": 2003, "y": 0.0}, {"x": 2004, "y": 0.0}, {"x": 2005, "y": 0.0}, {"x": 2006, "y": 0.0}, {"x": 2007, "y": 0.0}, {"x": 2008, "y": 0.0}, {"x": 2009, "y": 0.0}, {"x": 2010, "y": 0.0}, {"x": 2011, "y": 0.0}, {"x": 2012, "y": 0.0}, {"x": 2013, "y": 0.0}, {"x": 2014, "y": 20.6}, {"x": 2015, "y": 0.0}, {"x": 2016, "y": 0.0}, {"x": 2017, "y": 0.0}, {"x": 9999, "y": 20.6}]}, {"id": "MEX", "data": [{"x": 1990, "y": 0.0}, {"x": 1991, "y": 0.0}, {"x": 1992, "y": 0.0}, {"x": 1993, "y": 0.0}, {"x": 1994, "y": 0.0}, {"x": 1995, "y": 0.0}, {"x": 1996, "y": 0.0}, {"x": 1997, "y": 0.0}, {"x": 1998, "y": 0.0}, {"x": 1999, "y": 0.0}, {"x": 2000, "y": 0.0}, {"x": 2001, "y": 0.0}, {"x": 2002, "y": 0.0}, {"x": 2003, "y": 0.0}, {"x": 2004, "y": 0.0}, {"x": 2005, "y": 0.0}, {"x": 2006, "y": 0.0}, {"x": 2007, "y": 0.0}, {"x": 2008, "y": 0.0}, {"x": 2009, "y": 0.0}, {"x": 2010, "y": 0.0}, {"x": 2011, "y": 0.0}, {"x": 2012, "y": 0.0}, {"x": 2013, "y": 34.9}, {"x": 2014, "y": 35.3}, {"x": 2015, "y": 34.8}, {"x": 2016, "y": 35.2}, {"x": 2017, "y": 36.4}, {"x": 9999, "y": 36.4}]}, {"id": "MKD", "data": [{"x": 1990, "y": 0.0}, {"x": 1991, "y": 0.0}, {"x": 1992, "y": 0.0}, {"x": 1993, "y": 0.0}, {"x": 1994, "y": 0.0}, {"x": 1995, "y": 0.0}, {"x": 1996, "y": 0.0}, {"x": 1997, "y": 0.0}, {"x": 1998, "y": 0.0}, {"x": 1999, "y": 0.0}, {"x": 2000, "y": 0.0}, {"x": 2001, "y": 0.0}, {"x": 2002, "y": 0.0}, {"x": 2003, "y": 0.0}, {"x": 2004, "y": 0.0}, {"x": 2005, "y": 0.0}, {"x": 2006, "y": 23.6}, {"x": 2007, "y": 30.8}, {"x": 2008, "y": 30.2}, {"x": 2009, "y": 36.9}, {"x": 2010, "y": 30.7}, {"x": 2011, "y": 26.3}, {"x": 2012, "y": 23.3}, {"x": 2013, "y": 24.7}, {"x": 2014, "y": 26.0}, {"x": 2015, "y": 23.0}, {"x": 2016, "y": 27.3}, {"x": 2017, "y": 0.0}, {"x": 9999, "y": 27.3}]}, {"id": "MLI", "data": [{"x": 1990, "y": 0.0}, {"x": 1991, "y": 0.0}, {"x": 1992, "y": 0.0}, {"x": 1993, "y": 0.0}, {"x": 1994, "y": 0.0}, {"x": 1995, "y": 0.0}, {"x": 1996, "y": 0.0}, {"x": 1997, "y": 0.0}, {"x": 1998, "y": 0.0}, {"x": 1999, "y": 0.0}, {"x": 2000, "y": 0.0}, {"x": 2001, "y": 0.0}, {"x": 2002, "y": 0.0}, {"x": 2003, "y": 0.0}, {"x": 2004, "y": 0.0}, {"x": 2005, "y": 0.0}, {"x": 2006, "y": 0.0}, {"x": 2007, "y": 0.0}, {"x": 2008, "y": 0.0}, {"x": 2009, "y": 0.0}, {"x": 2010, "y": 0.0}, {"x": 2011, "y": 0.0}, {"x": 2012, "y": 0.0}, {"x": 2013, "y": 0.0}, {"x": 2014, "y": 0.0}, {"x": 2015, "y": 0.0}, {"x": 2016, "y": 3.9}, {"x": 2017, "y": 0.0}, {"x": 9999, "y": 3.9}]}, {"id": "MLT", "data": [{"x": 1990, "y": 0.0}, {"x": 1991, "y": 0.0}, {"x": 1992, "y": 0.0}, {"x": 1993, "y": 0.0}, {"x": 1994, "y": 0.0}, {"x": 1995, "y": 0.0}, {"x": 1996, "y": 0.0}, {"x": 1997, "y": 0.0}, {"x": 1998, "y": 0.0}, {"x": 1999, "y": 0.0}, {"x": 2000, "y": 0.0}, {"x": 2001, "y": 0.0}, {"x": 2002, "y": 0.0}, {"x": 2003, "y": 0.0}, {"x": 2004, "y": 0.0}, {"x": 2005, "y": 19.8}, {"x": 2006, "y": 19.9}, {"x": 2007, "y": 18.4}, {"x": 2008, "y": 15.9}, {"x": 2009, "y": 21.9}, {"x": 2010, "y": 23.7}, {"x": 2011, "y": 24.8}, {"x": 2012, "y": 26.6}, {"x": 2013, "y": 28.6}, {"x": 2014, "y": 26.0}, {"x": 2015, "y": 26.2}, {"x": 2016, "y": 29.0}, {"x": 2017, "y": 0.0}, {"x": 9999, "y": 29.0}]}, {"id": "MMR", "data": [{"x": 1990, "y": 0.0}, {"x": 1991, "y": 0.0}, {"x": 1992, "y": 0.0}, {"x": 1993, "y": 0.0}, {"x": 1994, "y": 0.0}, {"x": 1995, "y": 0.0}, {"x": 1996, "y": 0.0}, {"x": 1997, "y": 0.0}, {"x": 1998, "y": 0.0}, {"x": 1999, "y": 0.0}, {"x": 2000, "y": 0.0}, {"x": 2001, "y": 0.0}, {"x": 2002, "y": 0.0}, {"x": 2003, "y": 0.0}, {"x": 2004, "y": 0.0}, {"x": 2005, "y": 0.0}, {"x": 2006, "y": 0.0}, {"x": 2007, "y": 0.0}, {"x": 2008, "y": 0.0}, {"x": 2009, "y": 0.0}, {"x": 2010, "y": 0.0}, {"x": 2011, "y": 0.0}, {"x": 2012, "y": 0.0}, {"x": 2013, "y": 0.0}, {"x": 2014, "y": 0.0}, {"x": 2015, "y": 28.3}, {"x": 2016, "y": 0.0}, {"x": 2017, "y": 0.0}, {"x": 9999, "y": 28.3}]}, {"id": "MNG", "data": [{"x": 1990, "y": 0.0}, {"x": 1991, "y": 0.0}, {"x": 1992, "y": 0.0}, {"x": 1993, "y": 0.0}, {"x": 1994, "y": 0.0}, {"x": 1995, "y": 0.0}, {"x": 1996, "y": 0.0}, {"x": 1997, "y": 0.0}, {"x": 1998, "y": 0.0}, {"x": 1999, "y": 0.0}, {"x": 2000, "y": 0.0}, {"x": 2001, "y": 0.0}, {"x": 2002, "y": 0.0}, {"x": 2003, "y": 0.0}, {"x": 2004, "y": 0.0}, {"x": 2005, "y": 0.0}, {"x": 2006, "y": 0.0}, {"x": 2007, "y": 0.0}, {"x": 2008, "y": 41.6}, {"x": 2009, "y": 38.3}, {"x": 2010, "y": 37.9}, {"x": 2011, "y": 37.9}, {"x": 2012, "y": 38.7}, {"x": 2013, "y": 37.3}, {"x": 2014, "y": 34.2}, {"x": 2015, "y": 37.8}, {"x": 2016, "y": 36.7}, {"x": 2017, "y": 0.0}, {"x": 9999, "y": 36.7}]}, {"id": "MOZ", "data": [{"x": 1990, "y": 0.0}, {"x": 1991, "y": 0.0}, {"x": 1992, "y": 0.0}, {"x": 1993, "y": 0.0}, {"x": 1994, "y": 0.0}, {"x": 1995, "y": 0.0}, {"x": 1996, "y": 0.0}, {"x": 1997, "y": 0.0}, {"x": 1998, "y": 0.0}, {"x": 1999, "y": 0.0}, {"x": 2000, "y": 0.0}, {"x": 2001, "y": 0.0}, {"x": 2002, "y": 0.0}, {"x": 2003, "y": 0.0}, {"x": 2004, "y": 0.0}, {"x": 2005, "y": 0.0}, {"x": 2006, "y": 0.0}, {"x": 2007, "y": 0.0}, {"x": 2008, "y": 0.0}, {"x": 2009, "y": 0.0}, {"x": 2010, "y": 0.0}, {"x": 2011, "y": 0.0}, {"x": 2012, "y": 0.0}, {"x": 2013, "y": 0.0}, {"x": 2014, "y": 0.0}, {"x": 2015, "y": 22.2}, {"x": 2016, "y": 0.0}, {"x": 2017, "y": 0.0}, {"x": 9999, "y": 22.2}]}, {"id": "MUS", "data": [{"x": 1990, "y": 0.0}, {"x": 1991, "y": 0.0}, {"x": 1992, "y": 0.0}, {"x": 1993, "y": 0.0}, {"x": 1994, "y": 0.0}, {"x": 1995, "y": 0.0}, {"x": 1996, "y": 0.0}, {"x": 1997, "y": 0.0}, {"x": 1998, "y": 0.0}, {"x": 1999, "y": 0.0}, {"x": 2000, "y": 0.0}, {"x": 2001, "y": 0.0}, {"x": 2002, "y": 0.0}, {"x": 2003, "y": 0.0}, {"x": 2004, "y": 0.0}, {"x": 2005, "y": 0.0}, {"x": 2006, "y": 0.0}, {"x": 2007, "y": 0.0}, {"x": 2008, "y": 0.0}, {"x": 2009, "y": 0.0}, {"x": 2010, "y": 0.0}, {"x": 2011, "y": 21.5}, {"x": 2012, "y": 23.2}, {"x": 2013, "y": 0.0}, {"x": 2014, "y": 0.0}, {"x": 2015, "y": 27.6}, {"x": 2016, "y": 29.7}, {"x": 2017, "y": 0.0}, {"x": 9999, "y": 29.7}]}, {"id": "MYS", "data": [{"x": 1990, "y": 0.0}, {"x": 1991, "y": 0.0}, {"x": 1992, "y": 0.0}, {"x": 1993, "y": 0.0}, {"x": 1994, "y": 0.0}, {"x": 1995, "y": 0.0}, {"x": 1996, "y": 0.0}, {"x": 1997, "y": 0.0}, {"x": 1998, "y": 0.0}, {"x": 1999, "y": 0.0}, {"x": 2000, "y": 0.0}, {"x": 2001, "y": 0.0}, {"x": 2002, "y": 0.0}, {"x": 2003, "y": 0.0}, {"x": 2004, "y": 0.0}, {"x": 2005, "y": 0.0}, {"x": 2006, "y": 0.0}, {"x": 2007, "y": 0.0}, {"x": 2008, "y": 0.0}, {"x": 2009, "y": 26.3}, {"x": 2010, "y": 29.4}, {"x": 2011, "y": 22.0}, {"x": 2012, "y": 20.8}, {"x": 2013, "y": 20.9}, {"x": 2014, "y": 21.6}, {"x": 2015, "y": 22.7}, {"x": 2016, "y": 20.8}, {"x": 2017, "y": 0.0}, {"x": 9999, "y": 20.8}]}, {"id": "NLD", "data": [{"x": 1990, "y": 0.0}, {"x": 1991, "y": 0.0}, {"x": 1992, "y": 0.0}, {"x": 1993, "y": 0.0}, {"x": 1994, "y": 0.0}, {"x": 1995, "y": 14.7}, {"x": 1996, "y": 0.0}, {"x": 1997, "y": 0.0}, {"x": 1998, "y": 0.0}, {"x": 1999, "y": 0.0}, {"x": 2000, "y": 21.5}, {"x": 2001, "y": 0.0}, {"x": 2002, "y": 0.0}, {"x": 2003, "y": 0.0}, {"x": 2004, "y": 0.0}, {"x": 2005, "y": 22.8}, {"x": 2006, "y": 25.2}, {"x": 2007, "y": 27.0}, {"x": 2008, "y": 26.7}, {"x": 2009, "y": 26.5}, {"x": 2010, "y": 27.1}, {"x": 2011, "y": 27.9}, {"x": 2012, "y": 28.2}, {"x": 2013, "y": 23.1}, {"x": 2014, "y": 24.1}, {"x": 2015, "y": 24.8}, {"x": 2016, "y": 24.5}, {"x": 2017, "y": 0.0}, {"x": 9999, "y": 24.5}]}, {"id": "NOR", "data": [{"x": 1990, "y": 0.0}, {"x": 1991, "y": 0.0}, {"x": 1992, "y": 0.0}, {"x": 1993, "y": 0.0}, {"x": 1994, "y": 0.0}, {"x": 1995, "y": 0.0}, {"x": 1996, "y": 0.0}, {"x": 1997, "y": 0.0}, {"x": 1998, "y": 0.0}, {"x": 1999, "y": 0.0}, {"x": 2000, "y": 24.7}, {"x": 2001, "y": 0.0}, {"x": 2002, "y": 0.0}, {"x": 2003, "y": 0.0}, {"x": 2004, "y": 0.0}, {"x": 2005, "y": 31.0}, {"x": 2006, "y": 34.0}, {"x": 2007, "y": 33.3}, {"x": 2008, "y": 32.6}, {"x": 2009, "y": 34.6}, {"x": 2010, "y": 35.0}, {"x": 2011, "y": 31.2}, {"x": 2012, "y": 31.2}, {"x": 2013, "y": 31.4}, {"x": 2014, "y": 33.3}, {"x": 2015, "y": 33.7}, {"x": 2016, "y": 35.4}, {"x": 2017, "y": 0.0}, {"x": 9999, "y": 35.4}]}, {"id": "PAK", "data": [{"x": 1990, "y": 0.0}, {"x": 1991, "y": 0.0}, {"x": 1992, "y": 0.0}, {"x": 1993, "y": 0.0}, {"x": 1994, "y": 0.0}, {"x": 1995, "y": 0.0}, {"x": 1996, "y": 0.0}, {"x": 1997, "y": 0.0}, {"x": 1998, "y": 0.0}, {"x": 1999, "y": 0.0}, {"x": 2000, "y": 0.0}, {"x": 2001, "y": 0.0}, {"x": 2002, "y": 0.0}, {"x": 2003, "y": 0.0}, {"x": 2004, "y": 0.0}, {"x": 2005, "y": 0.0}, {"x": 2006, "y": 0.0}, {"x": 2007, "y": 0.0}, {"x": 2008, "y": 0.0}, {"x": 2009, "y": 0.0}, {"x": 2010, "y": 0.0}, {"x": 2011, "y": 0.0}, {"x": 2012, "y": 0.0}, {"x": 2013, "y": 4.2}, {"x": 2014, "y": 0.0}, {"x": 2015, "y": 0.0}, {"x": 2016, "y": 4.0}, {"x": 2017, "y": 0.0}, {"x": 9999, "y": 4.0}]}, {"id": "PAN", "data": [{"x": 1990, "y": 0.0}, {"x": 1991, "y": 0.0}, {"x": 1992, "y": 0.0}, {"x": 1993, "y": 0.0}, {"x": 1994, "y": 0.0}, {"x": 1995, "y": 0.0}, {"x": 1996, "y": 0.0}, {"x": 1997, "y": 0.0}, {"x": 1998, "y": 0.0}, {"x": 1999, "y": 0.0}, {"x": 2000, "y": 0.0}, {"x": 2001, "y": 0.0}, {"x": 2002, "y": 0.0}, {"x": 2003, "y": 0.0}, {"x": 2004, "y": 0.0}, {"x": 2005, "y": 0.0}, {"x": 2006, "y": 0.0}, {"x": 2007, "y": 0.0}, {"x": 2008, "y": 0.0}, {"x": 2009, "y": 31.4}, {"x": 2010, "y": 42.0}, {"x": 2011, "y": 45.1}, {"x": 2012, "y": 48.7}, {"x": 2013, "y": 0.0}, {"x": 2014, "y": 43.5}, {"x": 2015, "y": 0.0}, {"x": 2016, "y": 43.4}, {"x": 2017, "y": 0.0}, {"x": 9999, "y": 43.4}]}, {"id": "PHL", "data": [{"x": 1990, "y": 0.0}, {"x": 1991, "y": 0.0}, {"x": 1992, "y": 0.0}, {"x": 1993, "y": 0.0}, {"x": 1994, "y": 0.0}, {"x": 1995, "y": 0.0}, {"x": 1996, "y": 0.0}, {"x": 1997, "y": 0.0}, {"x": 1998, "y": 0.0}, {"x": 1999, "y": 0.0}, {"x": 2000, "y": 0.0}, {"x": 2001, "y": 0.0}, {"x": 2002, "y": 0.0}, {"x": 2003, "y": 0.0}, {"x": 2004, "y": 0.0}, {"x": 2005, "y": 58.9}, {"x": 2006, "y": 59.3}, {"x": 2007, "y": 59.3}, {"x": 2008, "y": 56.1}, {"x": 2009, "y": 54.6}, {"x": 2010, "y": 53.7}, {"x": 2011, "y": 53.0}, {"x": 2012, "y": 48.1}, {"x": 2013, "y": 47.5}, {"x": 2014, "y": 47.4}, {"x": 2015, "y": 41.3}, {"x": 2016, "y": 32.7}, {"x": 2017, "y": 0.0}, {"x": 9999, "y": 32.7}]}, {"id": "POL", "data": [{"x": 1990, "y": 0.0}, {"x": 1991, "y": 0.0}, {"x": 1992, "y": 0.0}, {"x": 1993, "y": 0.0}, {"x": 1994, "y": 0.0}, {"x": 1995, "y": 0.0}, {"x": 1996, "y": 0.0}, {"x": 1997, "y": 0.0}, {"x": 1998, "y": 0.0}, {"x": 1999, "y": 0.0}, {"x": 2000, "y": 31.4}, {"x": 2001, "y": 0.0}, {"x": 2002, "y": 0.0}, {"x": 2003, "y": 0.0}, {"x": 2004, "y": 0.0}, {"x": 2005, "y": 34.1}, {"x": 2006, "y": 36.1}, {"x": 2007, "y": 37.1}, {"x": 2008, "y": 36.2}, {"x": 2009, "y": 36.0}, {"x": 2010, "y": 37.5}, {"x": 2011, "y": 35.9}, {"x": 2012, "y": 35.0}, {"x": 2013, "y": 35.5}, {"x": 2014, "y": 36.4}, {"x": 2015, "y": 37.4}, {"x": 2016, "y": 38.1}, {"x": 2017, "y": 0.0}, {"x": 9999, "y": 38.1}]}, {"id": "PRT", "data": [{"x": 1990, "y": 0.0}, {"x": 1991, "y": 0.0}, {"x": 1992, "y": 0.0}, {"x": 1993, "y": 0.0}, {"x": 1994, "y": 0.0}, {"x": 1995, "y": 18.9}, {"x": 1996, "y": 0.0}, {"x": 1997, "y": 0.0}, {"x": 1998, "y": 0.0}, {"x": 1999, "y": 0.0}, {"x": 2000, "y": 22.0}, {"x": 2001, "y": 0.0}, {"x": 2002, "y": 0.0}, {"x": 2003, "y": 0.0}, {"x": 2004, "y": 0.0}, {"x": 2005, "y": 29.1}, {"x": 2006, "y": 31.4}, {"x": 2007, "y": 30.8}, {"x": 2008, "y": 31.3}, {"x": 2009, "y": 34.4}, {"x": 2010, "y": 35.7}, {"x": 2011, "y": 26.2}, {"x": 2012, "y": 27.9}, {"x": 2013, "y": 27.6}, {"x": 2014, "y": 31.8}, {"x": 2015, "y": 30.4}, {"x": 2016, "y": 32.2}, {"x": 2017, "y": 0.0}, {"x": 9999, "y": 32.2}]}, {"id": "PSE", "data": [{"x": 1990, "y": 0.0}, {"x": 1991, "y": 0.0}, {"x": 1992, "y": 0.0}, {"x": 1993, "y": 0.0}, {"x": 1994, "y": 0.0}, {"x": 1995, "y": 0.0}, {"x": 1996, "y": 0.0}, {"x": 1997, "y": 0.0}, {"x": 1998, "y": 0.0}, {"x": 1999, "y": 0.0}, {"x": 2000, "y": 0.0}, {"x": 2001, "y": 0.0}, {"x": 2002, "y": 0.0}, {"x": 2003, "y": 0.0}, {"x": 2004, "y": 0.0}, {"x": 2005, "y": 0.0}, {"x": 2006, "y": 0.0}, {"x": 2007, "y": 0.0}, {"x": 2008, "y": 0.0}, {"x": 2009, "y": 0.0}, {"x": 2010, "y": 0.0}, {"x": 2011, "y": 0.0}, {"x": 2012, "y": 15.4}, {"x": 2013, "y": 0.0}, {"x": 2014, "y": 0.0}, {"x": 2015, "y": 0.0}, {"x": 2016, "y": 0.0}, {"x": 2017, "y": 0.0}, {"x": 9999, "y": 15.4}]}, {"id": "ROU", "data": [{"x": 1990, "y": 0.0}, {"x": 1991, "y": 0.0}, {"x": 1992, "y": 0.0}, {"x": 1993, "y": 0.0}, {"x": 1994, "y": 0.0}, {"x": 1995, "y": 0.0}, {"x": 1996, "y": 0.0}, {"x": 1997, "y": 0.0}, {"x": 1998, "y": 0.0}, {"x": 1999, "y": 0.0}, {"x": 2000, "y": 0.0}, {"x": 2001, "y": 0.0}, {"x": 2002, "y": 0.0}, {"x": 2003, "y": 0.0}, {"x": 2004, "y": 0.0}, {"x": 2005, "y": 31.7}, {"x": 2006, "y": 33.7}, {"x": 2007, "y": 32.6}, {"x": 2008, "y": 34.3}, {"x": 2009, "y": 36.4}, {"x": 2010, "y": 36.3}, {"x": 2011, "y": 31.9}, {"x": 2012, "y": 30.8}, {"x": 2013, "y": 30.6}, {"x": 2014, "y": 30.7}, {"x": 2015, "y": 31.5}, {"x": 2016, "y": 32.4}, {"x": 2017, "y": 0.0}, {"x": 9999, "y": 32.4}]}, {"id": "RUS", "data": [{"x": 1990, "y": 0.0}, {"x": 1991, "y": 0.0}, {"x": 1992, "y": 0.0}, {"x": 1993, "y": 0.0}, {"x": 1994, "y": 0.0}, {"x": 1995, "y": 0.0}, {"x": 1996, "y": 0.0}, {"x": 1997, "y": 0.0}, {"x": 1998, "y": 0.0}, {"x": 1999, "y": 0.0}, {"x": 2000, "y": 0.0}, {"x": 2001, "y": 0.0}, {"x": 2002, "y": 0.0}, {"x": 2003, "y": 0.0}, {"x": 2004, "y": 0.0}, {"x": 2005, "y": 0.0}, {"x": 2006, "y": 0.0}, {"x": 2007, "y": 0.0}, {"x": 2008, "y": 0.0}, {"x": 2009, "y": 0.0}, {"x": 2010, "y": 0.0}, {"x": 2011, "y": 0.0}, {"x": 2012, "y": 0.0}, {"x": 2013, "y": 0.0}, {"x": 2014, "y": 0.0}, {"x": 2015, "y": 0.0}, {"x": 2016, "y": 48.5}, {"x": 2017, "y": 0.0}, {"x": 9999, "y": 48.5}]}, {"id": "SLV", "data": [{"x": 1990, "y": 0.0}, {"x": 1991, "y": 0.0}, {"x": 1992, "y": 0.0}, {"x": 1993, "y": 0.0}, {"x": 1994, "y": 0.0}, {"x": 1995, "y": 0.0}, {"x": 1996, "y": 0.0}, {"x": 1997, "y": 0.0}, {"x": 1998, "y": 0.0}, {"x": 1999, "y": 0.0}, {"x": 2000, "y": 0.0}, {"x": 2001, "y": 0.0}, {"x": 2002, "y": 0.0}, {"x": 2003, "y": 0.0}, {"x": 2004, "y": 0.0}, {"x": 2005, "y": 0.0}, {"x": 2006, "y": 0.0}, {"x": 2007, "y": 0.0}, {"x": 2008, "y": 0.0}, {"x": 2009, "y": 0.0}, {"x": 2010, "y": 0.0}, {"x": 2011, "y": 0.0}, {"x": 2012, "y": 0.0}, {"x": 2013, "y": 42.7}, {"x": 2014, "y": 35.6}, {"x": 2015, "y": 40.7}, {"x": 2016, "y": 34.1}, {"x": 2017, "y": 0.0}, {"x": 9999, "y": 34.1}]}, {"id": "SRB", "data": [{"x": 1990, "y": 0.0}, {"x": 1991, "y": 0.0}, {"x": 1992, "y": 0.0}, {"x": 1993, "y": 0.0}, {"x": 1994, "y": 0.0}, {"x": 1995, "y": 0.0}, {"x": 1996, "y": 0.0}, {"x": 1997, "y": 0.0}, {"x": 1998, "y": 0.0}, {"x": 1999, "y": 0.0}, {"x": 2000, "y": 0.0}, {"x": 2001, "y": 0.0}, {"x": 2002, "y": 0.0}, {"x": 2003, "y": 0.0}, {"x": 2004, "y": 0.0}, {"x": 2005, "y": 0.0}, {"x": 2006, "y": 0.0}, {"x": 2007, "y": 0.0}, {"x": 2008, "y": 0.0}, {"x": 2009, "y": 0.0}, {"x": 2010, "y": 0.0}, {"x": 2011, "y": 0.0}, {"x": 2012, "y": 0.0}, {"x": 2013, "y": 32.7}, {"x": 2014, "y": 31.5}, {"x": 2015, "y": 31.5}, {"x": 2016, "y": 30.9}, {"x": 2017, "y": 30.3}, {"x": 9999, "y": 30.3}]}, {"id": "SVK", "data": [{"x": 1990, "y": 0.0}, {"x": 1991, "y": 0.0}, {"x": 1992, "y": 0.0}, {"x": 1993, "y": 0.0}, {"x": 1994, "y": 0.0}, {"x": 1995, "y": 0.0}, {"x": 1996, "y": 0.0}, {"x": 1997, "y": 0.0}, {"x": 1998, "y": 0.0}, {"x": 1999, "y": 0.0}, {"x": 2000, "y": 32.4}, {"x": 2001, "y": 0.0}, {"x": 2002, "y": 0.0}, {"x": 2003, "y": 0.0}, {"x": 2004, "y": 0.0}, {"x": 2005, "y": 29.2}, {"x": 2006, "y": 27.4}, {"x": 2007, "y": 32.0}, {"x": 2008, "y": 28.9}, {"x": 2009, "y": 31.4}, {"x": 2010, "y": 35.5}, {"x": 2011, "y": 27.7}, {"x": 2012, "y": 30.4}, {"x": 2013, "y": 30.3}, {"x": 2014, "y": 28.2}, {"x": 2015, "y": 27.8}, {"x": 2016, "y": 34.3}, {"x": 2017, "y": 0.0}, {"x": 9999, "y": 34.3}]}, {"id": "SVN", "data": [{"x": 1990, "y": 0.0}, {"x": 1991, "y": 0.0}, {"x": 1992, "y": 0.0}, {"x": 1993, "y": 0.0}, {"x": 1994, "y": 0.0}, {"x": 1995, "y": 0.0}, {"x": 1996, "y": 0.0}, {"x": 1997, "y": 0.0}, {"x": 1998, "y": 0.0}, {"x": 1999, "y": 0.0}, {"x": 2000, "y": 34.6}, {"x": 2001, "y": 0.0}, {"x": 2002, "y": 0.0}, {"x": 2003, "y": 0.0}, {"x": 2004, "y": 0.0}, {"x": 2005, "y": 42.0}, {"x": 2006, "y": 42.0}, {"x": 2007, "y": 37.6}, {"x": 2008, "y": 43.3}, {"x": 2009, "y": 44.7}, {"x": 2010, "y": 43.3}, {"x": 2011, "y": 38.9}, {"x": 2012, "y": 40.3}, {"x": 2013, "y": 38.6}, {"x": 2014, "y": 36.5}, {"x": 2015, "y": 37.0}, {"x": 2016, "y": 41.8}, {"x": 2017, "y": 0.0}, {"x": 9999, "y": 41.8}]}, {"id": "SWE", "data": [{"x": 1990, "y": 0.0}, {"x": 1991, "y": 0.0}, {"x": 1992, "y": 0.0}, {"x": 1993, "y": 0.0}, {"x": 1994, "y": 0.0}, {"x": 1995, "y": 0.0}, {"x": 1996, "y": 0.0}, {"x": 1997, "y": 0.0}, {"x": 1998, "y": 0.0}, {"x": 1999, "y": 0.0}, {"x": 2000, "y": 27.4}, {"x": 2001, "y": 0.0}, {"x": 2002, "y": 0.0}, {"x": 2003, "y": 0.0}, {"x": 2004, "y": 0.0}, {"x": 2005, "y": 31.9}, {"x": 2006, "y": 31.7}, {"x": 2007, "y": 31.0}, {"x": 2008, "y": 30.8}, {"x": 2009, "y": 31.1}, {"x": 2010, "y": 31.3}, {"x": 2011, "y": 33.5}, {"x": 2012, "y": 34.5}, {"x": 2013, "y": 35.5}, {"x": 2014, "y": 37.5}, {"x": 2015, "y": 39.8}, {"x": 2016, "y": 39.5}, {"x": 2017, "y": 0.0}, {"x": 9999, "y": 39.5}]}, {"id": "SYC", "data": [{"x": 1990, "y": 0.0}, {"x": 1991, "y": 0.0}, {"x": 1992, "y": 0.0}, {"x": 1993, "y": 0.0}, {"x": 1994, "y": 0.0}, {"x": 1995, "y": 0.0}, {"x": 1996, "y": 0.0}, {"x": 1997, "y": 0.0}, {"x": 1998, "y": 0.0}, {"x": 1999, "y": 0.0}, {"x": 2000, "y": 0.0}, {"x": 2001, "y": 0.0}, {"x": 2002, "y": 0.0}, {"x": 2003, "y": 0.0}, {"x": 2004, "y": 0.0}, {"x": 2005, "y": 0.0}, {"x": 2006, "y": 0.0}, {"x": 2007, "y": 0.0}, {"x": 2008, "y": 0.0}, {"x": 2009, "y": 0.0}, {"x": 2010, "y": 0.0}, {"x": 2011, "y": 39.9}, {"x": 2012, "y": 0.0}, {"x": 2013, "y": 0.0}, {"x": 2014, "y": 0.0}, {"x": 2015, "y": 0.0}, {"x": 2016, "y": 0.0}, {"x": 2017, "y": 0.0}, {"x": 9999, "y": 39.9}]}, {"id": "THA", "data": [{"x": 1990, "y": 0.0}, {"x": 1991, "y": 0.0}, {"x": 1992, "y": 0.0}, {"x": 1993, "y": 0.0}, {"x": 1994, "y": 0.0}, {"x": 1995, "y": 0.0}, {"x": 1996, "y": 0.0}, {"x": 1997, "y": 0.0}, {"x": 1998, "y": 0.0}, {"x": 1999, "y": 0.0}, {"x": 2000, "y": 0.0}, {"x": 2001, "y": 0.0}, {"x": 2002, "y": 0.0}, {"x": 2003, "y": 0.0}, {"x": 2004, "y": 0.0}, {"x": 2005, "y": 0.0}, {"x": 2006, "y": 0.0}, {"x": 2007, "y": 0.0}, {"x": 2008, "y": 0.0}, {"x": 2009, "y": 0.0}, {"x": 2010, "y": 0.0}, {"x": 2011, "y": 22.1}, {"x": 2012, "y": 25.6}, {"x": 2013, "y": 27.1}, {"x": 2014, "y": 29.4}, {"x": 2015, "y": 29.8}, {"x": 2016, "y": 29.5}, {"x": 2017, "y": 0.0}, {"x": 9999, "y": 29.5}]}, {"id": "TUR", "data": [{"x": 1990, "y": 0.0}, {"x": 1991, "y": 0.0}, {"x": 1992, "y": 0.0}, {"x": 1993, "y": 0.0}, {"x": 1994, "y": 0.0}, {"x": 1995, "y": 0.0}, {"x": 1996, "y": 0.0}, {"x": 1997, "y": 0.0}, {"x": 1998, "y": 0.0}, {"x": 1999, "y": 0.0}, {"x": 2000, "y": 0.0}, {"x": 2001, "y": 0.0}, {"x": 2002, "y": 0.0}, {"x": 2003, "y": 0.0}, {"x": 2004, "y": 0.0}, {"x": 2005, "y": 0.0}, {"x": 2006, "y": 17.3}, {"x": 2007, "y": 18.0}, {"x": 2008, "y": 19.4}, {"x": 2009, "y": 20.1}, {"x": 2010, "y": 18.8}, {"x": 2011, "y": 13.0}, {"x": 2012, "y": 14.3}, {"x": 2013, "y": 16.6}, {"x": 2014, "y": 15.5}, {"x": 2015, "y": 14.4}, {"x": 2016, "y": 16.7}, {"x": 2017, "y": 0.0}, {"x": 9999, "y": 16.7}]}, {"id": "UGA", "data": [{"x": 1990, "y": 0.0}, {"x": 1991, "y": 0.0}, {"x": 1992, "y": 0.0}, {"x": 1993, "y": 0.0}, {"x": 1994, "y": 0.0}, {"x": 1995, "y": 0.0}, {"x": 1996, "y": 0.0}, {"x": 1997, "y": 0.0}, {"x": 1998, "y": 0.0}, {"x": 1999, "y": 0.0}, {"x": 2000, "y": 0.0}, {"x": 2001, "y": 0.0}, {"x": 2002, "y": 0.0}, {"x": 2003, "y": 0.0}, {"x": 2004, "y": 0.0}, {"x": 2005, "y": 0.0}, {"x": 2006, "y": 0.0}, {"x": 2007, "y": 0.0}, {"x": 2008, "y": 0.0}, {"x": 2009, "y": 0.0}, {"x": 2010, "y": 0.0}, {"x": 2011, "y": 0.0}, {"x": 2012, "y": 31.5}, {"x": 2013, "y": 0.0}, {"x": 2014, "y": 0.0}, {"x": 2015, "y": 0.0}, {"x": 2016, "y": 0.0}, {"x": 2017, "y": 0.0}, {"x": 9999, "y": 31.5}]}, {"id": "UKR", "data": [{"x": 1990, "y": 0.0}, {"x": 1991, "y": 0.0}, {"x": 1992, "y": 0.0}, {"x": 1993, "y": 0.0}, {"x": 1994, "y": 0.0}, {"x": 1995, "y": 0.0}, {"x": 1996, "y": 0.0}, {"x": 1997, "y": 0.0}, {"x": 1998, "y": 0.0}, {"x": 1999, "y": 0.0}, {"x": 2000, "y": 0.0}, {"x": 2001, "y": 0.0}, {"x": 2002, "y": 0.0}, {"x": 2003, "y": 0.0}, {"x": 2004, "y": 0.0}, {"x": 2005, "y": 0.0}, {"x": 2006, "y": 0.0}, {"x": 2007, "y": 0.0}, {"x": 2008, "y": 0.0}, {"x": 2009, "y": 42.7}, {"x": 2010, "y": 42.5}, {"x": 2011, "y": 0.0}, {"x": 2012, "y": 0.0}, {"x": 2013, "y": 39.7}, {"x": 2014, "y": 39.0}, {"x": 2015, "y": 41.4}, {"x": 2016, "y": 42.4}, {"x": 2017, "y": 0.0}, {"x": 9999, "y": 42.4}]}, {"id": "URY", "data": [{"x": 1990, "y": 0.0}, {"x": 1991, "y": 0.0}, {"x": 1992, "y": 0.0}, {"x": 1993, "y": 0.0}, {"x": 1994, "y": 0.0}, {"x": 1995, "y": 0.0}, {"x": 1996, "y": 0.0}, {"x": 1997, "y": 0.0}, {"x": 1998, "y": 0.0}, {"x": 1999, "y": 0.0}, {"x": 2000, "y": 0.0}, {"x": 2001, "y": 0.0}, {"x": 2002, "y": 0.0}, {"x": 2003, "y": 0.0}, {"x": 2004, "y": 0.0}, {"x": 2005, "y": 0.0}, {"x": 2006, "y": 0.0}, {"x": 2007, "y": 0.0}, {"x": 2008, "y": 0.0}, {"x": 2009, "y": 0.0}, {"x": 2010, "y": 0.0}, {"x": 2011, "y": 31.2}, {"x": 2012, "y": 36.5}, {"x": 2013, "y": 34.2}, {"x": 2014, "y": 31.8}, {"x": 2015, "y": 34.0}, {"x": 2016, "y": 33.7}, {"x": 2017, "y": 0.0}, {"x": 9999, "y": 33.7}]}, {"id": "WSM", "data": [{"x": 1990, "y": 0.0}, {"x": 1991, "y": 0.0}, {"x": 1992, "y": 0.0}, {"x": 1993, "y": 0.0}, {"x": 1994, "y": 0.0}, {"x": 1995, "y": 0.0}, {"x": 1996, "y": 0.0}, {"x": 1997, "y": 0.0}, {"x": 1998, "y": 0.0}, {"x": 1999, "y": 0.0}, {"x": 2000, "y": 0.0}, {"x": 2001, "y": 0.0}, {"x": 2002, "y": 0.0}, {"x": 2003, "y": 0.0}, {"x": 2004, "y": 0.0}, {"x": 2005, "y": 0.0}, {"x": 2006, "y": 0.0}, {"x": 2007, "y": 0.0}, {"x": 2008, "y": 0.0}, {"x": 2009, "y": 0.0}, {"x": 2010, "y": 0.0}, {"x": 2011, "y": 0.0}, {"x": 2012, "y": 41.6}, {"x": 2013, "y": 0.0}, {"x": 2014, "y": 0.0}, {"x": 2015, "y": 0.0}, {"x": 2016, "y": 0.0}, {"x": 2017, "y": 0.0}, {"x": 9999, "y": 41.6}]}, {"id": "ZAF", "data": [{"x": 1990, "y": 0.0}, {"x": 1991, "y": 0.0}, {"x": 1992, "y": 0.0}, {"x": 1993, "y": 0.0}, {"x": 1994, "y": 0.0}, {"x": 1995, "y": 0.0}, {"x": 1996, "y": 0.0}, {"x": 1997, "y": 0.0}, {"x": 1998, "y": 0.0}, {"x": 1999, "y": 0.0}, {"x": 2000, "y": 0.0}, {"x": 2001, "y": 0.0}, {"x": 2002, "y": 0.0}, {"x": 2003, "y": 0.0}, {"x": 2004, "y": 0.0}, {"x": 2005, "y": 0.0}, {"x": 2006, "y": 0.0}, {"x": 2007, "y": 0.0}, {"x": 2008, "y": 0.0}, {"x": 2009, "y": 0.0}, {"x": 2010, "y": 0.0}, {"x": 2011, "y": 0.0}, {"x": 2012, "y": 0.0}, {"x": 2013, "y": 0.0}, {"x": 2014, "y": 0.0}, {"x": 2015, "y": 29.7}, {"x": 2016, "y": 0.0}, {"x": 2017, "y": 0.0}, {"x": 9999, "y": 29.7}]}]