[{"id": "AGO", "data": [{"x": 1990, "y": 0.0}, {"x": 1991, "y": 0.0}, {"x": 1992, "y": 0.0}, {"x": 1993, "y": 0.0}, {"x": 1994, "y": 0.0}, {"x": 1995, "y": 0.0}, {"x": 1996, "y": 0.0}, {"x": 1997, "y": 0.0}, {"x": 1998, "y": 0.0}, {"x": 1999, "y": 0.0}, {"x": 2000, "y": 0.0}, {"x": 2001, "y": 0.0}, {"x": 2002, "y": 0.0}, {"x": 2003, "y": 0.0}, {"x": 2004, "y": 0.0}, {"x": 2005, "y": 0.0}, {"x": 2006, "y": 0.0}, {"x": 2007, "y": 0.0}, {"x": 2008, "y": 0.0}, {"x": 2009, "y": 0.0}, {"x": 2010, "y": 0.0}, {"x": 2011, "y": 0.0}, {"x": 2012, "y": 0.0}, {"x": 2013, "y": 0.0}, {"x": 2014, "y": 0.0}, {"x": 2015, "y": 0.0}, {"x": 2016, "y": 0.0}, {"x": 2017, "y": 0.0}, {"x": 9999, "y": 9.9}]}, {"id": "ALB", "data": [{"x": 1990, "y": 0.0}, {"x": 1991, "y": 0.0}, {"x": 1992, "y": 0.0}, {"x": 1993, "y": 0.0}, {"x": 1994, "y": 0.0}, {"x": 1995, "y": 0.0}, {"x": 1996, "y": 0.0}, {"x": 1997, "y": 0.0}, {"x": 1998, "y": 0.0}, {"x": 1999, "y": 0.0}, {"x": 2000, "y": 0.0}, {"x": 2001, "y": 0.0}, {"x": 2002, "y": 0.0}, {"x": 2003, "y": 0.0}, {"x": 2004, "y": 0.0}, {"x": 2005, "y": 0.0}, {"x": 2006, "y": 0.0}, {"x": 2007, "y": 0.0}, {"x": 2008, "y": 0.0}, {"x": 2009, "y": 0.0}, {"x": 2010, "y": 0.0}, {"x": 2011, "y": 0.0}, {"x": 2012, "y": 0.0}, {"x": 2013, "y": 0.0}, {"x": 2014, "y": 0.0}, {"x": 2015, "y": 0.0}, {"x": 2016, "y": 0.0}, {"x": 2017, "y": 0.0}, {"x": 9999, "y": 13.4}]}, {"id": "ARE", "data": [{"x": 1990, "y": 0.0}, {"x": 1991, "y": 0.0}, {"x": 1992, "y": 0.0}, {"x": 1993, "y": 0.0}, {"x": 1994, "y": 0.0}, {"x": 1995, "y": 0.0}, {"x": 1996, "y": 0.0}, {"x": 1997, "y": 0.0}, {"x": 1998, "y": 0.0}, {"x": 1999, "y": 0.0}, {"x": 2000, "y": 0.0}, {"x": 2001, "y": 0.0}, {"x": 2002, "y": 0.0}, {"x": 2003, "y": 0.0}, {"x": 2004, "y": 0.0}, {"x": 2005, "y": 0.0}, {"x": 2006, "y": 0.0}, {"x": 2007, "y": 0.0}, {"x": 2008, "y": 0.0}, {"x": 2009, "y": 0.0}, {"x": 2010, "y": 0.0}, {"x": 2011, "y": 0.0}, {"x": 2012, "y": 0.0}, {"x": 2013, "y": 0.0}, {"x": 2014, "y": 0.0}, {"x": 2015, "y": 0.0}, {"x": 2016, "y": 0.0}, {"x": 2017, "y": 0.0}, {"x": 9999, "y": 17.3}]}, {"id": "ARG", "data": [{"x": 1990, "y": 0.0}, {"x": 1991, "y": 0.0}, {"x": 1992, "y": 0.0}, {"x": 1993, "y": 0.0}, {"x": 1994, "y": 0.0}, {"x": 1995, "y": 0.0}, {"x": 1996, "y": 0.0}, {"x": 1997, "y": 0.0}, {"x": 1998, "y": 0.0}, {"x": 1999, "y": 0.0}, {"x": 2000, "y": 0.0}, {"x": 2001, "y": 0.0}, {"x": 2002, "y": 0.0}, {"x": 2003, "y": 0.0}, {"x": 2004, "y": 0.0}, {"x": 2005, "y": 0.0}, {"x": 2006, "y": 0.0}, {"x": 2007, "y": 0.0}, {"x": 2008, "y": 0.0}, {"x": 2009, "y": 0.0}, {"x": 2010, "y": 0.0}, {"x": 2011, "y": 0.0}, {"x": 2012, "y": 0.0}, {"x": 2013, "y": 0.0}, {"x": 2014, "y": 0.0}, {"x": 2015, "y": 0.0}, {"x": 2016, "y": 0.0}, {"x": 2017, "y": 0.0}, {"x": 9999, "y": 9.1}]}, {"id": "ARM", "data": [{"x": 1990, "y": 0.0}, {"x": 1991, "y": 0.0}, {"x": 1992, "y": 0.0}, {"x": 1993, "y": 0.0}, {"x": 1994, "y": 0.0}, {"x": 1995, "y": 0.0}, {"x": 1996, "y": 0.0}, {"x": 1997, "y": 0.0}, {"x": 1998, "y": 0.0}, {"x": 1999, "y": 0.0}, {"x": 2000, "y": 0.0}, {"x": 2001, "y": 0.0}, {"x": 2002, "y": 0.0}, {"x": 2003, "y": 0.0}, {"x": 2004, "y": 0.0}, {"x": 2005, "y": 0.0}, {"x": 2006, "y": 0.0}, {"x": 2007, "y": 0.0}, {"x": 2008, "y": 0.0}, {"x": 2009, "y": 0.0}, {"x": 2010, "y": 0.0}, {"x": 2011, "y": 0.0}, {"x": 2012, "y": 0.0}, {"x": 2013, "y": 0.0}, {"x": 2014, "y": 0.0}, {"x": 2015, "y": 0.0}, {"x": 2016, "y": 0.0}, {"x": 2017, "y": 0.0}, {"x": 9999, "y": 7.3}]}, {"id": "AUS", "data": [{"x": 1990, "y": 0.0}, {"x": 1991, "y": 0.0}, {"x": 1992, "y": 0.0}, {"x": 1993, "y": 0.0}, {"x": 1994, "y": 0.0}, {"x": 1995, "y": 0.0}, {"x": 1996, "y": 0.0}, {"x": 1997, "y": 0.0}, {"x": 1998, "y": 0.0}, {"x": 1999, "y": 0.0}, {"x": 2000, "y": 0.0}, {"x": 2001, "y": 0.0}, {"x": 2002, "y": 0.0}, {"x": 2003, "y": 0.0}, {"x": 2004, "y": 0.0}, {"x": 2005, "y": 0.0}, {"x": 2006, "y": 0.0}, {"x": 2007, "y": 0.0}, {"x": 2008, "y": 0.0}, {"x": 2009, "y": 0.0}, {"x": 2010, "y": 0.0}, {"x": 2011, "y": 0.0}, {"x": 2012, "y": 0.0}, {"x": 2013, "y": 0.0}, {"x": 2014, "y": 0.0}, {"x": 2015, "y": 0.0}, {"x": 2016, "y": 0.0}, {"x": 2017, "y": 0.0}, {"x": 9999, "y": 9.7}]}, {"id": "AUT", "data": [{"x": 1990, "y": 0.0}, {"x": 1991, "y": 0.0}, {"x": 1992, "y": 0.0}, {"x": 1993, "y": 0.0}, {"x": 1994, "y": 0.0}, {"x": 1995, "y": 0.0}, {"x": 1996, "y": 0.0}, {"x": 1997, "y": 0.0}, {"x": 1998, "y": 0.0}, {"x": 1999, "y": 0.0}, {"x": 2000, "y": 0.0}, {"x": 2001, "y": 0.0}, {"x": 2002, "y": 0.0}, {"x": 2003, "y": 0.0}, {"x": 2004, "y": 0.0}, {"x": 2005, "y": 0.0}, {"x": 2006, "y": 0.0}, {"x": 2007, "y": 0.0}, {"x": 2008, "y": 0.0}, {"x": 2009, "y": 0.0}, {"x": 2010, "y": 0.0}, {"x": 2011, "y": 0.0}, {"x": 2012, "y": 0.0}, {"x": 2013, "y": 0.0}, {"x": 2014, "y": 0.0}, {"x": 2015, "y": 0.0}, {"x": 2016, "y": 0.0}, {"x": 2017, "y": 0.0}, {"x": 9999, "y": 14.3}]}, {"id": "AZE", "data": [{"x": 1990, "y": 0.0}, {"x": 1991, "y": 0.0}, {"x": 1992, "y": 0.0}, {"x": 1993, "y": 0.0}, {"x": 1994, "y": 0.0}, {"x": 1995, "y": 0.0}, {"x": 1996, "y": 0.0}, {"x": 1997, "y": 0.0}, {"x": 1998, "y": 0.0}, {"x": 1999, "y": 0.0}, {"x": 2000, "y": 0.0}, {"x": 2001, "y": 0.0}, {"x": 2002, "y": 0.0}, {"x": 2003, "y": 0.0}, {"x": 2004, "y": 0.0}, {"x": 2005, "y": 0.0}, {"x": 2006, "y": 0.0}, {"x": 2007, "y": 0.0}, {"x": 2008, "y": 0.0}, {"x": 2009, "y": 0.0}, {"x": 2010, "y": 0.0}, {"x": 2011, "y": 0.0}, {"x": 2012, "y": 0.0}, {"x": 2013, "y": 0.0}, {"x": 2014, "y": 0.0}, {"x": 2015, "y": 0.0}, {"x": 2016, "y": 0.0}, {"x": 2017, "y": 0.0}, {"x": 9999, "y": 15.2}]}, {"id": "BDI", "data": [{"x": 1990, "y": 0.0}, {"x": 1991, "y": 0.0}, {"x": 1992, "y": 0.0}, {"x": 1993, "y": 0.0}, {"x": 1994, "y": 0.0}, {"x": 1995, "y": 0.0}, {"x": 1996, "y": 0.0}, {"x": 1997, "y": 0.0}, {"x": 1998, "y": 0.0}, {"x": 1999, "y": 0.0}, {"x": 2000, "y": 0.0}, {"x": 2001, "y": 0.0}, {"x": 2002, "y": 0.0}, {"x": 2003, "y": 0.0}, {"x": 2004, "y": 0.0}, {"x": 2005, "y": 0.0}, {"x": 2006, "y": 0.0}, {"x": 2007, "y": 0.0}, {"x": 2008, "y": 0.0}, {"x": 2009, "y": 0.0}, {"x": 2010, "y": 0.0}, {"x": 2011, "y": 0.0}, {"x": 2012, "y": 0.0}, {"x": 2013, "y": 0.0}, {"x": 2014, "y": 0.0}, {"x": 2015, "y": 0.0}, {"x": 2016, "y": 0.0}, {"x": 2017, "y": 0.0}, {"x": 9999, "y": 17.1}]}, {"id": "BEL", "data": [{"x": 1990, "y": 0.0}, {"x": 1991, "y": 0.0}, {"x": 1992, "y": 0.0}, {"x": 1993, "y": 0.0}, {"x": 1994, "y": 0.0}, {"x": 1995, "y": 0.0}, {"x": 1996, "y": 0.0}, {"x": 1997, "y": 0.0}, {"x": 1998, "y": 0.0}, {"x": 1999, "y": 0.0}, {"x": 2000, "y": 0.0}, {"x": 2001, "y": 0.0}, {"x": 2002, "y": 0.0}, {"x": 2003, "y": 0.0}, {"x": 2004, "y": 0.0}, {"x": 2005, "y": 0.0}, {"x": 2006, "y": 0.0}, {"x": 2007, "y": 0.0}, {"x": 2008, "y": 0.0}, {"x": 2009, "y": 0.0}, {"x": 2010, "y": 0.0}, {"x": 2011, "y": 0.0}, {"x": 2012, "y": 0.0}, {"x": 2013, "y": 0.0}, {"x": 2014, "y": 0.0}, {"x": 2015, "y": 0.0}, {"x": 2016, "y": 0.0}, {"x": 2017, "y": 0.0}, {"x": 9999, "y": 7.7}]}, {"id": "BEN", "data": [{"x": 1990, "y": 0.0}, {"x": 1991, "y": 0.0}, {"x": 1992, "y": 0.0}, {"x": 1993, "y": 0.0}, {"x": 1994, "y": 0.0}, {"x": 1995, "y": 0.0}, {"x": 1996, "y": 0.0}, {"x": 1997, "y": 0.0}, {"x": 1998, "y": 0.0}, {"x": 1999, "y": 0.0}, {"x": 2000, "y": 0.0}, {"x": 2001, "y": 0.0}, {"x": 2002, "y": 0.0}, {"x": 2003, "y": 0.0}, {"x": 2004, "y": 0.0}, {"x": 2005, "y": 0.0}, {"x": 2006, "y": 0.0}, {"x": 2007, "y": 0.0}, {"x": 2008, "y": 0.0}, {"x": 2009, "y": 0.0}, {"x": 2010, "y": 0.0}, {"x": 2011, "y": 0.0}, {"x": 2012, "y": 0.0}, {"x": 2013, "y": 0.0}, {"x": 2014, "y": 0.0}, {"x": 2015, "y": 0.0}, {"x": 2016, "y": 0.0}, {"x": 2017, "y": 0.0}, {"x": 9999, "y": 19.1}]}, {"id": "BFA", "data": [{"x": 1990, "y": 0.0}, {"x": 1991, "y": 0.0}, {"x": 1992, "y": 0.0}, {"x": 1993, "y": 0.0}, {"x": 1994, "y": 0.0}, {"x": 1995, "y": 0.0}, {"x": 1996, "y": 0.0}, {"x": 1997, "y": 0.0}, {"x": 1998, "y": 0.0}, {"x": 1999, "y": 0.0}, {"x": 2000, "y": 0.0}, {"x": 2001, "y": 0.0}, {"x": 2002, "y": 0.0}, {"x": 2003, "y": 0.0}, {"x": 2004, "y": 0.0}, {"x": 2005, "y": 0.0}, {"x": 2006, "y": 0.0}, {"x": 2007, "y": 0.0}, {"x": 2008, "y": 0.0}, {"x": 2009, "y": 0.0}, {"x": 2010, "y": 0.0}, {"x": 2011, "y": 0.0}, {"x": 2012, "y": 0.0}, {"x": 2013, "y": 0.0}, {"x": 2014, "y": 0.0}, {"x": 2015, "y": 0.0}, {"x": 2016, "y": 0.0}, {"x": 2017, "y": 0.0}, {"x": 9999, "y": 12.5}]}, {"id": "BGD", "data": [{"x": 1990, "y": 0.0}, {"x": 1991, "y": 0.0}, {"x": 1992, "y": 0.0}, {"x": 1993, "y": 0.0}, {"x": 1994, "y": 0.0}, {"x": 1995, "y": 0.0}, {"x": 1996, "y": 0.0}, {"x": 1997, "y": 0.0}, {"x": 1998, "y": 0.0}, {"x": 1999, "y": 0.0}, {"x": 2000, "y": 0.0}, {"x": 2001, "y": 0.0}, {"x": 2002, "y": 0.0}, {"x": 2003, "y": 0.0}, {"x": 2004, "y": 0.0}, {"x": 2005, "y": 0.0}, {"x": 2006, "y": 0.0}, {"x": 2007, "y": 0.0}, {"x": 2008, "y": 0.0}, {"x": 2009, "y": 0.0}, {"x": 2010, "y": 0.0}, {"x": 2011, "y": 0.0}, {"x": 2012, "y": 0.0}, {"x": 2013, "y": 0.0}, {"x": 2014, "y": 0.0}, {"x": 2015, "y": 0.0}, {"x": 2016, "y": 0.0}, {"x": 2017, "y": 0.0}, {"x": 9999, "y": 7.9}]}, {"id": "BGR", "data": [{"x": 1990, "y": 0.0}, {"x": 1991, "y": 0.0}, {"x": 1992, "y": 0.0}, {"x": 1993, "y": 0.0}, {"x": 1994, "y": 0.0}, {"x": 1995, "y": 0.0}, {"x": 1996, "y": 0.0}, {"x": 1997, "y": 0.0}, {"x": 1998, "y": 0.0}, {"x": 1999, "y": 0.0}, {"x": 2000, "y": 0.0}, {"x": 2001, "y": 0.0}, {"x": 2002, "y": 0.0}, {"x": 2003, "y": 0.0}, {"x": 2004, "y": 0.0}, {"x": 2005, "y": 0.0}, {"x": 2006, "y": 0.0}, {"x": 2007, "y": 0.0}, {"x": 2008, "y": 0.0}, {"x": 2009, "y": 0.0}, {"x": 2010, "y": 0.0}, {"x": 2011, "y": 0.0}, {"x": 2012, "y": 0.0}, {"x": 2013, "y": 0.0}, {"x": 2014, "y": 0.0}, {"x": 2015, "y": 0.0}, {"x": 2016, "y": 0.0}, {"x": 2017, "y": 0.0}, {"x": 9999, "y": 12.3}]}, {"id": "BHR", "data": [{"x": 1990, "y": 0.0}, {"x": 1991, "y": 0.0}, {"x": 1992, "y": 0.0}, {"x": 1993, "y": 0.0}, {"x": 1994, "y": 0.0}, {"x": 1995, "y": 0.0}, {"x": 1996, "y": 0.0}, {"x": 1997, "y": 0.0}, {"x": 1998, "y": 0.0}, {"x": 1999, "y": 0.0}, {"x": 2000, "y": 0.0}, {"x": 2001, "y": 0.0}, {"x": 2002, "y": 0.0}, {"x": 2003, "y": 0.0}, {"x": 2004, "y": 0.0}, {"x": 2005, "y": 0.0}, {"x": 2006, "y": 0.0}, {"x": 2007, "y": 0.0}, {"x": 2008, "y": 0.0}, {"x": 2009, "y": 0.0}, {"x": 2010, "y": 0.0}, {"x": 2011, "y": 0.0}, {"x": 2012, "y": 0.0}, {"x": 2013, "y": 0.0}, {"x": 2014, "y": 0.0}, {"x": 2015, "y": 0.0}, {"x": 2016, "y": 0.0}, {"x": 2017, "y": 0.0}, {"x": 9999, "y": 12.6}]}, {"id": "BIH", "data": [{"x": 1990, "y": 0.0}, {"x": 1991, "y": 0.0}, {"x": 1992, "y": 0.0}, {"x": 1993, "y": 0.0}, {"x": 1994, "y": 0.0}, {"x": 1995, "y": 0.0}, {"x": 1996, "y": 0.0}, {"x": 1997, "y": 0.0}, {"x": 1998, "y": 0.0}, {"x": 1999, "y": 0.0}, {"x": 2000, "y": 0.0}, {"x": 2001, "y": 0.0}, {"x": 2002, "y": 0.0}, {"x": 2003, "y": 0.0}, {"x": 2004, "y": 0.0}, {"x": 2005, "y": 0.0}, {"x": 2006, "y": 0.0}, {"x": 2007, "y": 0.0}, {"x": 2008, "y": 0.0}, {"x": 2009, "y": 0.0}, {"x": 2010, "y": 0.0}, {"x": 2011, "y": 0.0}, {"x": 2012, "y": 0.0}, {"x": 2013, "y": 0.0}, {"x": 2014, "y": 0.0}, {"x": 2015, "y": 0.0}, {"x": 2016, "y": 0.0}, {"x": 2017, "y": 0.0}, {"x": 9999, "y": 14.7}]}, {"id": "BLR", "data": [{"x": 1990, "y": 0.0}, {"x": 1991, "y": 0.0}, {"x": 1992, "y": 0.0}, {"x": 1993, "y": 0.0}, {"x": 1994, "y": 0.0}, {"x": 1995, "y": 0.0}, {"x": 1996, "y": 0.0}, {"x": 1997, "y": 0.0}, {"x": 1998, "y": 0.0}, {"x": 1999, "y": 0.0}, {"x": 2000, "y": 0.0}, {"x": 2001, "y": 0.0}, {"x": 2002, "y": 0.0}, {"x": 2003, "y": 0.0}, {"x": 2004, "y": 0.0}, {"x": 2005, "y": 0.0}, {"x": 2006, "y": 0.0}, {"x": 2007, "y": 0.0}, {"x": 2008, "y": 0.0}, {"x": 2009, "y": 0.0}, {"x": 2010, "y": 0.0}, {"x": 2011, "y": 0.0}, {"x": 2012, "y": 0.0}, {"x": 2013, "y": 0.0}, {"x": 2014, "y": 0.0}, {"x": 2015, "y": 0.0}, {"x": 2016, "y": 0.0}, {"x": 2017, "y": 0.0}, {"x": 9999, "y": 15.5}]}, {"id": "BLZ", "data": [{"x": 1990, "y": 0.0}, {"x": 1991, "y": 0.0}, {"x": 1992, "y": 0.0}, {"x": 1993, "y": 0.0}, {"x": 1994, "y": 0.0}, {"x": 1995, "y": 0.0}, {"x": 1996, "y": 0.0}, {"x": 1997, "y": 0.0}, {"x": 1998, "y": 0.0}, {"x": 1999, "y": 0.0}, {"x": 2000, "y": 0.0}, {"x": 2001, "y": 0.0}, {"x": 2002, "y": 0.0}, {"x": 2003, "y": 0.0}, {"x": 2004, "y": 0.0}, {"x": 2005, "y": 0.0}, {"x": 2006, "y": 0.0}, {"x": 2007, "y": 0.0}, {"x": 2008, "y": 0.0}, {"x": 2009, "y": 0.0}, {"x": 2010, "y": 0.0}, {"x": 2011, "y": 0.0}, {"x": 2012, "y": 0.0}, {"x": 2013, "y": 0.0}, {"x": 2014, "y": 0.0}, {"x": 2015, "y": 0.0}, {"x": 2016, "y": 0.0}, {"x": 2017, "y": 0.0}, {"x": 9999, "y": 11.7}]}, {"id": "BRA", "data": [{"x": 1990, "y": 0.0}, {"x": 1991, "y": 0.0}, {"x": 1992, "y": 0.0}, {"x": 1993, "y": 0.0}, {"x": 1994, "y": 0.0}, {"x": 1995, "y": 0.0}, {"x": 1996, "y": 0.0}, {"x": 1997, "y": 0.0}, {"x": 1998, "y": 0.0}, {"x": 1999, "y": 0.0}, {"x": 2000, "y": 0.0}, {"x": 2001, "y": 0.0}, {"x": 2002, "y": 0.0}, {"x": 2003, "y": 0.0}, {"x": 2004, "y": 0.0}, {"x": 2005, "y": 0.0}, {"x": 2006, "y": 0.0}, {"x": 2007, "y": 0.0}, {"x": 2008, "y": 0.0}, {"x": 2009, "y": 0.0}, {"x": 2010, "y": 0.0}, {"x": 2011, "y": 0.0}, {"x": 2012, "y": 0.0}, {"x": 2013, "y": 0.0}, {"x": 2014, "y": 0.0}, {"x": 2015, "y": 0.0}, {"x": 2016, "y": 0.0}, {"x": 2017, "y": 0.0}, {"x": 9999, "y": 8.7}]}, {"id": "BRN", "data": [{"x": 1990, "y": 0.0}, {"x": 1991, "y": 0.0}, {"x": 1992, "y": 0.0}, {"x": 1993, "y": 0.0}, {"x": 1994, "y": 0.0}, {"x": 1995, "y": 0.0}, {"x": 1996, "y": 0.0}, {"x": 1997, "y": 0.0}, {"x": 1998, "y": 0.0}, {"x": 1999, "y": 0.0}, {"x": 2000, "y": 0.0}, {"x": 2001, "y": 0.0}, {"x": 2002, "y": 0.0}, {"x": 2003, "y": 0.0}, {"x": 2004, "y": 0.0}, {"x": 2005, "y": 0.0}, {"x": 2006, "y": 0.0}, {"x": 2007, "y": 0.0}, {"x": 2008, "y": 0.0}, {"x": 2009, "y": 0.0}, {"x": 2010, "y": 0.0}, {"x": 2011, "y": 0.0}, {"x": 2012, "y": 0.0}, {"x": 2013, "y": 0.0}, {"x": 2014, "y": 0.0}, {"x": 2015, "y": 0.0}, {"x": 2016, "y": 0.0}, {"x": 2017, "y": 0.0}, {"x": 9999, "y": 23.6}]}, {"id": "CHE", "data": [{"x": 1990, "y": 0.0}, {"x": 1991, "y": 0.0}, {"x": 1992, "y": 0.0}, {"x": 1993, "y": 0.0}, {"x": 1994, "y": 0.0}, {"x": 1995, "y": 0.0}, {"x": 1996, "y": 0.0}, {"x": 1997, "y": 0.0}, {"x": 1998, "y": 0.0}, {"x": 1999, "y": 0.0}, {"x": 2000, "y": 0.0}, {"x": 2001, "y": 0.0}, {"x": 2002, "y": 0.0}, {"x": 2003, "y": 0.0}, {"x": 2004, "y": 0.0}, {"x": 2005, "y": 0.0}, {"x": 2006, "y": 0.0}, {"x": 2007, "y": 0.0}, {"x": 2008, "y": 0.0}, {"x": 2009, "y": 0.0}, {"x": 2010, "y": 0.0}, {"x": 2011, "y": 0.0}, {"x": 2012, "y": 0.0}, {"x": 2013, "y": 0.0}, {"x": 2014, "y": 0.0}, {"x": 2015, "y": 0.0}, {"x": 2016, "y": 0.0}, {"x": 2017, "y": 0.0}, {"x": 9999, "y": 11.4}]}, {"id": "CHL", "data": [{"x": 1990, "y": 0.0}, {"x": 1991, "y": 0.0}, {"x": 1992, "y": 0.0}, {"x": 1993, "y": 0.0}, {"x": 1994, "y": 0.0}, {"x": 1995, "y": 0.0}, {"x": 1996, "y": 0.0}, {"x": 1997, "y": 0.0}, {"x": 1998, "y": 0.0}, {"x": 1999, "y": 0.0}, {"x": 2000, "y": 0.0}, {"x": 2001, "y": 0.0}, {"x": 2002, "y": 0.0}, {"x": 2003, "y": 0.0}, {"x": 2004, "y": 0.0}, {"x": 2005, "y": 0.0}, {"x": 2006, "y": 0.0}, {"x": 2007, "y": 0.0}, {"x": 2008, "y": 0.0}, {"x": 2009, "y": 0.0}, {"x": 2010, "y": 0.0}, {"x": 2011, "y": 0.0}, {"x": 2012, "y": 0.0}, {"x": 2013, "y": 0.0}, {"x": 2014, "y": 0.0}, {"x": 2015, "y": 0.0}, {"x": 2016, "y": 0.0}, {"x": 2017, "y": 0.0}, {"x": 9999, "y": 6.5}]}, {"id": "COL", "data": [{"x": 1990, "y": 0.0}, {"x": 1991, "y": 0.0}, {"x": 1992, "y": 0.0}, {"x": 1993, "y": 0.0}, {"x": 1994, "y": 0.0}, {"x": 1995, "y": 0.0}, {"x": 1996, "y": 0.0}, {"x": 1997, "y": 0.0}, {"x": 1998, "y": 0.0}, {"x": 1999, "y": 0.0}, {"x": 2000, "y": 0.0}, {"x": 2001, "y": 0.0}, {"x": 2002, "y": 0.0}, {"x": 2003, "y": 0.0}, {"x": 2004, "y": 0.0}, {"x": 2005, "y": 0.0}, {"x": 2006, "y": 0.0}, {"x": 2007, "y": 0.0}, {"x": 2008, "y": 0.0}, {"x": 2009, "y": 0.0}, {"x": 2010, "y": 0.0}, {"x": 2011, "y": 0.0}, {"x": 2012, "y": 0.0}, {"x": 2013, "y": 0.0}, {"x": 2014, "y": 0.0}, {"x": 2015, "y": 0.0}, {"x": 2016, "y": 0.0}, {"x": 2017, "y": 0.0}, {"x": 9999, "y": 14.2}]}, {"id": "CPV", "data": [{"x": 1990, "y": 0.0}, {"x": 1991, "y": 0.0}, {"x": 1992, "y": 0.0}, {"x": 1993, "y": 0.0}, {"x": 1994, "y": 0.0}, {"x": 1995, "y": 0.0}, {"x": 1996, "y": 0.0}, {"x": 1997, "y": 0.0}, {"x": 1998, "y": 0.0}, {"x": 1999, "y": 0.0}, {"x": 2000, "y": 0.0}, {"x": 2001, "y": 0.0}, {"x": 2002, "y": 0.0}, {"x": 2003, "y": 0.0}, {"x": 2004, "y": 0.0}, {"x": 2005, "y": 0.0}, {"x": 2006, "y": 0.0}, {"x": 2007, "y": 0.0}, {"x": 2008, "y": 0.0}, {"x": 2009, "y": 0.0}, {"x": 2010, "y": 0.0}, {"x": 2011, "y": 0.0}, {"x": 2012, "y": 0.0}, {"x": 2013, "y": 0.0}, {"x": 2014, "y": 0.0}, {"x": 2015, "y": 0.0}, {"x": 2016, "y": 0.0}, {"x": 2017, "y": 0.0}, {"x": 9999, "y": 7.0}]}, {"id": "CRI", "data": [{"x": 1990, "y": 0.0}, {"x": 1991, "y": 0.0}, {"x": 1992, "y": 0.0}, {"x": 1993, "y": 0.0}, {"x": 1994, "y": 0.0}, {"x": 1995, "y": 0.0}, {"x": 1996, "y": 0.0}, {"x": 1997, "y": 0.0}, {"x": 1998, "y": 0.0}, {"x": 1999, "y": 0.0}, {"x": 2000, "y": 0.0}, {"x": 2001, "y": 0.0}, {"x": 2002, "y": 0.0}, {"x": 2003, "y": 0.0}, {"x": 2004, "y": 0.0}, {"x": 2005, "y": 0.0}, {"x": 2006, "y": 0.0}, {"x": 2007, "y": 0.0}, {"x": 2008, "y": 0.0}, {"x": 2009, "y": 0.0}, {"x": 2010, "y": 0.0}, {"x": 2011, "y": 0.0}, {"x": 2012, "y": 0.0}, {"x": 2013, "y": 0.0}, {"x": 2014, "y": 0.0}, {"x": 2015, "y": 0.0}, {"x": 2016, "y": 0.0}, {"x": 2017, "y": 0.0}, {"x": 9999, "y": 6.9}]}, {"id": "CUB", "data": [{"x": 1990, "y": 0.0}, {"x": 1991, "y": 0.0}, {"x": 1992, "y": 0.0}, {"x": 1993, "y": 0.0}, {"x": 1994, "y": 0.0}, {"x": 1995, "y": 0.0}, {"x": 1996, "y": 0.0}, {"x": 1997, "y": 0.0}, {"x": 1998, "y": 0.0}, {"x": 1999, "y": 0.0}, {"x": 2000, "y": 0.0}, {"x": 2001, "y": 0.0}, {"x": 2002, "y": 0.0}, {"x": 2003, "y": 0.0}, {"x": 2004, "y": 0.0}, {"x": 2005, "y": 0.0}, {"x": 2006, "y": 0.0}, {"x": 2007, "y": 0.0}, {"x": 2008, "y": 0.0}, {"x": 2009, "y": 0.0}, {"x": 2010, "y": 0.0}, {"x": 2011, "y": 0.0}, {"x": 2012, "y": 0.0}, {"x": 2013, "y": 0.0}, {"x": 2014, "y": 0.0}, {"x": 2015, "y": 0.0}, {"x": 2016, "y": 0.0}, {"x": 2017, "y": 0.0}, {"x": 9999, "y": 6.1}]}, {"id": "CYP", "data": [{"x": 1990, "y": 0.0}, {"x": 1991, "y": 0.0}, {"x": 1992, "y": 0.0}, {"x": 1993, "y": 0.0}, {"x": 1994, "y": 0.0}, {"x": 1995, "y": 0.0}, {"x": 1996, "y": 0.0}, {"x": 1997, "y": 0.0}, {"x": 1998, "y": 0.0}, {"x": 1999, "y": 0.0}, {"x": 2000, "y": 0.0}, {"x": 2001, "y": 0.0}, {"x": 2002, "y": 0.0}, {"x": 2003, "y": 0.0}, {"x": 2004, "y": 0.0}, {"x": 2005, "y": 0.0}, {"x": 2006, "y": 0.0}, {"x": 2007, "y": 0.0}, {"x": 2008, "y": 0.0}, {"x": 2009, "y": 0.0}, {"x": 2010, "y": 0.0}, {"x": 2011, "y": 0.0}, {"x": 2012, "y": 0.0}, {"x": 2013, "y": 0.0}, {"x": 2014, "y": 0.0}, {"x": 2015, "y": 0.0}, {"x": 2016, "y": 0.0}, {"x": 2017, "y": 0.0}, {"x": 9999, "y": 10.4}]}, {"id": "CZE", "data": [{"x": 1990, "y": 0.0}, {"x": 1991, "y": 0.0}, {"x": 1992, "y": 0.0}, {"x": 1993, "y": 0.0}, {"x": 1994, "y": 0.0}, {"x": 1995, "y": 0.0}, {"x": 1996, "y": 0.0}, {"x": 1997, "y": 0.0}, {"x": 1998, "y": 0.0}, {"x": 1999, "y": 0.0}, {"x": 2000, "y": 0.0}, {"x": 2001, "y": 0.0}, {"x": 2002, "y": 0.0}, {"x": 2003, "y": 0.0}, {"x": 2004, "y": 0.0}, {"x": 2005, "y": 0.0}, {"x": 2006, "y": 0.0}, {"x": 2007, "y": 0.0}, {"x": 2008, "y": 0.0}, {"x": 2009, "y": 0.0}, {"x": 2010, "y": 0.0}, {"x": 2011, "y": 0.0}, {"x": 2012, "y": 0.0}, {"x": 2013, "y": 0.0}, {"x": 2014, "y": 0.0}, {"x": 2015, "y": 0.0}, {"x": 2016, "y": 0.0}, {"x": 2017, "y": 0.0}, {"x": 9999, "y": 13.2}]}, {"id": "DNK", "data": [{"x": 1990, "y": 0.0}, {"x": 1991, "y": 0.0}, {"x": 1992, "y": 0.0}, {"x": 1993, "y": 0.0}, {"x": 1994, "y": 0.0}, {"x": 1995, "y": 0.0}, {"x": 1996, "y": 0.0}, {"x": 1997, "y": 0.0}, {"x": 1998, "y": 0.0}, {"x": 1999, "y": 0.0}, {"x": 2000, "y": 0.0}, {"x": 2001, "y": 0.0}, {"x": 2002, "y": 0.0}, {"x": 2003, "y": 0.0}, {"x": 2004, "y": 0.0}, {"x": 2005, "y": 0.0}, {"x": 2006, "y": 0.0}, {"x": 2007, "y": 0.0}, {"x": 2008, "y": 0.0}, {"x": 2009, "y": 0.0}, {"x": 2010, "y": 0.0}, {"x": 2011, "y": 0.0}, {"x": 2012, "y": 0.0}, {"x": 2013, "y": 0.0}, {"x": 2014, "y": 0.0}, {"x": 2015, "y": 0.0}, {"x": 2016, "y": 0.0}, {"x": 2017, "y": 0.0}, {"x": 9999, "y": 12.2}]}, {"id": "DOM", "data": [{"x": 1990, "y": 0.0}, {"x": 1991, "y": 0.0}, {"x": 1992, "y": 0.0}, {"x": 1993, "y": 0.0}, {"x": 1994, "y": 0.0}, {"x": 1995, "y": 0.0}, {"x": 1996, "y": 0.0}, {"x": 1997, "y": 0.0}, {"x": 1998, "y": 0.0}, {"x": 1999, "y": 0.0}, {"x": 2000, "y": 0.0}, {"x": 2001, "y": 0.0}, {"x": 2002, "y": 0.0}, {"x": 2003, "y": 0.0}, {"x": 2004, "y": 0.0}, {"x": 2005, "y": 0.0}, {"x": 2006, "y": 0.0}, {"x": 2007, "y": 0.0}, {"x": 2008, "y": 0.0}, {"x": 2009, "y": 0.0}, {"x": 2010, "y": 0.0}, {"x": 2011, "y": 0.0}, {"x": 2012, "y": 0.0}, {"x": 2013, "y": 0.0}, {"x": 2014, "y": 0.0}, {"x": 2015, "y": 0.0}, {"x": 2016, "y": 0.0}, {"x": 2017, "y": 0.0}, {"x": 9999, "y": 6.6}]}, {"id": "DZA", "data": [{"x": 1990, "y": 0.0}, {"x": 1991, "y": 0.0}, {"x": 1992, "y": 0.0}, {"x": 1993, "y": 0.0}, {"x": 1994, "y": 0.0}, {"x": 1995, "y": 0.0}, {"x": 1996, "y": 0.0}, {"x": 1997, "y": 0.0}, {"x": 1998, "y": 0.0}, {"x": 1999, "y": 0.0}, {"x": 2000, "y": 0.0}, {"x": 2001, "y": 0.0}, {"x": 2002, "y": 0.0}, {"x": 2003, "y": 0.0}, {"x": 2004, "y": 0.0}, {"x": 2005, "y": 0.0}, {"x": 2006, "y": 0.0}, {"x": 2007, "y": 0.0}, {"x": 2008, "y": 0.0}, {"x": 2009, "y": 0.0}, {"x": 2010, "y": 0.0}, {"x": 2011, "y": 0.0}, {"x": 2012, "y": 0.0}, {"x": 2013, "y": 0.0}, {"x": 2014, "y": 0.0}, {"x": 2015, "y": 0.0}, {"x": 2016, "y": 0.0}, {"x": 2017, "y": 0.0}, {"x": 9999, "y": 26.9}]}, {"id": "ECU", "data": [{"x": 1990, "y": 0.0}, {"x": 1991, "y": 0.0}, {"x": 1992, "y": 0.0}, {"x": 1993, "y": 0.0}, {"x": 1994, "y": 0.0}, {"x": 1995, "y": 0.0}, {"x": 1996, "y": 0.0}, {"x": 1997, "y": 0.0}, {"x": 1998, "y": 0.0}, {"x": 1999, "y": 0.0}, {"x": 2000, "y": 0.0}, {"x": 2001, "y": 0.0}, {"x": 2002, "y": 0.0}, {"x": 2003, "y": 0.0}, {"x": 2004, "y": 0.0}, {"x": 2005, "y": 0.0}, {"x": 2006, "y": 0.0}, {"x": 2007, "y": 0.0}, {"x": 2008, "y": 0.0}, {"x": 2009, "y": 0.0}, {"x": 2010, "y": 0.0}, {"x": 2011, "y": 0.0}, {"x": 2012, "y": 0.0}, {"x": 2013, "y": 0.0}, {"x": 2014, "y": 0.0}, {"x": 2015, "y": 0.0}, {"x": 2016, "y": 0.0}, {"x": 2017, "y": 0.0}, {"x": 9999, "y": 8.3}]}, {"id": "EGY", "data": [{"x": 1990, "y": 0.0}, {"x": 1991, "y": 0.0}, {"x": 1992, "y": 0.0}, {"x": 1993, "y": 0.0}, {"x": 1994, "y": 0.0}, {"x": 1995, "y": 0.0}, {"x": 1996, "y": 0.0}, {"x": 1997, "y": 0.0}, {"x": 1998, "y": 0.0}, {"x": 1999, "y": 0.0}, {"x": 2000, "y": 0.0}, {"x": 2001, "y": 0.0}, {"x": 2002, "y": 0.0}, {"x": 2003, "y": 0.0}, {"x": 2004, "y": 0.0}, {"x": 2005, "y": 0.0}, {"x": 2006, "y": 0.0}, {"x": 2007, "y": 0.0}, {"x": 2008, "y": 0.0}, {"x": 2009, "y": 0.0}, {"x": 2010, "y": 0.0}, {"x": 2011, "y": 0.0}, {"x": 2012, "y": 0.0}, {"x": 2013, "y": 0.0}, {"x": 2014, "y": 0.0}, {"x": 2015, "y": 0.0}, {"x": 2016, "y": 0.0}, {"x": 2017, "y": 0.0}, {"x": 9999, "y": 7.7}]}, {"id": "ESP", "data": [{"x": 1990, "y": 0.0}, {"x": 1991, "y": 0.0}, {"x": 1992, "y": 0.0}, {"x": 1993, "y": 0.0}, {"x": 1994, "y": 0.0}, {"x": 1995, "y": 0.0}, {"x": 1996, "y": 0.0}, {"x": 1997, "y": 0.0}, {"x": 1998, "y": 0.0}, {"x": 1999, "y": 0.0}, {"x": 2000, "y": 0.0}, {"x": 2001, "y": 0.0}, {"x": 2002, "y": 0.0}, {"x": 2003, "y": 0.0}, {"x": 2004, "y": 0.0}, {"x": 2005, "y": 0.0}, {"x": 2006, "y": 0.0}, {"x": 2007, "y": 0.0}, {"x": 2008, "y": 0.0}, {"x": 2009, "y": 0.0}, {"x": 2010, "y": 0.0}, {"x": 2011, "y": 0.0}, {"x": 2012, "y": 0.0}, {"x": 2013, "y": 0.0}, {"x": 2014, "y": 0.0}, {"x": 2015, "y": 0.0}, {"x": 2016, "y": 0.0}, {"x": 2017, "y": 0.0}, {"x": 9999, "y": 12.7}]}, {"id": "EST", "data": [{"x": 1990, "y": 0.0}, {"x": 1991, "y": 0.0}, {"x": 1992, "y": 0.0}, {"x": 1993, "y": 0.0}, {"x": 1994, "y": 0.0}, {"x": 1995, "y": 0.0}, {"x": 1996, "y": 0.0}, {"x": 1997, "y": 0.0}, {"x": 1998, "y": 0.0}, {"x": 1999, "y": 0.0}, {"x": 2000, "y": 0.0}, {"x": 2001, "y": 0.0}, {"x": 2002, "y": 0.0}, {"x": 2003, "y": 0.0}, {"x": 2004, "y": 0.0}, {"x": 2005, "y": 0.0}, {"x": 2006, "y": 0.0}, {"x": 2007, "y": 0.0}, {"x": 2008, "y": 0.0}, {"x": 2009, "y": 0.0}, {"x": 2010, "y": 0.0}, {"x": 2011, "y": 0.0}, {"x": 2012, "y": 0.0}, {"x": 2013, "y": 0.0}, {"x": 2014, "y": 0.0}, {"x": 2015, "y": 0.0}, {"x": 2016, "y": 0.0}, {"x": 2017, "y": 0.0}, {"x": 9999, "y": 16.3}]}, {"id": "ETH", "data": [{"x": 1990, "y": 0.0}, {"x": 1991, "y": 0.0}, {"x": 1992, "y": 0.0}, {"x": 1993, "y": 0.0}, {"x": 1994, "y": 0.0}, {"x": 1995, "y": 0.0}, {"x": 1996, "y": 0.0}, {"x": 1997, "y": 0.0}, {"x": 1998, "y": 0.0}, {"x": 1999, "y": 0.0}, {"x": 2000, "y": 0.0}, {"x": 2001, "y": 0.0}, {"x": 2002, "y": 0.0}, {"x": 2003, "y": 0.0}, {"x": 2004, "y": 0.0}, {"x": 2005, "y": 0.0}, {"x": 2006, "y": 0.0}, {"x": 2007, "y": 0.0}, {"x": 2008, "y": 0.0}, {"x": 2009, "y": 0.0}, {"x": 2010, "y": 0.0}, {"x": 2011, "y": 0.0}, {"x": 2012, "y": 0.0}, {"x": 2013, "y": 0.0}, {"x": 2014, "y": 0.0}, {"x": 2015, "y": 0.0}, {"x": 2016, "y": 0.0}, {"x": 2017, "y": 0.0}, {"x": 9999, "y": 7.6}]}, {"id": "FIN", "data": [{"x": 1990, "y": 0.0}, {"x": 1991, "y": 0.0}, {"x": 1992, "y": 0.0}, {"x": 1993, "y": 0.0}, {"x": 1994, "y": 0.0}, {"x": 1995, "y": 0.0}, {"x": 1996, "y": 0.0}, {"x": 1997, "y": 0.0}, {"x": 1998, "y": 0.0}, {"x": 1999, "y": 0.0}, {"x": 2000, "y": 0.0}, {"x": 2001, "y": 0.0}, {"x": 2002, "y": 0.0}, {"x": 2003, "y": 0.0}, {"x": 2004, "y": 0.0}, {"x": 2005, "y": 0.0}, {"x": 2006, "y": 0.0}, {"x": 2007, "y": 0.0}, {"x": 2008, "y": 0.0}, {"x": 2009, "y": 0.0}, {"x": 2010, "y": 0.0}, {"x": 2011, "y": 0.0}, {"x": 2012, "y": 0.0}, {"x": 2013, "y": 0.0}, {"x": 2014, "y": 0.0}, {"x": 2015, "y": 0.0}, {"x": 2016, "y": 0.0}, {"x": 2017, "y": 0.0}, {"x": 9999, "y": 13.5}]}, {"id": "FRA", "data": [{"x": 1990, "y": 0.0}, {"x": 1991, "y": 0.0}, {"x": 1992, "y": 0.0}, {"x": 1993, "y": 0.0}, {"x": 1994, "y": 0.0}, {"x": 1995, "y": 0.0}, {"x": 1996, "y": 0.0}, {"x": 1997, "y": 0.0}, {"x": 1998, "y": 0.0}, {"x": 1999, "y": 0.0}, {"x": 2000, "y": 0.0}, {"x": 2001, "y": 0.0}, {"x": 2002, "y": 0.0}, {"x": 2003, "y": 0.0}, {"x": 2004, "y": 0.0}, {"x": 2005, "y": 0.0}, {"x": 2006, "y": 0.0}, {"x": 2007, "y": 0.0}, {"x": 2008, "y": 0.0}, {"x": 2009, "y": 0.0}, {"x": 2010, "y": 0.0}, {"x": 2011, "y": 0.0}, {"x": 2012, "y": 0.0}, {"x": 2013, "y": 0.0}, {"x": 2014, "y": 0.0}, {"x": 2015, "y": 0.0}, {"x": 2016, "y": 0.0}, {"x": 2017, "y": 0.0}, {"x": 9999, "y": 14.1}]}, {"id": "GBR", "data": [{"x": 1990, "y": 0.0}, {"x": 1991, "y": 0.0}, {"x": 1992, "y": 0.0}, {"x": 1993, "y": 0.0}, {"x": 1994, "y": 0.0}, {"x": 1995, "y": 0.0}, {"x": 1996, "y": 0.0}, {"x": 1997, "y": 0.0}, {"x": 1998, "y": 0.0}, {"x": 1999, "y": 0.0}, {"x": 2000, "y": 0.0}, {"x": 2001, "y": 0.0}, {"x": 2002, "y": 0.0}, {"x": 2003, "y": 0.0}, {"x": 2004, "y": 0.0}, {"x": 2005, "y": 0.0}, {"x": 2006, "y": 0.0}, {"x": 2007, "y": 0.0}, {"x": 2008, "y": 0.0}, {"x": 2009, "y": 0.0}, {"x": 2010, "y": 0.0}, {"x": 2011, "y": 0.0}, {"x": 2012, "y": 0.0}, {"x": 2013, "y": 0.0}, {"x": 2014, "y": 0.0}, {"x": 2015, "y": 0.0}, {"x": 2016, "y": 0.0}, {"x": 2017, "y": 0.0}, {"x": 9999, "y": 17.4}]}, {"id": "GEO", "data": [{"x": 1990, "y": 0.0}, {"x": 1991, "y": 0.0}, {"x": 1992, "y": 0.0}, {"x": 1993, "y": 0.0}, {"x": 1994, "y": 0.0}, {"x": 1995, "y": 0.0}, {"x": 1996, "y": 0.0}, {"x": 1997, "y": 0.0}, {"x": 1998, "y": 0.0}, {"x": 1999, "y": 0.0}, {"x": 2000, "y": 0.0}, {"x": 2001, "y": 0.0}, {"x": 2002, "y": 0.0}, {"x": 2003, "y": 0.0}, {"x": 2004, "y": 0.0}, {"x": 2005, "y": 0.0}, {"x": 2006, "y": 0.0}, {"x": 2007, "y": 0.0}, {"x": 2008, "y": 0.0}, {"x": 2009, "y": 0.0}, {"x": 2010, "y": 0.0}, {"x": 2011, "y": 0.0}, {"x": 2012, "y": 0.0}, {"x": 2013, "y": 0.0}, {"x": 2014, "y": 0.0}, {"x": 2015, "y": 0.0}, {"x": 2016, "y": 0.0}, {"x": 2017, "y": 0.0}, {"x": 9999, "y": 16.0}]}, {"id": "GHA", "data": [{"x": 1990, "y": 0.0}, {"x": 1991, "y": 0.0}, {"x": 1992, "y": 0.0}, {"x": 1993, "y": 0.0}, {"x": 1994, "y": 0.0}, {"x": 1995, "y": 0.0}, {"x": 1996, "y": 0.0}, {"x": 1997, "y": 0.0}, {"x": 1998, "y": 0.0}, {"x": 1999, "y": 0.0}, {"x": 2000, "y": 0.0}, {"x": 2001, "y": 0.0}, {"x": 2002, "y": 0.0}, {"x": 2003, "y": 0.0}, {"x": 2004, "y": 0.0}, {"x": 2005, "y": 0.0}, {"x": 2006, "y": 0.0}, {"x": 2007, "y": 0.0}, {"x": 2008, "y": 0.0}, {"x": 2009, "y": 0.0}, {"x": 2010, "y": 0.0}, {"x": 2011, "y": 0.0}, {"x": 2012, "y": 0.0}, {"x": 2013, "y": 0.0}, {"x": 2014, "y": 0.0}, {"x": 2015, "y": 0.0}, {"x": 2016, "y": 0.0}, {"x": 2017, "y": 0.0}, {"x": 9999, "y": 6.0}]}, {"id": "GRC", "data": [{"x": 1990, "y": 0.0}, {"x": 1991, "y": 0.0}, {"x": 1992, "y": 0.0}, {"x": 1993, "y": 0.0}, {"x": 1994, "y": 0.0}, {"x": 1995, "y": 0.0}, {"x": 1996, "y": 0.0}, {"x": 1997, "y": 0.0}, {"x": 1998, "y": 0.0}, {"x": 1999, "y": 0.0}, {"x": 2000, "y": 0.0}, {"x": 2001, "y": 0.0}, {"x": 2002, "y": 0.0}, {"x": 2003, "y": 0.0}, {"x": 2004, "y": 0.0}, {"x": 2005, "y": 0.0}, {"x": 2006, "y": 0.0}, {"x": 2007, "y": 0.0}, {"x": 2008, "y": 0.0}, {"x": 2009, "y": 0.0}, {"x": 2010, "y": 0.0}, {"x": 2011, "y": 0.0}, {"x": 2012, "y": 0.0}, {"x": 2013, "y": 0.0}, {"x": 2014, "y": 0.0}, {"x": 2015, "y": 0.0}, {"x": 2016, "y": 0.0}, {"x": 2017, "y": 0.0}, {"x": 9999, "y": 19.5}]}, {"id": "GRD", "data": [{"x": 1990, "y": 0.0}, {"x": 1991, "y": 0.0}, {"x": 1992, "y": 0.0}, {"x": 1993, "y": 0.0}, {"x": 1994, "y": 0.0}, {"x": 1995, "y": 0.0}, {"x": 1996, "y": 0.0}, {"x": 1997, "y": 0.0}, {"x": 1998, "y": 0.0}, {"x": 1999, "y": 0.0}, {"x": 2000, "y": 0.0}, {"x": 2001, "y": 0.0}, {"x": 2002, "y": 0.0}, {"x": 2003, "y": 0.0}, {"x": 2004, "y": 0.0}, {"x": 2005, "y": 0.0}, {"x": 2006, "y": 0.0}, {"x": 2007, "y": 0.0}, {"x": 2008, "y": 0.0}, {"x": 2009, "y": 0.0}, {"x": 2010, "y": 0.0}, {"x": 2011, "y": 0.0}, {"x": 2012, "y": 0.0}, {"x": 2013, "y": 0.0}, {"x": 2014, "y": 0.0}, {"x": 2015, "y": 0.0}, {"x": 2016, "y": 0.0}, {"x": 2017, "y": 0.0}, {"x": 9999, "y": 11.0}]}, {"id": "GTM", "data": [{"x": 1990, "y": 0.0}, {"x": 1991, "y": 0.0}, {"x": 1992, "y": 0.0}, {"x": 1993, "y": 0.0}, {"x": 1994, "y": 0.0}, {"x": 1995, "y": 0.0}, {"x": 1996, "y": 0.0}, {"x": 1997, "y": 0.0}, {"x": 1998, "y": 0.0}, {"x": 1999, "y": 0.0}, {"x": 2000, "y": 0.0}, {"x": 2001, "y": 0.0}, {"x": 2002, "y": 0.0}, {"x": 2003, "y": 0.0}, {"x": 2004, "y": 0.0}, {"x": 2005, "y": 0.0}, {"x": 2006, "y": 0.0}, {"x": 2007, "y": 0.0}, {"x": 2008, "y": 0.0}, {"x": 2009, "y": 0.0}, {"x": 2010, "y": 0.0}, {"x": 2011, "y": 0.0}, {"x": 2012, "y": 0.0}, {"x": 2013, "y": 0.0}, {"x": 2014, "y": 0.0}, {"x": 2015, "y": 0.0}, {"x": 2016, "y": 0.0}, {"x": 2017, "y": 0.0}, {"x": 9999, "y": 5.4}]}, {"id": "GUY", "data": [{"x": 1990, "y": 0.0}, {"x": 1991, "y": 0.0}, {"x": 1992, "y": 0.0}, {"x": 1993, "y": 0.0}, {"x": 1994, "y": 0.0}, {"x": 1995, "y": 0.0}, {"x": 1996, "y": 0.0}, {"x": 1997, "y": 0.0}, {"x": 1998, "y": 0.0}, {"x": 1999, "y": 0.0}, {"x": 2000, "y": 0.0}, {"x": 2001, "y": 0.0}, {"x": 2002, "y": 0.0}, {"x": 2003, "y": 0.0}, {"x": 2004, "y": 0.0}, {"x": 2005, "y": 0.0}, {"x": 2006, "y": 0.0}, {"x": 2007, "y": 0.0}, {"x": 2008, "y": 0.0}, {"x": 2009, "y": 0.0}, {"x": 2010, "y": 0.0}, {"x": 2011, "y": 0.0}, {"x": 2012, "y": 0.0}, {"x": 2013, "y": 0.0}, {"x": 2014, "y": 0.0}, {"x": 2015, "y": 0.0}, {"x": 2016, "y": 0.0}, {"x": 2017, "y": 0.0}, {"x": 9999, "y": 5.2}]}, {"id": "HND", "data": [{"x": 1990, "y": 0.0}, {"x": 1991, "y": 0.0}, {"x": 1992, "y": 0.0}, {"x": 1993, "y": 0.0}, {"x": 1994, "y": 0.0}, {"x": 1995, "y": 0.0}, {"x": 1996, "y": 0.0}, {"x": 1997, "y": 0.0}, {"x": 1998, "y": 0.0}, {"x": 1999, "y": 0.0}, {"x": 2000, "y": 0.0}, {"x": 2001, "y": 0.0}, {"x": 2002, "y": 0.0}, {"x": 2003, "y": 0.0}, {"x": 2004, "y": 0.0}, {"x": 2005, "y": 0.0}, {"x": 2006, "y": 0.0}, {"x": 2007, "y": 0.0}, {"x": 2008, "y": 0.0}, {"x": 2009, "y": 0.0}, {"x": 2010, "y": 0.0}, {"x": 2011, "y": 0.0}, {"x": 2012, "y": 0.0}, {"x": 2013, "y": 0.0}, {"x": 2014, "y": 0.0}, {"x": 2015, "y": 0.0}, {"x": 2016, "y": 0.0}, {"x": 2017, "y": 0.0}, {"x": 9999, "y": 8.6}]}, {"id": "HRV", "data": [{"x": 1990, "y": 0.0}, {"x": 1991, "y": 0.0}, {"x": 1992, "y": 0.0}, {"x": 1993, "y": 0.0}, {"x": 1994, "y": 0.0}, {"x": 1995, "y": 0.0}, {"x": 1996, "y": 0.0}, {"x": 1997, "y": 0.0}, {"x": 1998, "y": 0.0}, {"x": 1999, "y": 0.0}, {"x": 2000, "y": 0.0}, {"x": 2001, "y": 0.0}, {"x": 2002, "y": 0.0}, {"x": 2003, "y": 0.0}, {"x": 2004, "y": 0.0}, {"x": 2005, "y": 0.0}, {"x": 2006, "y": 0.0}, {"x": 2007, "y": 0.0}, {"x": 2008, "y": 0.0}, {"x": 2009, "y": 0.0}, {"x": 2010, "y": 0.0}, {"x": 2011, "y": 0.0}, {"x": 2012, "y": 0.0}, {"x": 2013, "y": 0.0}, {"x": 2014, "y": 0.0}, {"x": 2015, "y": 0.0}, {"x": 2016, "y": 0.0}, {"x": 2017, "y": 0.0}, {"x": 9999, "y": 16.0}]}, {"id": "HUN", "data": [{"x": 1990, "y": 0.0}, {"x": 1991, "y": 0.0}, {"x": 1992, "y": 0.0}, {"x": 1993, "y": 0.0}, {"x": 1994, "y": 0.0}, {"x": 1995, "y": 0.0}, {"x": 1996, "y": 0.0}, {"x": 1997, "y": 0.0}, {"x": 1998, "y": 0.0}, {"x": 1999, "y": 0.0}, {"x": 2000, "y": 0.0}, {"x": 2001, "y": 0.0}, {"x": 2002, "y": 0.0}, {"x": 2003, "y": 0.0}, {"x": 2004, "y": 0.0}, {"x": 2005, "y": 0.0}, {"x": 2006, "y": 0.0}, {"x": 2007, "y": 0.0}, {"x": 2008, "y": 0.0}, {"x": 2009, "y": 0.0}, {"x": 2010, "y": 0.0}, {"x": 2011, "y": 0.0}, {"x": 2012, "y": 0.0}, {"x": 2013, "y": 0.0}, {"x": 2014, "y": 0.0}, {"x": 2015, "y": 0.0}, {"x": 2016, "y": 0.0}, {"x": 2017, "y": 0.0}, {"x": 9999, "y": 11.7}]}, {"id": "IDN", "data": [{"x": 1990, "y": 0.0}, {"x": 1991, "y": 0.0}, {"x": 1992, "y": 0.0}, {"x": 1993, "y": 0.0}, {"x": 1994, "y": 0.0}, {"x": 1995, "y": 0.0}, {"x": 1996, "y": 0.0}, {"x": 1997, "y": 0.0}, {"x": 1998, "y": 0.0}, {"x": 1999, "y": 0.0}, {"x": 2000, "y": 0.0}, {"x": 2001, "y": 0.0}, {"x": 2002, "y": 0.0}, {"x": 2003, "y": 0.0}, {"x": 2004, "y": 0.0}, {"x": 2005, "y": 0.0}, {"x": 2006, "y": 0.0}, {"x": 2007, "y": 0.0}, {"x": 2008, "y": 0.0}, {"x": 2009, "y": 0.0}, {"x": 2010, "y": 0.0}, {"x": 2011, "y": 0.0}, {"x": 2012, "y": 0.0}, {"x": 2013, "y": 0.0}, {"x": 2014, "y": 0.0}, {"x": 2015, "y": 0.0}, {"x": 2016, "y": 0.0}, {"x": 2017, "y": 0.0}, {"x": 9999, "y": 14.9}]}, {"id": "IND", "data": [{"x": 1990, "y": 0.0}, {"x": 1991, "y": 0.0}, {"x": 1992, "y": 0.0}, {"x": 1993, "y": 0.0}, {"x": 1994, "y": 0.0}, {"x": 1995, "y": 0.0}, {"x": 1996, "y": 0.0}, {"x": 1997, "y": 0.0}, {"x": 1998, "y": 0.0}, {"x": 1999, "y": 0.0}, {"x": 2000, "y": 0.0}, {"x": 2001, "y": 0.0}, {"x": 2002, "y": 0.0}, {"x": 2003, "y": 0.0}, {"x": 2004, "y": 0.0}, {"x": 2005, "y": 0.0}, {"x": 2006, "y": 0.0}, {"x": 2007, "y": 0.0}, {"x": 2008, "y": 0.0}, {"x": 2009, "y": 0.0}, {"x": 2010, "y": 0.0}, {"x": 2011, "y": 0.0}, {"x": 2012, "y": 0.0}, {"x": 2013, "y": 0.0}, {"x": 2014, "y": 0.0}, {"x": 2015, "y": 0.0}, {"x": 2016, "y": 0.0}, {"x": 2017, "y": 0.0}, {"x": 9999, "y": 26.9}]}, {"id": "IRL", "data": [{"x": 1990, "y": 0.0}, {"x": 1991, "y": 0.0}, {"x": 1992, "y": 0.0}, {"x": 1993, "y": 0.0}, {"x": 1994, "y": 0.0}, {"x": 1995, "y": 0.0}, {"x": 1996, "y": 0.0}, {"x": 1997, "y": 0.0}, {"x": 1998, "y": 0.0}, {"x": 1999, "y": 0.0}, {"x": 2000, "y": 0.0}, {"x": 2001, "y": 0.0}, {"x": 2002, "y": 0.0}, {"x": 2003, "y": 0.0}, {"x": 2004, "y": 0.0}, {"x": 2005, "y": 0.0}, {"x": 2006, "y": 0.0}, {"x": 2007, "y": 0.0}, {"x": 2008, "y": 0.0}, {"x": 2009, "y": 0.0}, {"x": 2010, "y": 0.0}, {"x": 2011, "y": 0.0}, {"x": 2012, "y": 0.0}, {"x": 2013, "y": 0.0}, {"x": 2014, "y": 0.0}, {"x": 2015, "y": 0.0}, {"x": 2016, "y": 0.0}, {"x": 2017, "y": 0.0}, {"x": 9999, "y": 13.7}]}, {"id": "IRN", "data": [{"x": 1990, "y": 0.0}, {"x": 1991, "y": 0.0}, {"x": 1992, "y": 0.0}, {"x": 1993, "y": 0.0}, {"x": 1994, "y": 0.0}, {"x": 1995, "y": 0.0}, {"x": 1996, "y": 0.0}, {"x": 1997, "y": 0.0}, {"x": 1998, "y": 0.0}, {"x": 1999, "y": 0.0}, {"x": 2000, "y": 0.0}, {"x": 2001, "y": 0.0}, {"x": 2002, "y": 0.0}, {"x": 2003, "y": 0.0}, {"x": 2004, "y": 0.0}, {"x": 2005, "y": 0.0}, {"x": 2006, "y": 0.0}, {"x": 2007, "y": 0.0}, {"x": 2008, "y": 0.0}, {"x": 2009, "y": 0.0}, {"x": 2010, "y": 0.0}, {"x": 2011, "y": 0.0}, {"x": 2012, "y": 0.0}, {"x": 2013, "y": 0.0}, {"x": 2014, "y": 0.0}, {"x": 2015, "y": 0.0}, {"x": 2016, "y": 0.0}, {"x": 2017, "y": 0.0}, {"x": 9999, "y": 32.1}]}, {"id": "ISL", "data": [{"x": 1990, "y": 0.0}, {"x": 1991, "y": 0.0}, {"x": 1992, "y": 0.0}, {"x": 1993, "y": 0.0}, {"x": 1994, "y": 0.0}, {"x": 1995, "y": 0.0}, {"x": 1996, "y": 0.0}, {"x": 1997, "y": 0.0}, {"x": 1998, "y": 0.0}, {"x": 1999, "y": 0.0}, {"x": 2000, "y": 0.0}, {"x": 2001, "y": 0.0}, {"x": 2002, "y": 0.0}, {"x": 2003, "y": 0.0}, {"x": 2004, "y": 0.0}, {"x": 2005, "y": 0.0}, {"x": 2006, "y": 0.0}, {"x": 2007, "y": 0.0}, {"x": 2008, "y": 0.0}, {"x": 2009, "y": 0.0}, {"x": 2010, "y": 0.0}, {"x": 2011, "y": 0.0}, {"x": 2012, "y": 0.0}, {"x": 2013, "y": 0.0}, {"x": 2014, "y": 0.0}, {"x": 2015, "y": 0.0}, {"x": 2016, "y": 0.0}, {"x": 2017, "y": 0.0}, {"x": 9999, "y": 10.3}]}, {"id": "ITA", "data": [{"x": 1990, "y": 0.0}, {"x": 1991, "y": 0.0}, {"x": 1992, "y": 0.0}, {"x": 1993, "y": 0.0}, {"x": 1994, "y": 0.0}, {"x": 1995, "y": 0.0}, {"x": 1996, "y": 0.0}, {"x": 1997, "y": 0.0}, {"x": 1998, "y": 0.0}, {"x": 1999, "y": 0.0}, {"x": 2000, "y": 0.0}, {"x": 2001, "y": 0.0}, {"x": 2002, "y": 0.0}, {"x": 2003, "y": 0.0}, {"x": 2004, "y": 0.0}, {"x": 2005, "y": 0.0}, {"x": 2006, "y": 0.0}, {"x": 2007, "y": 0.0}, {"x": 2008, "y": 0.0}, {"x": 2009, "y": 0.0}, {"x": 2010, "y": 0.0}, {"x": 2011, "y": 0.0}, {"x": 2012, "y": 0.0}, {"x": 2013, "y": 0.0}, {"x": 2014, "y": 0.0}, {"x": 2015, "y": 0.0}, {"x": 2016, "y": 0.0}, {"x": 2017, "y": 0.0}, {"x": 9999, "y": 16.0}]}, {"id": "JOR", "data": [{"x": 1990, "y": 0.0}, {"x": 1991, "y": 0.0}, {"x": 1992, "y": 0.0}, {"x": 1993, "y": 0.0}, {"x": 1994, "y": 0.0}, {"x": 1995, "y": 0.0}, {"x": 1996, "y": 0.0}, {"x": 1997, "y": 0.0}, {"x": 1998, "y": 0.0}, {"x": 1999, "y": 0.0}, {"x": 2000, "y": 0.0}, {"x": 2001, "y": 0.0}, {"x": 2002, "y": 0.0}, {"x": 2003, "y": 0.0}, {"x": 2004, "y": 0.0}, {"x": 2005, "y": 0.0}, {"x": 2006, "y": 0.0}, {"x": 2007, "y": 0.0}, {"x": 2008, "y": 0.0}, {"x": 2009, "y": 0.0}, {"x": 2010, "y": 0.0}, {"x": 2011, "y": 0.0}, {"x": 2012, "y": 0.0}, {"x": 2013, "y": 0.0}, {"x": 2014, "y": 0.0}, {"x": 2015, "y": 0.0}, {"x": 2016, "y": 0.0}, {"x": 2017, "y": 0.0}, {"x": 9999, "y": 18.4}]}, {"id": "KAZ", "data": [{"x": 1990, "y": 0.0}, {"x": 1991, "y": 0.0}, {"x": 1992, "y": 0.0}, {"x": 1993, "y": 0.0}, {"x": 1994, "y": 0.0}, {"x": 1995, "y": 0.0}, {"x": 1996, "y": 0.0}, {"x": 1997, "y": 0.0}, {"x": 1998, "y": 0.0}, {"x": 1999, "y": 0.0}, {"x": 2000, "y": 0.0}, {"x": 2001, "y": 0.0}, {"x": 2002, "y": 0.0}, {"x": 2003, "y": 0.0}, {"x": 2004, "y": 0.0}, {"x": 2005, "y": 0.0}, {"x": 2006, "y": 0.0}, {"x": 2007, "y": 0.0}, {"x": 2008, "y": 0.0}, {"x": 2009, "y": 0.0}, {"x": 2010, "y": 0.0}, {"x": 2011, "y": 0.0}, {"x": 2012, "y": 0.0}, {"x": 2013, "y": 0.0}, {"x": 2014, "y": 0.0}, {"x": 2015, "y": 0.0}, {"x": 2016, "y": 0.0}, {"x": 2017, "y": 0.0}, {"x": 9999, "y": 13.7}]}, {"id": "KGZ", "data": [{"x": 1990, "y": 0.0}, {"x": 1991, "y": 0.0}, {"x": 1992, "y": 0.0}, {"x": 1993, "y": 0.0}, {"x": 1994, "y": 0.0}, {"x": 1995, "y": 0.0}, {"x": 1996, "y": 0.0}, {"x": 1997, "y": 0.0}, {"x": 1998, "y": 0.0}, {"x": 1999, "y": 0.0}, {"x": 2000, "y": 0.0}, {"x": 2001, "y": 0.0}, {"x": 2002, "y": 0.0}, {"x": 2003, "y": 0.0}, {"x": 2004, "y": 0.0}, {"x": 2005, "y": 0.0}, {"x": 2006, "y": 0.0}, {"x": 2007, "y": 0.0}, {"x": 2008, "y": 0.0}, {"x": 2009, "y": 0.0}, {"x": 2010, "y": 0.0}, {"x": 2011, "y": 0.0}, {"x": 2012, "y": 0.0}, {"x": 2013, "y": 0.0}, {"x": 2014, "y": 0.0}, {"x": 2015, "y": 0.0}, {"x": 2016, "y": 0.0}, {"x": 2017, "y": 0.0}, {"x": 9999, "y": 9.6}]}, {"id": "KHM", "data": [{"x": 1990, "y": 0.0}, {"x": 1991, "y": 0.0}, {"x": 1992, "y": 0.0}, {"x": 1993, "y": 0.0}, {"x": 1994, "y": 0.0}, {"x": 1995, "y": 0.0}, {"x": 1996, "y": 0.0}, {"x": 1997, "y": 0.0}, {"x": 1998, "y": 0.0}, {"x": 1999, "y": 0.0}, {"x": 2000, "y": 0.0}, {"x": 2001, "y": 0.0}, {"x": 2002, "y": 0.0}, {"x": 2003, "y": 0.0}, {"x": 2004, "y": 0.0}, {"x": 2005, "y": 0.0}, {"x": 2006, "y": 0.0}, {"x": 2007, "y": 0.0}, {"x": 2008, "y": 0.0}, {"x": 2009, "y": 0.0}, {"x": 2010, "y": 0.0}, {"x": 2011, "y": 0.0}, {"x": 2012, "y": 0.0}, {"x": 2013, "y": 0.0}, {"x": 2014, "y": 0.0}, {"x": 2015, "y": 0.0}, {"x": 2016, "y": 0.0}, {"x": 2017, "y": 0.0}, {"x": 9999, "y": 6.0}]}, {"id": "KOR", "data": [{"x": 1990, "y": 0.0}, {"x": 1991, "y": 0.0}, {"x": 1992, "y": 0.0}, {"x": 1993, "y": 0.0}, {"x": 1994, "y": 0.0}, {"x": 1995, "y": 0.0}, {"x": 1996, "y": 0.0}, {"x": 1997, "y": 0.0}, {"x": 1998, "y": 0.0}, {"x": 1999, "y": 0.0}, {"x": 2000, "y": 0.0}, {"x": 2001, "y": 0.0}, {"x": 2002, "y": 0.0}, {"x": 2003, "y": 0.0}, {"x": 2004, "y": 0.0}, {"x": 2005, "y": 0.0}, {"x": 2006, "y": 0.0}, {"x": 2007, "y": 0.0}, {"x": 2008, "y": 0.0}, {"x": 2009, "y": 0.0}, {"x": 2010, "y": 0.0}, {"x": 2011, "y": 0.0}, {"x": 2012, "y": 0.0}, {"x": 2013, "y": 0.0}, {"x": 2014, "y": 0.0}, {"x": 2015, "y": 0.0}, {"x": 2016, "y": 0.0}, {"x": 2017, "y": 0.0}, {"x": 9999, "y": 15.4}]}, {"id": "LAO", "data": [{"x": 1990, "y": 0.0}, {"x": 1991, "y": 0.0}, {"x": 1992, "y": 0.0}, {"x": 1993, "y": 0.0}, {"x": 1994, "y": 0.0}, {"x": 1995, "y": 0.0}, {"x": 1996, "y": 0.0}, {"x": 1997, "y": 0.0}, {"x": 1998, "y": 0.0}, {"x": 1999, "y": 0.0}, {"x": 2000, "y": 0.0}, {"x": 2001, "y": 0.0}, {"x": 2002, "y": 0.0}, {"x": 2003, "y": 0.0}, {"x": 2004, "y": 0.0}, {"x": 2005, "y": 0.0}, {"x": 2006, "y": 0.0}, {"x": 2007, "y": 0.0}, {"x": 2008, "y": 0.0}, {"x": 2009, "y": 0.0}, {"x": 2010, "y": 0.0}, {"x": 2011, "y": 0.0}, {"x": 2012, "y": 0.0}, {"x": 2013, "y": 0.0}, {"x": 2014, "y": 0.0}, {"x": 2015, "y": 0.0}, {"x": 2016, "y": 0.0}, {"x": 2017, "y": 0.0}, {"x": 9999, "y": 5.7}]}, {"id": "LBN", "data": [{"x": 1990, "y": 0.0}, {"x": 1991, "y": 0.0}, {"x": 1992, "y": 0.0}, {"x": 1993, "y": 0.0}, {"x": 1994, "y": 0.0}, {"x": 1995, "y": 0.0}, {"x": 1996, "y": 0.0}, {"x": 1997, "y": 0.0}, {"x": 1998, "y": 0.0}, {"x": 1999, "y": 0.0}, {"x": 2000, "y": 0.0}, {"x": 2001, "y": 0.0}, {"x": 2002, "y": 0.0}, {"x": 2003, "y": 0.0}, {"x": 2004, "y": 0.0}, {"x": 2005, "y": 0.0}, {"x": 2006, "y": 0.0}, {"x": 2007, "y": 0.0}, {"x": 2008, "y": 0.0}, {"x": 2009, "y": 0.0}, {"x": 2010, "y": 0.0}, {"x": 2011, "y": 0.0}, {"x": 2012, "y": 0.0}, {"x": 2013, "y": 0.0}, {"x": 2014, "y": 0.0}, {"x": 2015, "y": 0.0}, {"x": 2016, "y": 0.0}, {"x": 2017, "y": 0.0}, {"x": 9999, "y": 18.0}]}, {"id": "LSO", "data": [{"x": 1990, "y": 0.0}, {"x": 1991, "y": 0.0}, {"x": 1992, "y": 0.0}, {"x": 1993, "y": 0.0}, {"x": 1994, "y": 0.0}, {"x": 1995, "y": 0.0}, {"x": 1996, "y": 0.0}, {"x": 1997, "y": 0.0}, {"x": 1998, "y": 0.0}, {"x": 1999, "y": 0.0}, {"x": 2000, "y": 0.0}, {"x": 2001, "y": 0.0}, {"x": 2002, "y": 0.0}, {"x": 2003, "y": 0.0}, {"x": 2004, "y": 0.0}, {"x": 2005, "y": 0.0}, {"x": 2006, "y": 0.0}, {"x": 2007, "y": 0.0}, {"x": 2008, "y": 0.0}, {"x": 2009, "y": 0.0}, {"x": 2010, "y": 0.0}, {"x": 2011, "y": 0.0}, {"x": 2012, "y": 0.0}, {"x": 2013, "y": 0.0}, {"x": 2014, "y": 0.0}, {"x": 2015, "y": 0.0}, {"x": 2016, "y": 0.0}, {"x": 2017, "y": 0.0}, {"x": 9999, "y": 4.5}]}, {"id": "LTU", "data": [{"x": 1990, "y": 0.0}, {"x": 1991, "y": 0.0}, {"x": 1992, "y": 0.0}, {"x": 1993, "y": 0.0}, {"x": 1994, "y": 0.0}, {"x": 1995, "y": 0.0}, {"x": 1996, "y": 0.0}, {"x": 1997, "y": 0.0}, {"x": 1998, "y": 0.0}, {"x": 1999, "y": 0.0}, {"x": 2000, "y": 0.0}, {"x": 2001, "y": 0.0}, {"x": 2002, "y": 0.0}, {"x": 2003, "y": 0.0}, {"x": 2004, "y": 0.0}, {"x": 2005, "y": 0.0}, {"x": 2006, "y": 0.0}, {"x": 2007, "y": 0.0}, {"x": 2008, "y": 0.0}, {"x": 2009, "y": 0.0}, {"x": 2010, "y": 0.0}, {"x": 2011, "y": 0.0}, {"x": 2012, "y": 0.0}, {"x": 2013, "y": 0.0}, {"x": 2014, "y": 0.0}, {"x": 2015, "y": 0.0}, {"x": 2016, "y": 0.0}, {"x": 2017, "y": 0.0}, {"x": 9999, "y": 11.4}]}, {"id": "LUX", "data": [{"x": 1990, "y": 0.0}, {"x": 1991, "y": 0.0}, {"x": 1992, "y": 0.0}, {"x": 1993, "y": 0.0}, {"x": 1994, "y": 0.0}, {"x": 1995, "y": 0.0}, {"x": 1996, "y": 0.0}, {"x": 1997, "y": 0.0}, {"x": 1998, "y": 0.0}, {"x": 1999, "y": 0.0}, {"x": 2000, "y": 0.0}, {"x": 2001, "y": 0.0}, {"x": 2002, "y": 0.0}, {"x": 2003, "y": 0.0}, {"x": 2004, "y": 0.0}, {"x": 2005, "y": 0.0}, {"x": 2006, "y": 0.0}, {"x": 2007, "y": 0.0}, {"x": 2008, "y": 0.0}, {"x": 2009, "y": 0.0}, {"x": 2010, "y": 0.0}, {"x": 2011, "y": 0.0}, {"x": 2012, "y": 0.0}, {"x": 2013, "y": 0.0}, {"x": 2014, "y": 0.0}, {"x": 2015, "y": 0.0}, {"x": 2016, "y": 0.0}, {"x": 2017, "y": 0.0}, {"x": 9999, "y": 5.3}]}, {"id": "LVA", "data": [{"x": 1990, "y": 0.0}, {"x": 1991, "y": 0.0}, {"x": 1992, "y": 0.0}, {"x": 1993, "y": 0.0}, {"x": 1994, "y": 0.0}, {"x": 1995, "y": 0.0}, {"x": 1996, "y": 0.0}, {"x": 1997, "y": 0.0}, {"x": 1998, "y": 0.0}, {"x": 1999, "y": 0.0}, {"x": 2000, "y": 0.0}, {"x": 2001, "y": 0.0}, {"x": 2002, "y": 0.0}, {"x": 2003, "y": 0.0}, {"x": 2004, "y": 0.0}, {"x": 2005, "y": 0.0}, {"x": 2006, "y": 0.0}, {"x": 2007, "y": 0.0}, {"x": 2008, "y": 0.0}, {"x": 2009, "y": 0.0}, {"x": 2010, "y": 0.0}, {"x": 2011, "y": 0.0}, {"x": 2012, "y": 0.0}, {"x": 2013, "y": 0.0}, {"x": 2014, "y": 0.0}, {"x": 2015, "y": 0.0}, {"x": 2016, "y": 0.0}, {"x": 2017, "y": 0.0}, {"x": 9999, "y": 10.0}]}, {"id": "MAR", "data": [{"x": 1990, "y": 0.0}, {"x": 1991, "y": 0.0}, {"x": 1992, "y": 0.0}, {"x": 1993, "y": 0.0}, {"x": 1994, "y": 0.0}, {"x": 1995, "y": 0.0}, {"x": 1996, "y": 0.0}, {"x": 1997, "y": 0.0}, {"x": 1998, "y": 0.0}, {"x": 1999, "y": 0.0}, {"x": 2000, "y": 0.0}, {"x": 2001, "y": 0.0}, {"x": 2002, "y": 0.0}, {"x": 2003, "y": 0.0}, {"x": 2004, "y": 0.0}, {"x": 2005, "y": 0.0}, {"x": 2006, "y": 0.0}, {"x": 2007, "y": 0.0}, {"x": 2008, "y": 0.0}, {"x": 2009, "y": 0.0}, {"x": 2010, "y": 0.0}, {"x": 2011, "y": 0.0}, {"x": 2012, "y": 0.0}, {"x": 2013, "y": 0.0}, {"x": 2014, "y": 0.0}, {"x": 2015, "y": 0.0}, {"x": 2016, "y": 0.0}, {"x": 2017, "y": 0.0}, {"x": 9999, "y": 17.5}]}, {"id": "MDA", "data": [{"x": 1990, "y": 0.0}, {"x": 1991, "y": 0.0}, {"x": 1992, "y": 0.0}, {"x": 1993, "y": 0.0}, {"x": 1994, "y": 0.0}, {"x": 1995, "y": 0.0}, {"x": 1996, "y": 0.0}, {"x": 1997, "y": 0.0}, {"x": 1998, "y": 0.0}, {"x": 1999, "y": 0.0}, {"x": 2000, "y": 0.0}, {"x": 2001, "y": 0.0}, {"x": 2002, "y": 0.0}, {"x": 2003, "y": 0.0}, {"x": 2004, "y": 0.0}, {"x": 2005, "y": 0.0}, {"x": 2006, "y": 0.0}, {"x": 2007, "y": 0.0}, {"x": 2008, "y": 0.0}, {"x": 2009, "y": 0.0}, {"x": 2010, "y": 0.0}, {"x": 2011, "y": 0.0}, {"x": 2012, "y": 0.0}, {"x": 2013, "y": 0.0}, {"x": 2014, "y": 0.0}, {"x": 2015, "y": 0.0}, {"x": 2016, "y": 0.0}, {"x": 2017, "y": 0.0}, {"x": 9999, "y": 12.1}]}, {"id": "MDG", "data": [{"x": 1990, "y": 0.0}, {"x": 1991, "y": 0.0}, {"x": 1992, "y": 0.0}, {"x": 1993, "y": 0.0}, {"x": 1994, "y": 0.0}, {"x": 1995, "y": 0.0}, {"x": 1996, "y": 0.0}, {"x": 1997, "y": 0.0}, {"x": 1998, "y": 0.0}, {"x": 1999, "y": 0.0}, {"x": 2000, "y": 0.0}, {"x": 2001, "y": 0.0}, {"x": 2002, "y": 0.0}, {"x": 2003, "y": 0.0}, {"x": 2004, "y": 0.0}, {"x": 2005, "y": 0.0}, {"x": 2006, "y": 0.0}, {"x": 2007, "y": 0.0}, {"x": 2008, "y": 0.0}, {"x": 2009, "y": 0.0}, {"x": 2010, "y": 0.0}, {"x": 2011, "y": 0.0}, {"x": 2012, "y": 0.0}, {"x": 2013, "y": 0.0}, {"x": 2014, "y": 0.0}, {"x": 2015, "y": 0.0}, {"x": 2016, "y": 0.0}, {"x": 2017, "y": 0.0}, {"x": 9999, "y": 16.2}]}, {"id": "MEX", "data": [{"x": 1990, "y": 0.0}, {"x": 1991, "y": 0.0}, {"x": 1992, "y": 0.0}, {"x": 1993, "y": 0.0}, {"x": 1994, "y": 0.0}, {"x": 1995, "y": 0.0}, {"x": 1996, "y": 0.0}, {"x": 1997, "y": 0.0}, {"x": 1998, "y": 0.0}, {"x": 1999, "y": 0.0}, {"x": 2000, "y": 0.0}, {"x": 2001, "y": 0.0}, {"x": 2002, "y": 0.0}, {"x": 2003, "y": 0.0}, {"x": 2004, "y": 0.0}, {"x": 2005, "y": 0.0}, {"x": 2006, "y": 0.0}, {"x": 2007, "y": 0.0}, {"x": 2008, "y": 0.0}, {"x": 2009, "y": 0.0}, {"x": 2010, "y": 0.0}, {"x": 2011, "y": 0.0}, {"x": 2012, "y": 0.0}, {"x": 2013, "y": 0.0}, {"x": 2014, "y": 0.0}, {"x": 2015, "y": 0.0}, {"x": 2016, "y": 0.0}, {"x": 2017, "y": 0.0}, {"x": 9999, "y": 16.6}]}, {"id": "MKD", "data": [{"x": 1990, "y": 0.0}, {"x": 1991, "y": 0.0}, {"x": 1992, "y": 0.0}, {"x": 1993, "y": 0.0}, {"x": 1994, "y": 0.0}, {"x": 1995, "y": 0.0}, {"x": 1996, "y": 0.0}, {"x": 1997, "y": 0.0}, {"x": 1998, "y": 0.0}, {"x": 1999, "y": 0.0}, {"x": 2000, "y": 0.0}, {"x": 2001, "y": 0.0}, {"x": 2002, "y": 0.0}, {"x": 2003, "y": 0.0}, {"x": 2004, "y": 0.0}, {"x": 2005, "y": 0.0}, {"x": 2006, "y": 0.0}, {"x": 2007, "y": 0.0}, {"x": 2008, "y": 0.0}, {"x": 2009, "y": 0.0}, {"x": 2010, "y": 0.0}, {"x": 2011, "y": 0.0}, {"x": 2012, "y": 0.0}, {"x": 2013, "y": 0.0}, {"x": 2014, "y": 0.0}, {"x": 2015, "y": 0.0}, {"x": 2016, "y": 0.0}, {"x": 2017, "y": 0.0}, {"x": 9999, "y": 15.7}]}, {"id": "MLT", "data": [{"x": 1990, "y": 0.0}, {"x": 1991, "y": 0.0}, {"x": 1992, "y": 0.0}, {"x": 1993, "y": 0.0}, {"x": 1994, "y": 0.0}, {"x": 1995, "y": 0.0}, {"x": 1996, "y": 0.0}, {"x": 1997, "y": 0.0}, {"x": 1998, "y": 0.0}, {"x": 1999, "y": 0.0}, {"x": 2000, "y": 0.0}, {"x": 2001, "y": 0.0}, {"x": 2002, "y": 0.0}, {"x": 2003, "y": 0.0}, {"x": 2004, "y": 0.0}, {"x": 2005, "y": 0.0}, {"x": 2006, "y": 0.0}, {"x": 2007, "y": 0.0}, {"x": 2008, "y": 0.0}, {"x": 2009, "y": 0.0}, {"x": 2010, "y": 0.0}, {"x": 2011, "y": 0.0}, {"x": 2012, "y": 0.0}, {"x": 2013, "y": 0.0}, {"x": 2014, "y": 0.0}, {"x": 2015, "y": 0.0}, {"x": 2016, "y": 0.0}, {"x": 2017, "y": 0.0}, {"x": 9999, "y": 8.6}]}, {"id": "MMR", "data": [{"x": 1990, "y": 0.0}, {"x": 1991, "y": 0.0}, {"x": 1992, "y": 0.0}, {"x": 1993, "y": 0.0}, {"x": 1994, "y": 0.0}, {"x": 1995, "y": 0.0}, {"x": 1996, "y": 0.0}, {"x": 1997, "y": 0.0}, {"x": 1998, "y": 0.0}, {"x": 1999, "y": 0.0}, {"x": 2000, "y": 0.0}, {"x": 2001, "y": 0.0}, {"x": 2002, "y": 0.0}, {"x": 2003, "y": 0.0}, {"x": 2004, "y": 0.0}, {"x": 2005, "y": 0.0}, {"x": 2006, "y": 0.0}, {"x": 2007, "y": 0.0}, {"x": 2008, "y": 0.0}, {"x": 2009, "y": 0.0}, {"x": 2010, "y": 0.0}, {"x": 2011, "y": 0.0}, {"x": 2012, "y": 0.0}, {"x": 2013, "y": 0.0}, {"x": 2014, "y": 0.0}, {"x": 2015, "y": 0.0}, {"x": 2016, "y": 0.0}, {"x": 2017, "y": 0.0}, {"x": 9999, "y": 47.3}]}, {"id": "MNG", "data": [{"x": 1990, "y": 0.0}, {"x": 1991, "y": 0.0}, {"x": 1992, "y": 0.0}, {"x": 1993, "y": 0.0}, {"x": 1994, "y": 0.0}, {"x": 1995, "y": 0.0}, {"x": 1996, "y": 0.0}, {"x": 1997, "y": 0.0}, {"x": 1998, "y": 0.0}, {"x": 1999, "y": 0.0}, {"x": 2000, "y": 0.0}, {"x": 2001, "y": 0.0}, {"x": 2002, "y": 0.0}, {"x": 2003, "y": 0.0}, {"x": 2004, "y": 0.0}, {"x": 2005, "y": 0.0}, {"x": 2006, "y": 0.0}, {"x": 2007, "y": 0.0}, {"x": 2008, "y": 0.0}, {"x": 2009, "y": 0.0}, {"x": 2010, "y": 0.0}, {"x": 2011, "y": 0.0}, {"x": 2012, "y": 0.0}, {"x": 2013, "y": 0.0}, {"x": 2014, "y": 0.0}, {"x": 2015, "y": 0.0}, {"x": 2016, "y": 0.0}, {"x": 2017, "y": 0.0}, {"x": 9999, "y": 12.4}]}, {"id": "MOZ", "data": [{"x": 1990, "y": 0.0}, {"x": 1991, "y": 0.0}, {"x": 1992, "y": 0.0}, {"x": 1993, "y": 0.0}, {"x": 1994, "y": 0.0}, {"x": 1995, "y": 0.0}, {"x": 1996, "y": 0.0}, {"x": 1997, "y": 0.0}, {"x": 1998, "y": 0.0}, {"x": 1999, "y": 0.0}, {"x": 2000, "y": 0.0}, {"x": 2001, "y": 0.0}, {"x": 2002, "y": 0.0}, {"x": 2003, "y": 0.0}, {"x": 2004, "y": 0.0}, {"x": 2005, "y": 0.0}, {"x": 2006, "y": 0.0}, {"x": 2007, "y": 0.0}, {"x": 2008, "y": 0.0}, {"x": 2009, "y": 0.0}, {"x": 2010, "y": 0.0}, {"x": 2011, "y": 0.0}, {"x": 2012, "y": 0.0}, {"x": 2013, "y": 0.0}, {"x": 2014, "y": 0.0}, {"x": 2015, "y": 0.0}, {"x": 2016, "y": 0.0}, {"x": 2017, "y": 0.0}, {"x": 9999, "y": 5.9}]}, {"id": "MRT", "data": [{"x": 1990, "y": 0.0}, {"x": 1991, "y": 0.0}, {"x": 1992, "y": 0.0}, {"x": 1993, "y": 0.0}, {"x": 1994, "y": 0.0}, {"x": 1995, "y": 0.0}, {"x": 1996, "y": 0.0}, {"x": 1997, "y": 0.0}, {"x": 1998, "y": 0.0}, {"x": 1999, "y": 0.0}, {"x": 2000, "y": 0.0}, {"x": 2001, "y": 0.0}, {"x": 2002, "y": 0.0}, {"x": 2003, "y": 0.0}, {"x": 2004, "y": 0.0}, {"x": 2005, "y": 0.0}, {"x": 2006, "y": 0.0}, {"x": 2007, "y": 0.0}, {"x": 2008, "y": 0.0}, {"x": 2009, "y": 0.0}, {"x": 2010, "y": 0.0}, {"x": 2011, "y": 0.0}, {"x": 2012, "y": 0.0}, {"x": 2013, "y": 0.0}, {"x": 2014, "y": 0.0}, {"x": 2015, "y": 0.0}, {"x": 2016, "y": 0.0}, {"x": 2017, "y": 0.0}, {"x": 9999, "y": 16.8}]}, {"id": "MYS", "data": [{"x": 1990, "y": 0.0}, {"x": 1991, "y": 0.0}, {"x": 1992, "y": 0.0}, {"x": 1993, "y": 0.0}, {"x": 1994, "y": 0.0}, {"x": 1995, "y": 0.0}, {"x": 1996, "y": 0.0}, {"x": 1997, "y": 0.0}, {"x": 1998, "y": 0.0}, {"x": 1999, "y": 0.0}, {"x": 2000, "y": 0.0}, {"x": 2001, "y": 0.0}, {"x": 2002, "y": 0.0}, {"x": 2003, "y": 0.0}, {"x": 2004, "y": 0.0}, {"x": 2005, "y": 0.0}, {"x": 2006, "y": 0.0}, {"x": 2007, "y": 0.0}, {"x": 2008, "y": 0.0}, {"x": 2009, "y": 0.0}, {"x": 2010, "y": 0.0}, {"x": 2011, "y": 0.0}, {"x": 2012, "y": 0.0}, {"x": 2013, "y": 0.0}, {"x": 2014, "y": 0.0}, {"x": 2015, "y": 0.0}, {"x": 2016, "y": 0.0}, {"x": 2017, "y": 0.0}, {"x": 9999, "y": 23.2}]}, {"id": "NLD", "data": [{"x": 1990, "y": 0.0}, {"x": 1991, "y": 0.0}, {"x": 1992, "y": 0.0}, {"x": 1993, "y": 0.0}, {"x": 1994, "y": 0.0}, {"x": 1995, "y": 0.0}, {"x": 1996, "y": 0.0}, {"x": 1997, "y": 0.0}, {"x": 1998, "y": 0.0}, {"x": 1999, "y": 0.0}, {"x": 2000, "y": 0.0}, {"x": 2001, "y": 0.0}, {"x": 2002, "y": 0.0}, {"x": 2003, "y": 0.0}, {"x": 2004, "y": 0.0}, {"x": 2005, "y": 0.0}, {"x": 2006, "y": 0.0}, {"x": 2007, "y": 0.0}, {"x": 2008, "y": 0.0}, {"x": 2009, "y": 0.0}, {"x": 2010, "y": 0.0}, {"x": 2011, "y": 0.0}, {"x": 2012, "y": 0.0}, {"x": 2013, "y": 0.0}, {"x": 2014, "y": 0.0}, {"x": 2015, "y": 0.0}, {"x": 2016, "y": 0.0}, {"x": 2017, "y": 0.0}, {"x": 9999, "y": 6.3}]}, {"id": "NOR", "data": [{"x": 1990, "y": 0.0}, {"x": 1991, "y": 0.0}, {"x": 1992, "y": 0.0}, {"x": 1993, "y": 0.0}, {"x": 1994, "y": 0.0}, {"x": 1995, "y": 0.0}, {"x": 1996, "y": 0.0}, {"x": 1997, "y": 0.0}, {"x": 1998, "y": 0.0}, {"x": 1999, "y": 0.0}, {"x": 2000, "y": 0.0}, {"x": 2001, "y": 0.0}, {"x": 2002, "y": 0.0}, {"x": 2003, "y": 0.0}, {"x": 2004, "y": 0.0}, {"x": 2005, "y": 0.0}, {"x": 2006, "y": 0.0}, {"x": 2007, "y": 0.0}, {"x": 2008, "y": 0.0}, {"x": 2009, "y": 0.0}, {"x": 2010, "y": 0.0}, {"x": 2011, "y": 0.0}, {"x": 2012, "y": 0.0}, {"x": 2013, "y": 0.0}, {"x": 2014, "y": 0.0}, {"x": 2015, "y": 0.0}, {"x": 2016, "y": 0.0}, {"x": 2017, "y": 0.0}, {"x": 9999, "y": 10.4}]}, {"id": "NZL", "data": [{"x": 1990, "y": 0.0}, {"x": 1991, "y": 0.0}, {"x": 1992, "y": 0.0}, {"x": 1993, "y": 0.0}, {"x": 1994, "y": 0.0}, {"x": 1995, "y": 0.0}, {"x": 1996, "y": 0.0}, {"x": 1997, "y": 0.0}, {"x": 1998, "y": 0.0}, {"x": 1999, "y": 0.0}, {"x": 2000, "y": 0.0}, {"x": 2001, "y": 0.0}, {"x": 2002, "y": 0.0}, {"x": 2003, "y": 0.0}, {"x": 2004, "y": 0.0}, {"x": 2005, "y": 0.0}, {"x": 2006, "y": 0.0}, {"x": 2007, "y": 0.0}, {"x": 2008, "y": 0.0}, {"x": 2009, "y": 0.0}, {"x": 2010, "y": 0.0}, {"x": 2011, "y": 0.0}, {"x": 2012, "y": 0.0}, {"x": 2013, "y": 0.0}, {"x": 2014, "y": 0.0}, {"x": 2015, "y": 0.0}, {"x": 2016, "y": 0.0}, {"x": 2017, "y": 0.0}, {"x": 9999, "y": 12.5}]}, {"id": "OMN", "data": [{"x": 1990, "y": 0.0}, {"x": 1991, "y": 0.0}, {"x": 1992, "y": 0.0}, {"x": 1993, "y": 0.0}, {"x": 1994, "y": 0.0}, {"x": 1995, "y": 0.0}, {"x": 1996, "y": 0.0}, {"x": 1997, "y": 0.0}, {"x": 1998, "y": 0.0}, {"x": 1999, "y": 0.0}, {"x": 2000, "y": 0.0}, {"x": 2001, "y": 0.0}, {"x": 2002, "y": 0.0}, {"x": 2003, "y": 0.0}, {"x": 2004, "y": 0.0}, {"x": 2005, "y": 0.0}, {"x": 2006, "y": 0.0}, {"x": 2007, "y": 0.0}, {"x": 2008, "y": 0.0}, {"x": 2009, "y": 0.0}, {"x": 2010, "y": 0.0}, {"x": 2011, "y": 0.0}, {"x": 2012, "y": 0.0}, {"x": 2013, "y": 0.0}, {"x": 2014, "y": 0.0}, {"x": 2015, "y": 0.0}, {"x": 2016, "y": 0.0}, {"x": 2017, "y": 0.0}, {"x": 9999, "y": 39.8}]}, {"id": "PAN", "data": [{"x": 1990, "y": 0.0}, {"x": 1991, "y": 0.0}, {"x": 1992, "y": 0.0}, {"x": 1993, "y": 0.0}, {"x": 1994, "y": 0.0}, {"x": 1995, "y": 0.0}, {"x": 1996, "y": 0.0}, {"x": 1997, "y": 0.0}, {"x": 1998, "y": 0.0}, {"x": 1999, "y": 0.0}, {"x": 2000, "y": 0.0}, {"x": 2001, "y": 0.0}, {"x": 2002, "y": 0.0}, {"x": 2003, "y": 0.0}, {"x": 2004, "y": 0.0}, {"x": 2005, "y": 0.0}, {"x": 2006, "y": 0.0}, {"x": 2007, "y": 0.0}, {"x": 2008, "y": 0.0}, {"x": 2009, "y": 0.0}, {"x": 2010, "y": 0.0}, {"x": 2011, "y": 0.0}, {"x": 2012, "y": 0.0}, {"x": 2013, "y": 0.0}, {"x": 2014, "y": 0.0}, {"x": 2015, "y": 0.0}, {"x": 2016, "y": 0.0}, {"x": 2017, "y": 0.0}, {"x": 9999, "y": 12.7}]}, {"id": "PHL", "data": [{"x": 1990, "y": 0.0}, {"x": 1991, "y": 0.0}, {"x": 1992, "y": 0.0}, {"x": 1993, "y": 0.0}, {"x": 1994, "y": 0.0}, {"x": 1995, "y": 0.0}, {"x": 1996, "y": 0.0}, {"x": 1997, "y": 0.0}, {"x": 1998, "y": 0.0}, {"x": 1999, "y": 0.0}, {"x": 2000, "y": 0.0}, {"x": 2001, "y": 0.0}, {"x": 2002, "y": 0.0}, {"x": 2003, "y": 0.0}, {"x": 2004, "y": 0.0}, {"x": 2005, "y": 0.0}, {"x": 2006, "y": 0.0}, {"x": 2007, "y": 0.0}, {"x": 2008, "y": 0.0}, {"x": 2009, "y": 0.0}, {"x": 2010, "y": 0.0}, {"x": 2011, "y": 0.0}, {"x": 2012, "y": 0.0}, {"x": 2013, "y": 0.0}, {"x": 2014, "y": 0.0}, {"x": 2015, "y": 0.0}, {"x": 2016, "y": 0.0}, {"x": 2017, "y": 0.0}, {"x": 9999, "y": 17.8}]}, {"id": "POL", "data": [{"x": 1990, "y": 0.0}, {"x": 1991, "y": 0.0}, {"x": 1992, "y": 0.0}, {"x": 1993, "y": 0.0}, {"x": 1994, "y": 0.0}, {"x": 1995, "y": 0.0}, {"x": 1996, "y": 0.0}, {"x": 1997, "y": 0.0}, {"x": 1998, "y": 0.0}, {"x": 1999, "y": 0.0}, {"x": 2000, "y": 0.0}, {"x": 2001, "y": 0.0}, {"x": 2002, "y": 0.0}, {"x": 2003, "y": 0.0}, {"x": 2004, "y": 0.0}, {"x": 2005, "y": 0.0}, {"x": 2006, "y": 0.0}, {"x": 2007, "y": 0.0}, {"x": 2008, "y": 0.0}, {"x": 2009, "y": 0.0}, {"x": 2010, "y": 0.0}, {"x": 2011, "y": 0.0}, {"x": 2012, "y": 0.0}, {"x": 2013, "y": 0.0}, {"x": 2014, "y": 0.0}, {"x": 2015, "y": 0.0}, {"x": 2016, "y": 0.0}, {"x": 2017, "y": 0.0}, {"x": 9999, "y": 15.3}]}, {"id": "PRK", "data": [{"x": 1990, "y": 0.0}, {"x": 1991, "y": 0.0}, {"x": 1992, "y": 0.0}, {"x": 1993, "y": 0.0}, {"x": 1994, "y": 0.0}, {"x": 1995, "y": 0.0}, {"x": 1996, "y": 0.0}, {"x": 1997, "y": 0.0}, {"x": 1998, "y": 0.0}, {"x": 1999, "y": 0.0}, {"x": 2000, "y": 0.0}, {"x": 2001, "y": 0.0}, {"x": 2002, "y": 0.0}, {"x": 2003, "y": 0.0}, {"x": 2004, "y": 0.0}, {"x": 2005, "y": 0.0}, {"x": 2006, "y": 0.0}, {"x": 2007, "y": 0.0}, {"x": 2008, "y": 0.0}, {"x": 2009, "y": 0.0}, {"x": 2010, "y": 0.0}, {"x": 2011, "y": 0.0}, {"x": 2012, "y": 0.0}, {"x": 2013, "y": 0.0}, {"x": 2014, "y": 0.0}, {"x": 2015, "y": 0.0}, {"x": 2016, "y": 0.0}, {"x": 2017, "y": 0.0}, {"x": 9999, "y": 22.2}]}, {"id": "PRT", "data": [{"x": 1990, "y": 0.0}, {"x": 1991, "y": 0.0}, {"x": 1992, "y": 0.0}, {"x": 1993, "y": 0.0}, {"x": 1994, "y": 0.0}, {"x": 1995, "y": 0.0}, {"x": 1996, "y": 0.0}, {"x": 1997, "y": 0.0}, {"x": 1998, "y": 0.0}, {"x": 1999, "y": 0.0}, {"x": 2000, "y": 0.0}, {"x": 2001, "y": 0.0}, {"x": 2002, "y": 0.0}, {"x": 2003, "y": 0.0}, {"x": 2004, "y": 0.0}, {"x": 2005, "y": 0.0}, {"x": 2006, "y": 0.0}, {"x": 2007, "y": 0.0}, {"x": 2008, "y": 0.0}, {"x": 2009, "y": 0.0}, {"x": 2010, "y": 0.0}, {"x": 2011, "y": 0.0}, {"x": 2012, "y": 0.0}, {"x": 2013, "y": 0.0}, {"x": 2014, "y": 0.0}, {"x": 2015, "y": 0.0}, {"x": 2016, "y": 0.0}, {"x": 2017, "y": 0.0}, {"x": 9999, "y": 18.3}]}, {"id": "PSE", "data": [{"x": 1990, "y": 0.0}, {"x": 1991, "y": 0.0}, {"x": 1992, "y": 0.0}, {"x": 1993, "y": 0.0}, {"x": 1994, "y": 0.0}, {"x": 1995, "y": 0.0}, {"x": 1996, "y": 0.0}, {"x": 1997, "y": 0.0}, {"x": 1998, "y": 0.0}, {"x": 1999, "y": 0.0}, {"x": 2000, "y": 0.0}, {"x": 2001, "y": 0.0}, {"x": 2002, "y": 0.0}, {"x": 2003, "y": 0.0}, {"x": 2004, "y": 0.0}, {"x": 2005, "y": 0.0}, {"x": 2006, "y": 0.0}, {"x": 2007, "y": 0.0}, {"x": 2008, "y": 0.0}, {"x": 2009, "y": 0.0}, {"x": 2010, "y": 0.0}, {"x": 2011, "y": 0.0}, {"x": 2012, "y": 0.0}, {"x": 2013, "y": 0.0}, {"x": 2014, "y": 0.0}, {"x": 2015, "y": 0.0}, {"x": 2016, "y": 0.0}, {"x": 2017, "y": 0.0}, {"x": 9999, "y": 12.6}]}, {"id": "QAT", "data": [{"x": 1990, "y": 0.0}, {"x": 1991, "y": 0.0}, {"x": 1992, "y": 0.0}, {"x": 1993, "y": 0.0}, {"x": 1994, "y": 0.0}, {"x": 1995, "y": 0.0}, {"x": 1996, "y": 0.0}, {"x": 1997, "y": 0.0}, {"x": 1998, "y": 0.0}, {"x": 1999, "y": 0.0}, {"x": 2000, "y": 0.0}, {"x": 2001, "y": 0.0}, {"x": 2002, "y": 0.0}, {"x": 2003, "y": 0.0}, {"x": 2004, "y": 0.0}, {"x": 2005, "y": 0.0}, {"x": 2006, "y": 0.0}, {"x": 2007, "y": 0.0}, {"x": 2008, "y": 0.0}, {"x": 2009, "y": 0.0}, {"x": 2010, "y": 0.0}, {"x": 2011, "y": 0.0}, {"x": 2012, "y": 0.0}, {"x": 2013, "y": 0.0}, {"x": 2014, "y": 0.0}, {"x": 2015, "y": 0.0}, {"x": 2016, "y": 0.0}, {"x": 2017, "y": 0.0}, {"x": 9999, "y": 15.8}]}, {"id": "ROU", "data": [{"x": 1990, "y": 0.0}, {"x": 1991, "y": 0.0}, {"x": 1992, "y": 0.0}, {"x": 1993, "y": 0.0}, {"x": 1994, "y": 0.0}, {"x": 1995, "y": 0.0}, {"x": 1996, "y": 0.0}, {"x": 1997, "y": 0.0}, {"x": 1998, "y": 0.0}, {"x": 1999, "y": 0.0}, {"x": 2000, "y": 0.0}, {"x": 2001, "y": 0.0}, {"x": 2002, "y": 0.0}, {"x": 2003, "y": 0.0}, {"x": 2004, "y": 0.0}, {"x": 2005, "y": 0.0}, {"x": 2006, "y": 0.0}, {"x": 2007, "y": 0.0}, {"x": 2008, "y": 0.0}, {"x": 2009, "y": 0.0}, {"x": 2010, "y": 0.0}, {"x": 2011, "y": 0.0}, {"x": 2012, "y": 0.0}, {"x": 2013, "y": 0.0}, {"x": 2014, "y": 0.0}, {"x": 2015, "y": 0.0}, {"x": 2016, "y": 0.0}, {"x": 2017, "y": 0.0}, {"x": 9999, "y": 20.3}]}, {"id": "SAU", "data": [{"x": 1990, "y": 0.0}, {"x": 1991, "y": 0.0}, {"x": 1992, "y": 0.0}, {"x": 1993, "y": 0.0}, {"x": 1994, "y": 0.0}, {"x": 1995, "y": 0.0}, {"x": 1996, "y": 0.0}, {"x": 1997, "y": 0.0}, {"x": 1998, "y": 0.0}, {"x": 1999, "y": 0.0}, {"x": 2000, "y": 0.0}, {"x": 2001, "y": 0.0}, {"x": 2002, "y": 0.0}, {"x": 2003, "y": 0.0}, {"x": 2004, "y": 0.0}, {"x": 2005, "y": 0.0}, {"x": 2006, "y": 0.0}, {"x": 2007, "y": 0.0}, {"x": 2008, "y": 0.0}, {"x": 2009, "y": 0.0}, {"x": 2010, "y": 0.0}, {"x": 2011, "y": 0.0}, {"x": 2012, "y": 0.0}, {"x": 2013, "y": 0.0}, {"x": 2014, "y": 0.0}, {"x": 2015, "y": 0.0}, {"x": 2016, "y": 0.0}, {"x": 2017, "y": 0.0}, {"x": 9999, "y": 17.4}]}, {"id": "SDN", "data": [{"x": 1990, "y": 0.0}, {"x": 1991, "y": 0.0}, {"x": 1992, "y": 0.0}, {"x": 1993, "y": 0.0}, {"x": 1994, "y": 0.0}, {"x": 1995, "y": 0.0}, {"x": 1996, "y": 0.0}, {"x": 1997, "y": 0.0}, {"x": 1998, "y": 0.0}, {"x": 1999, "y": 0.0}, {"x": 2000, "y": 0.0}, {"x": 2001, "y": 0.0}, {"x": 2002, "y": 0.0}, {"x": 2003, "y": 0.0}, {"x": 2004, "y": 0.0}, {"x": 2005, "y": 0.0}, {"x": 2006, "y": 0.0}, {"x": 2007, "y": 0.0}, {"x": 2008, "y": 0.0}, {"x": 2009, "y": 0.0}, {"x": 2010, "y": 0.0}, {"x": 2011, "y": 0.0}, {"x": 2012, "y": 0.0}, {"x": 2013, "y": 0.0}, {"x": 2014, "y": 0.0}, {"x": 2015, "y": 0.0}, {"x": 2016, "y": 0.0}, {"x": 2017, "y": 0.0}, {"x": 9999, "y": 12.8}]}, {"id": "SLV", "data": [{"x": 1990, "y": 0.0}, {"x": 1991, "y": 0.0}, {"x": 1992, "y": 0.0}, {"x": 1993, "y": 0.0}, {"x": 1994, "y": 0.0}, {"x": 1995, "y": 0.0}, {"x": 1996, "y": 0.0}, {"x": 1997, "y": 0.0}, {"x": 1998, "y": 0.0}, {"x": 1999, "y": 0.0}, {"x": 2000, "y": 0.0}, {"x": 2001, "y": 0.0}, {"x": 2002, "y": 0.0}, {"x": 2003, "y": 0.0}, {"x": 2004, "y": 0.0}, {"x": 2005, "y": 0.0}, {"x": 2006, "y": 0.0}, {"x": 2007, "y": 0.0}, {"x": 2008, "y": 0.0}, {"x": 2009, "y": 0.0}, {"x": 2010, "y": 0.0}, {"x": 2011, "y": 0.0}, {"x": 2012, "y": 0.0}, {"x": 2013, "y": 0.0}, {"x": 2014, "y": 0.0}, {"x": 2015, "y": 0.0}, {"x": 2016, "y": 0.0}, {"x": 2017, "y": 0.0}, {"x": 9999, "y": 9.5}]}, {"id": "SRB", "data": [{"x": 1990, "y": 0.0}, {"x": 1991, "y": 0.0}, {"x": 1992, "y": 0.0}, {"x": 1993, "y": 0.0}, {"x": 1994, "y": 0.0}, {"x": 1995, "y": 0.0}, {"x": 1996, "y": 0.0}, {"x": 1997, "y": 0.0}, {"x": 1998, "y": 0.0}, {"x": 1999, "y": 0.0}, {"x": 2000, "y": 0.0}, {"x": 2001, "y": 0.0}, {"x": 2002, "y": 0.0}, {"x": 2003, "y": 0.0}, {"x": 2004, "y": 0.0}, {"x": 2005, "y": 0.0}, {"x": 2006, "y": 0.0}, {"x": 2007, "y": 0.0}, {"x": 2008, "y": 0.0}, {"x": 2009, "y": 0.0}, {"x": 2010, "y": 0.0}, {"x": 2011, "y": 0.0}, {"x": 2012, "y": 0.0}, {"x": 2013, "y": 0.0}, {"x": 2014, "y": 0.0}, {"x": 2015, "y": 0.0}, {"x": 2016, "y": 0.0}, {"x": 2017, "y": 0.0}, {"x": 9999, "y": 18.2}]}, {"id": "SVK", "data": [{"x": 1990, "y": 0.0}, {"x": 1991, "y": 0.0}, {"x": 1992, "y": 0.0}, {"x": 1993, "y": 0.0}, {"x": 1994, "y": 0.0}, {"x": 1995, "y": 0.0}, {"x": 1996, "y": 0.0}, {"x": 1997, "y": 0.0}, {"x": 1998, "y": 0.0}, {"x": 1999, "y": 0.0}, {"x": 2000, "y": 0.0}, {"x": 2001, "y": 0.0}, {"x": 2002, "y": 0.0}, {"x": 2003, "y": 0.0}, {"x": 2004, "y": 0.0}, {"x": 2005, "y": 0.0}, {"x": 2006, "y": 0.0}, {"x": 2007, "y": 0.0}, {"x": 2008, "y": 0.0}, {"x": 2009, "y": 0.0}, {"x": 2010, "y": 0.0}, {"x": 2011, "y": 0.0}, {"x": 2012, "y": 0.0}, {"x": 2013, "y": 0.0}, {"x": 2014, "y": 0.0}, {"x": 2015, "y": 0.0}, {"x": 2016, "y": 0.0}, {"x": 2017, "y": 0.0}, {"x": 9999, "y": 12.0}]}, {"id": "SVN", "data": [{"x": 1990, "y": 0.0}, {"x": 1991, "y": 0.0}, {"x": 1992, "y": 0.0}, {"x": 1993, "y": 0.0}, {"x": 1994, "y": 0.0}, {"x": 1995, "y": 0.0}, {"x": 1996, "y": 0.0}, {"x": 1997, "y": 0.0}, {"x": 1998, "y": 0.0}, {"x": 1999, "y": 0.0}, {"x": 2000, "y": 0.0}, {"x": 2001, "y": 0.0}, {"x": 2002, "y": 0.0}, {"x": 2003, "y": 0.0}, {"x": 2004, "y": 0.0}, {"x": 2005, "y": 0.0}, {"x": 2006, "y": 0.0}, {"x": 2007, "y": 0.0}, {"x": 2008, "y": 0.0}, {"x": 2009, "y": 0.0}, {"x": 2010, "y": 0.0}, {"x": 2011, "y": 0.0}, {"x": 2012, "y": 0.0}, {"x": 2013, "y": 0.0}, {"x": 2014, "y": 0.0}, {"x": 2015, "y": 0.0}, {"x": 2016, "y": 0.0}, {"x": 2017, "y": 0.0}, {"x": 9999, "y": 14.0}]}, {"id": "SWE", "data": [{"x": 1990, "y": 0.0}, {"x": 1991, "y": 0.0}, {"x": 1992, "y": 0.0}, {"x": 1993, "y": 0.0}, {"x": 1994, "y": 0.0}, {"x": 1995, "y": 0.0}, {"x": 1996, "y": 0.0}, {"x": 1997, "y": 0.0}, {"x": 1998, "y": 0.0}, {"x": 1999, "y": 0.0}, {"x": 2000, "y": 0.0}, {"x": 2001, "y": 0.0}, {"x": 2002, "y": 0.0}, {"x": 2003, "y": 0.0}, {"x": 2004, "y": 0.0}, {"x": 2005, "y": 0.0}, {"x": 2006, "y": 0.0}, {"x": 2007, "y": 0.0}, {"x": 2008, "y": 0.0}, {"x": 2009, "y": 0.0}, {"x": 2010, "y": 0.0}, {"x": 2011, "y": 0.0}, {"x": 2012, "y": 0.0}, {"x": 2013, "y": 0.0}, {"x": 2014, "y": 0.0}, {"x": 2015, "y": 0.0}, {"x": 2016, "y": 0.0}, {"x": 2017, "y": 0.0}, {"x": 9999, "y": 14.2}]}, {"id": "SYC", "data": [{"x": 1990, "y": 0.0}, {"x": 1991, "y": 0.0}, {"x": 1992, "y": 0.0}, {"x": 1993, "y": 0.0}, {"x": 1994, "y": 0.0}, {"x": 1995, "y": 0.0}, {"x": 1996, "y": 0.0}, {"x": 1997, "y": 0.0}, {"x": 1998, "y": 0.0}, {"x": 1999, "y": 0.0}, {"x": 2000, "y": 0.0}, {"x": 2001, "y": 0.0}, {"x": 2002, "y": 0.0}, {"x": 2003, "y": 0.0}, {"x": 2004, "y": 0.0}, {"x": 2005, "y": 0.0}, {"x": 2006, "y": 0.0}, {"x": 2007, "y": 0.0}, {"x": 2008, "y": 0.0}, {"x": 2009, "y": 0.0}, {"x": 2010, "y": 0.0}, {"x": 2011, "y": 0.0}, {"x": 2012, "y": 0.0}, {"x": 2013, "y": 0.0}, {"x": 2014, "y": 0.0}, {"x": 2015, "y": 0.0}, {"x": 2016, "y": 0.0}, {"x": 2017, "y": 0.0}, {"x": 9999, "y": 9.7}]}, {"id": "SYR", "data": [{"x": 1990, "y": 0.0}, {"x": 1991, "y": 0.0}, {"x": 1992, "y": 0.0}, {"x": 1993, "y": 0.0}, {"x": 1994, "y": 0.0}, {"x": 1995, "y": 0.0}, {"x": 1996, "y": 0.0}, {"x": 1997, "y": 0.0}, {"x": 1998, "y": 0.0}, {"x": 1999, "y": 0.0}, {"x": 2000, "y": 0.0}, {"x": 2001, "y": 0.0}, {"x": 2002, "y": 0.0}, {"x": 2003, "y": 0.0}, {"x": 2004, "y": 0.0}, {"x": 2005, "y": 0.0}, {"x": 2006, "y": 0.0}, {"x": 2007, "y": 0.0}, {"x": 2008, "y": 0.0}, {"x": 2009, "y": 0.0}, {"x": 2010, "y": 0.0}, {"x": 2011, "y": 0.0}, {"x": 2012, "y": 0.0}, {"x": 2013, "y": 0.0}, {"x": 2014, "y": 0.0}, {"x": 2015, "y": 0.0}, {"x": 2016, "y": 0.0}, {"x": 2017, "y": 0.0}, {"x": 9999, "y": 19.2}]}, {"id": "THA", "data": [{"x": 1990, "y": 0.0}, {"x": 1991, "y": 0.0}, {"x": 1992, "y": 0.0}, {"x": 1993, "y": 0.0}, {"x": 1994, "y": 0.0}, {"x": 1995, "y": 0.0}, {"x": 1996, "y": 0.0}, {"x": 1997, "y": 0.0}, {"x": 1998, "y": 0.0}, {"x": 1999, "y": 0.0}, {"x": 2000, "y": 0.0}, {"x": 2001, "y": 0.0}, {"x": 2002, "y": 0.0}, {"x": 2003, "y": 0.0}, {"x": 2004, "y": 0.0}, {"x": 2005, "y": 0.0}, {"x": 2006, "y": 0.0}, {"x": 2007, "y": 0.0}, {"x": 2008, "y": 0.0}, {"x": 2009, "y": 0.0}, {"x": 2010, "y": 0.0}, {"x": 2011, "y": 0.0}, {"x": 2012, "y": 0.0}, {"x": 2013, "y": 0.0}, {"x": 2014, "y": 0.0}, {"x": 2015, "y": 0.0}, {"x": 2016, "y": 0.0}, {"x": 2017, "y": 0.0}, {"x": 9999, "y": 14.1}]}, {"id": "TUN", "data": [{"x": 1990, "y": 0.0}, {"x": 1991, "y": 0.0}, {"x": 1992, "y": 0.0}, {"x": 1993, "y": 0.0}, {"x": 1994, "y": 0.0}, {"x": 1995, "y": 0.0}, {"x": 1996, "y": 0.0}, {"x": 1997, "y": 0.0}, {"x": 1998, "y": 0.0}, {"x": 1999, "y": 0.0}, {"x": 2000, "y": 0.0}, {"x": 2001, "y": 0.0}, {"x": 2002, "y": 0.0}, {"x": 2003, "y": 0.0}, {"x": 2004, "y": 0.0}, {"x": 2005, "y": 0.0}, {"x": 2006, "y": 0.0}, {"x": 2007, "y": 0.0}, {"x": 2008, "y": 0.0}, {"x": 2009, "y": 0.0}, {"x": 2010, "y": 0.0}, {"x": 2011, "y": 0.0}, {"x": 2012, "y": 0.0}, {"x": 2013, "y": 0.0}, {"x": 2014, "y": 0.0}, {"x": 2015, "y": 0.0}, {"x": 2016, "y": 0.0}, {"x": 2017, "y": 0.0}, {"x": 9999, "y": 37.2}]}, {"id": "TUR", "data": [{"x": 1990, "y": 0.0}, {"x": 1991, "y": 0.0}, {"x": 1992, "y": 0.0}, {"x": 1993, "y": 0.0}, {"x": 1994, "y": 0.0}, {"x": 1995, "y": 0.0}, {"x": 1996, "y": 0.0}, {"x": 1997, "y": 0.0}, {"x": 1998, "y": 0.0}, {"x": 1999, "y": 0.0}, {"x": 2000, "y": 0.0}, {"x": 2001, "y": 0.0}, {"x": 2002, "y": 0.0}, {"x": 2003, "y": 0.0}, {"x": 2004, "y": 0.0}, {"x": 2005, "y": 0.0}, {"x": 2006, "y": 0.0}, {"x": 2007, "y": 0.0}, {"x": 2008, "y": 0.0}, {"x": 2009, "y": 0.0}, {"x": 2010, "y": 0.0}, {"x": 2011, "y": 0.0}, {"x": 2012, "y": 0.0}, {"x": 2013, "y": 0.0}, {"x": 2014, "y": 0.0}, {"x": 2015, "y": 0.0}, {"x": 2016, "y": 0.0}, {"x": 2017, "y": 0.0}, {"x": 9999, "y": 14.2}]}, {"id": "UKR", "data": [{"x": 1990, "y": 0.0}, {"x": 1991, "y": 0.0}, {"x": 1992, "y": 0.0}, {"x": 1993, "y": 0.0}, {"x": 1994, "y": 0.0}, {"x": 1995, "y": 0.0}, {"x": 1996, "y": 0.0}, {"x": 1997, "y": 0.0}, {"x": 1998, "y": 0.0}, {"x": 1999, "y": 0.0}, {"x": 2000, "y": 0.0}, {"x": 2001, "y": 0.0}, {"x": 2002, "y": 0.0}, {"x": 2003, "y": 0.0}, {"x": 2004, "y": 0.0}, {"x": 2005, "y": 0.0}, {"x": 2006, "y": 0.0}, {"x": 2007, "y": 0.0}, {"x": 2008, "y": 0.0}, {"x": 2009, "y": 0.0}, {"x": 2010, "y": 0.0}, {"x": 2011, "y": 0.0}, {"x": 2012, "y": 0.0}, {"x": 2013, "y": 0.0}, {"x": 2014, "y": 0.0}, {"x": 2015, "y": 0.0}, {"x": 2016, "y": 0.0}, {"x": 2017, "y": 0.0}, {"x": 9999, "y": 14.6}]}, {"id": "URY", "data": [{"x": 1990, "y": 0.0}, {"x": 1991, "y": 0.0}, {"x": 1992, "y": 0.0}, {"x": 1993, "y": 0.0}, {"x": 1994, "y": 0.0}, {"x": 1995, "y": 0.0}, {"x": 1996, "y": 0.0}, {"x": 1997, "y": 0.0}, {"x": 1998, "y": 0.0}, {"x": 1999, "y": 0.0}, {"x": 2000, "y": 0.0}, {"x": 2001, "y": 0.0}, {"x": 2002, "y": 0.0}, {"x": 2003, "y": 0.0}, {"x": 2004, "y": 0.0}, {"x": 2005, "y": 0.0}, {"x": 2006, "y": 0.0}, {"x": 2007, "y": 0.0}, {"x": 2008, "y": 0.0}, {"x": 2009, "y": 0.0}, {"x": 2010, "y": 0.0}, {"x": 2011, "y": 0.0}, {"x": 2012, "y": 0.0}, {"x": 2013, "y": 0.0}, {"x": 2014, "y": 0.0}, {"x": 2015, "y": 0.0}, {"x": 2016, "y": 0.0}, {"x": 2017, "y": 0.0}, {"x": 9999, "y": 10.8}]}, {"id": "USA", "data": [{"x": 1990, "y": 0.0}, {"x": 1991, "y": 0.0}, {"x": 1992, "y": 0.0}, {"x": 1993, "y": 0.0}, {"x": 1994, "y": 0.0}, {"x": 1995, "y": 0.0}, {"x": 1996, "y": 0.0}, {"x": 1997, "y": 0.0}, {"x": 1998, "y": 0.0}, {"x": 1999, "y": 0.0}, {"x": 2000, "y": 0.0}, {"x": 2001, "y": 0.0}, {"x": 2002, "y": 0.0}, {"x": 2003, "y": 0.0}, {"x": 2004, "y": 0.0}, {"x": 2005, "y": 0.0}, {"x": 2006, "y": 0.0}, {"x": 2007, "y": 0.0}, {"x": 2008, "y": 0.0}, {"x": 2009, "y": 0.0}, {"x": 2010, "y": 0.0}, {"x": 2011, "y": 0.0}, {"x": 2012, "y": 0.0}, {"x": 2013, "y": 0.0}, {"x": 2014, "y": 0.0}, {"x": 2015, "y": 0.0}, {"x": 2016, "y": 0.0}, {"x": 2017, "y": 0.0}, {"x": 9999, "y": 9.9}]}, {"id": "VNM", "data": [{"x": 1990, "y": 0.0}, {"x": 1991, "y": 0.0}, {"x": 1992, "y": 0.0}, {"x": 1993, "y": 0.0}, {"x": 1994, "y": 0.0}, {"x": 1995, "y": 0.0}, {"x": 1996, "y": 0.0}, {"x": 1997, "y": 0.0}, {"x": 1998, "y": 0.0}, {"x": 1999, "y": 0.0}, {"x": 2000, "y": 0.0}, {"x": 2001, "y": 0.0}, {"x": 2002, "y": 0.0}, {"x": 2003, "y": 0.0}, {"x": 2004, "y": 0.0}, {"x": 2005, "y": 0.0}, {"x": 2006, "y": 0.0}, {"x": 2007, "y": 0.0}, {"x": 2008, "y": 0.0}, {"x": 2009, "y": 0.0}, {"x": 2010, "y": 0.0}, {"x": 2011, "y": 0.0}, {"x": 2012, "y": 0.0}, {"x": 2013, "y": 0.0}, {"x": 2014, "y": 0.0}, {"x": 2015, "y": 0.0}, {"x": 2016, "y": 0.0}, {"x": 2017, "y": 0.0}, {"x": 9999, "y": 15.4}]}, {"id": "ZAF", "data": [{"x": 1990, "y": 0.0}, {"x": 1991, "y": 0.0}, {"x": 1992, "y": 0.0}, {"x": 1993, "y": 0.0}, {"x": 1994, "y": 0.0}, {"x": 1995, "y": 0.0}, {"x": 1996, "y": 0.0}, {"x": 1997, "y": 0.0}, {"x": 1998, "y": 0.0}, {"x": 1999, "y": 0.0}, {"x": 2000, "y": 0.0}, {"x": 2001, "y": 0.0}, {"x": 2002, "y": 0.0}, {"x": 2003, "y": 0.0}, {"x": 2004, "y": 0.0}, {"x": 2005, "y": 0.0}, {"x": 2006, "y": 0.0}, {"x": 2007, "y": 0.0}, {"x": 2008, "y": 0.0}, {"x": 2009, "y": 0.0}, {"x": 2010, "y": 0.0}, {"x": 2011, "y": 0.0}, {"x": 2012, "y": 0.0}, {"x": 2013, "y": 0.0}, {"x": 2014, "y": 0.0}, {"x": 2015, "y": 0.0}, {"x": 2016, "y": 0.0}, {"x": 2017, "y": 0.0}, {"x": 9999, "y": 13.4}]}, {"id": "ZWE", "data": [{"x": 1990, "y": 0.0}, {"x": 1991, "y": 0.0}, {"x": 1992, "y": 0.0}, {"x": 1993, "y": 0.0}, {"x": 1994, "y": 0.0}, {"x": 1995, "y": 0.0}, {"x": 1996, "y": 0.0}, {"x": 1997, "y": 0.0}, {"x": 1998, "y": 0.0}, {"x": 1999, "y": 0.0}, {"x": 2000, "y": 0.0}, {"x": 2001, "y": 0.0}, {"x": 2002, "y": 0.0}, {"x": 2003, "y": 0.0}, {"x": 2004, "y": 0.0}, {"x": 2005, "y": 0.0}, {"x": 2006, "y": 0.0}, {"x": 2007, "y": 0.0}, {"x": 2008, "y": 0.0}, {"x": 2009, "y": 0.0}, {"x": 2010, "y": 0.0}, {"x": 2011, "y": 0.0}, {"x": 2012, "y": 0.0}, {"x": 2013, "y": 0.0}, {"x": 2014, "y": 0.0}, {"x": 2015, "y": 0.0}, {"x": 2016, "y": 0.0}, {"x": 2017, "y": 0.0}, {"x": 9999, "y": 20.9}]}]