,Country ISO3,Country Name,Indicator Id,Indicator,Subindicator Type,2006,2007,2008,2009,2010,2011,2012,2013,2014,2015,2016,2018
231,AUT,Austria,28159,Global Gender Gap Economic Participation and Opportunity Subindex,Index,0.5526,0.5824,0.5872,0.5701,0.5952,0.6245,0.6515,0.6642,0.6704,0.705,0.65,0.6579999999999999
250,AUT,Austria,41779,Labour force participation,Index,0.0,0.0,0.0,0.0,0.0,0.0,0.0,0.0,0.0,0.0,0.0,0.890818859
251,AUT,Austria,41780,"Estimated earned income (PPP, US$)",Index,0.0,0.0,0.0,0.0,0.0,0.0,0.0,0.0,0.0,0.0,0.0,0.5329918029999999
252,AUT,Austria,41781,"Legislators, senior officials and managers",Index,0.0,0.0,0.0,0.0,0.0,0.0,0.0,0.0,0.0,0.0,0.0,0.466205735
253,AUT,Austria,41782,Professional and technical workers,Index,0.0,0.0,0.0,0.0,0.0,0.0,0.0,0.0,0.0,0.0,0.0,0.954439645
260,AUT,Austria,41790,Women in ministerial positions,Index,0.0,0.0,0.0,0.0,0.0,0.0,0.0,0.0,0.0,0.0,0.0,0.3
343,BEL,Belgium,28159,Global Gender Gap Economic Participation and Opportunity Subindex,Index,0.6199,0.6684,0.6519,0.653,0.7097,0.7187,0.7241,0.7367,0.7577,0.762,0.731,0.7140000000000001
363,BEL,Belgium,41779,Labour force participation,Index,0.0,0.0,0.0,0.0,0.0,0.0,0.0,0.0,0.0,0.0,0.0,0.872928177
364,BEL,Belgium,41780,"Estimated earned income (PPP, US$)",Index,0.0,0.0,0.0,0.0,0.0,0.0,0.0,0.0,0.0,0.0,0.0,0.660328766
365,BEL,Belgium,41781,"Legislators, senior officials and managers",Index,0.0,0.0,0.0,0.0,0.0,0.0,0.0,0.0,0.0,0.0,0.0,0.5048043520000001
366,BEL,Belgium,41782,Professional and technical workers,Index,0.0,0.0,0.0,0.0,0.0,0.0,0.0,0.0,0.0,0.0,0.0,1.0
374,BEL,Belgium,41790,Women in ministerial positions,Index,0.0,0.0,0.0,0.0,0.0,0.0,0.0,0.0,0.0,0.0,0.0,0.3
965,CHE,Switzerland,28159,Global Gender Gap Economic Participation and Opportunity Subindex,Index,0.7091,0.6759999999999999,0.6631,0.6854,0.7267,0.7419,0.7518,0.7681,0.7797,0.7979999999999999,0.745,0.7390000000000001
985,CHE,Switzerland,41779,Labour force participation,Index,0.0,0.0,0.0,0.0,0.0,0.0,0.0,0.0,0.0,0.0,0.0,0.904653802
986,CHE,Switzerland,41780,"Estimated earned income (PPP, US$)",Index,0.0,0.0,0.0,0.0,0.0,0.0,0.0,0.0,0.0,0.0,0.0,0.69953383
987,CHE,Switzerland,41781,"Legislators, senior officials and managers",Index,0.0,0.0,0.0,0.0,0.0,0.0,0.0,0.0,0.0,0.0,0.0,0.5135740870000001
988,CHE,Switzerland,41782,Professional and technical workers,Index,0.0,0.0,0.0,0.0,0.0,0.0,0.0,0.0,0.0,0.0,0.0,0.925195139
996,CHE,Switzerland,41790,Women in ministerial positions,Index,0.0,0.0,0.0,0.0,0.0,0.0,0.0,0.0,0.0,0.0,0.0,0.4
1331,CYP,Cyprus,28159,Global Gender Gap Economic Participation and Opportunity Subindex,Index,0.5618,0.6021,0.61,0.6168,0.63,0.6175,0.6149,0.6353,0.6559999999999999,0.643,0.665,0.679
1351,CYP,Cyprus,41779,Labour force participation,Index,0.0,0.0,0.0,0.0,0.0,0.0,0.0,0.0,0.0,0.0,0.0,0.899224806
1352,CYP,Cyprus,41780,"Estimated earned income (PPP, US$)",Index,0.0,0.0,0.0,0.0,0.0,0.0,0.0,0.0,0.0,0.0,0.0,0.66510012
1353,CYP,Cyprus,41781,"Legislators, senior officials and managers",Index,0.0,0.0,0.0,0.0,0.0,0.0,0.0,0.0,0.0,0.0,0.0,0.260938375
1354,CYP,Cyprus,41782,Professional and technical workers,Index,0.0,0.0,0.0,0.0,0.0,0.0,0.0,0.0,0.0,0.0,0.0,1.0
1362,CYP,Cyprus,41790,Women in ministerial positions,Index,0.0,0.0,0.0,0.0,0.0,0.0,0.0,0.0,0.0,0.0,0.0,0.1
1405,DEU,Germany,28159,Global Gender Gap Economic Participation and Opportunity Subindex,Index,0.6694,0.6997,0.6877,0.6956,0.7138,0.727,0.7399,0.7120000000000001,0.7388,0.737,0.691,0.7340000000000001
1424,DEU,Germany,41779,Labour force participation,Index,0.0,0.0,0.0,0.0,0.0,0.0,0.0,0.0,0.0,0.0,0.0,0.89671932
1425,DEU,Germany,41780,"Estimated earned income (PPP, US$)",Index,0.0,0.0,0.0,0.0,0.0,0.0,0.0,0.0,0.0,0.0,0.0,0.6837454940000001
1426,DEU,Germany,41781,"Legislators, senior officials and managers",Index,0.0,0.0,0.0,0.0,0.0,0.0,0.0,0.0,0.0,0.0,0.0,0.412637488
1427,DEU,Germany,41782,Professional and technical workers,Index,0.0,0.0,0.0,0.0,0.0,0.0,0.0,0.0,0.0,0.0,0.0,1.0
1434,DEU,Germany,41790,Women in ministerial positions,Index,0.0,0.0,0.0,0.0,0.0,0.0,0.0,0.0,0.0,0.0,0.0,0.5
1441,DNK,Denmark,28159,Global Gender Gap Economic Participation and Opportunity Subindex,Index,0.7081,0.7336,0.7116,0.7477,0.7438,0.7672,0.7724,0.7639,0.8053,0.7879999999999999,0.735,0.7340000000000001
1461,DNK,Denmark,41779,Labour force participation,Index,0.0,0.0,0.0,0.0,0.0,0.0,0.0,0.0,0.0,0.0,0.0,0.936969697
1462,DNK,Denmark,41780,"Estimated earned income (PPP, US$)",Index,0.0,0.0,0.0,0.0,0.0,0.0,0.0,0.0,0.0,0.0,0.0,0.725547361
1463,DNK,Denmark,41781,"Legislators, senior officials and managers",Index,0.0,0.0,0.0,0.0,0.0,0.0,0.0,0.0,0.0,0.0,0.0,0.368897209
1464,DNK,Denmark,41782,Professional and technical workers,Index,0.0,0.0,0.0,0.0,0.0,0.0,0.0,0.0,0.0,0.0,0.0,1.0
1472,DNK,Denmark,41790,Women in ministerial positions,Index,0.0,0.0,0.0,0.0,0.0,0.0,0.0,0.0,0.0,0.0,0.0,0.75
1631,ESP,Spain,28159,Global Gender Gap Economic Participation and Opportunity Subindex,Index,0.5391,0.5887,0.5770000000000001,0.6017,0.624,0.6328,0.6462,0.6521,0.647,0.674,0.6679999999999999,0.66
1651,ESP,Spain,41779,Labour force participation,Index,0.0,0.0,0.0,0.0,0.0,0.0,0.0,0.0,0.0,0.0,0.0,0.873896595
1652,ESP,Spain,41780,"Estimated earned income (PPP, US$)",Index,0.0,0.0,0.0,0.0,0.0,0.0,0.0,0.0,0.0,0.0,0.0,0.659653967
1653,ESP,Spain,41781,"Legislators, senior officials and managers",Index,0.0,0.0,0.0,0.0,0.0,0.0,0.0,0.0,0.0,0.0,0.0,0.44066231899999997
1654,ESP,Spain,41782,Professional and technical workers,Index,0.0,0.0,0.0,0.0,0.0,0.0,0.0,0.0,0.0,0.0,0.0,0.9831749009999999
1662,ESP,Spain,41790,Women in ministerial positions,Index,0.0,0.0,0.0,0.0,0.0,0.0,0.0,0.0,0.0,0.0,0.0,0.625
1745,FIN,Finland,28159,Global Gender Gap Economic Participation and Opportunity Subindex,Index,0.7341,0.7225,0.7408,0.7504,0.7566,0.7681,0.7847,0.7727,0.7859,0.815,0.794,0.7859999999999999
1765,FIN,Finland,41779,Labour force participation,Index,0.0,0.0,0.0,0.0,0.0,0.0,0.0,0.0,0.0,0.0,0.0,0.958709677
1766,FIN,Finland,41780,"Estimated earned income (PPP, US$)",Index,0.0,0.0,0.0,0.0,0.0,0.0,0.0,0.0,0.0,0.0,0.0,0.720024184
1767,FIN,Finland,41781,"Legislators, senior officials and managers",Index,0.0,0.0,0.0,0.0,0.0,0.0,0.0,0.0,0.0,0.0,0.0,0.455302617
1768,FIN,Finland,41782,Professional and technical workers,Index,0.0,0.0,0.0,0.0,0.0,0.0,0.0,0.0,0.0,0.0,0.0,1.0
1776,FIN,Finland,41790,Women in ministerial positions,Index,0.0,0.0,0.0,0.0,0.0,0.0,0.0,0.0,0.0,0.0,0.0,0.625
1817,FRA,France,28159,Global Gender Gap Economic Participation and Opportunity Subindex,Index,0.5247,0.6459999999999999,0.6631,0.6591,0.6609999999999999,0.6587,0.6687,0.669,0.7036,0.6990000000000001,0.6759999999999999,0.685
1837,FRA,France,41779,Labour force participation,Index,0.0,0.0,0.0,0.0,0.0,0.0,0.0,0.0,0.0,0.0,0.0,0.895364238
1838,FRA,France,41780,"Estimated earned income (PPP, US$)",Index,0.0,0.0,0.0,0.0,0.0,0.0,0.0,0.0,0.0,0.0,0.0,0.723768205
1839,FRA,France,41781,"Legislators, senior officials and managers",Index,0.0,0.0,0.0,0.0,0.0,0.0,0.0,0.0,0.0,0.0,0.0,0.5007528920000001
1840,FRA,France,41782,Professional and technical workers,Index,0.0,0.0,0.0,0.0,0.0,0.0,0.0,0.0,0.0,0.0,0.0,1.0
1848,FRA,France,41790,Women in ministerial positions,Index,0.0,0.0,0.0,0.0,0.0,0.0,0.0,0.0,0.0,0.0,0.0,1.0
1855,GBR,United Kingdom,28159,Global Gender Gap Economic Participation and Opportunity Subindex,Index,0.6643,0.6947,0.6918,0.7064,0.721,0.7224,0.7305,0.732,0.7140000000000001,0.7240000000000001,0.7,0.705
1875,GBR,United Kingdom,41779,Labour force participation,Index,0.0,0.0,0.0,0.0,0.0,0.0,0.0,0.0,0.0,0.0,0.0,0.876213592
1876,GBR,United Kingdom,41780,"Estimated earned income (PPP, US$)",Index,0.0,0.0,0.0,0.0,0.0,0.0,0.0,0.0,0.0,0.0,0.0,0.554558798
1877,GBR,United Kingdom,41781,"Legislators, senior officials and managers",Index,0.0,0.0,0.0,0.0,0.0,0.0,0.0,0.0,0.0,0.0,0.0,0.566557017
1878,GBR,United Kingdom,41782,Professional and technical workers,Index,0.0,0.0,0.0,0.0,0.0,0.0,0.0,0.0,0.0,0.0,0.0,0.996149381
1886,GBR,United Kingdom,41790,Women in ministerial positions,Index,0.0,0.0,0.0,0.0,0.0,0.0,0.0,0.0,0.0,0.0,0.0,0.444444444
2041,GRC,Greece,28159,Global Gender Gap Economic Participation and Opportunity Subindex,Index,0.5855,0.6302,0.6314,0.6067,0.6209,0.6242,0.6329,0.647,0.6434,0.644,0.649,0.684
2061,GRC,Greece,41779,Labour force participation,Index,0.0,0.0,0.0,0.0,0.0,0.0,0.0,0.0,0.0,0.0,0.0,0.798684211
2062,GRC,Greece,41780,"Estimated earned income (PPP, US$)",Index,0.0,0.0,0.0,0.0,0.0,0.0,0.0,0.0,0.0,0.0,0.0,0.662553543
2063,GRC,Greece,41781,"Legislators, senior officials and managers",Index,0.0,0.0,0.0,0.0,0.0,0.0,0.0,0.0,0.0,0.0,0.0,0.424551466
2064,GRC,Greece,41782,Professional and technical workers,Index,0.0,0.0,0.0,0.0,0.0,0.0,0.0,0.0,0.0,0.0,0.0,1.0
2072,GRC,Greece,41790,Women in ministerial positions,Index,0.0,0.0,0.0,0.0,0.0,0.0,0.0,0.0,0.0,0.0,0.0,0.26666666699999997
2317,IRL,Ireland,28159,Global Gender Gap Economic Participation and Opportunity Subindex,Index,0.6404,0.667,0.6811,0.6918,0.7409,0.7322,0.7514,0.745,0.7543,0.777,0.7090000000000001,0.725
2337,IRL,Ireland,41779,Labour force participation,Index,0.0,0.0,0.0,0.0,0.0,0.0,0.0,0.0,0.0,0.0,0.0,0.823225806
2338,IRL,Ireland,41780,"Estimated earned income (PPP, US$)",Index,0.0,0.0,0.0,0.0,0.0,0.0,0.0,0.0,0.0,0.0,0.0,0.637235707
2339,IRL,Ireland,41781,"Legislators, senior officials and managers",Index,0.0,0.0,0.0,0.0,0.0,0.0,0.0,0.0,0.0,0.0,0.0,0.560245552
2340,IRL,Ireland,41782,Professional and technical workers,Index,0.0,0.0,0.0,0.0,0.0,0.0,0.0,0.0,0.0,0.0,0.0,1.0
2348,IRL,Ireland,41790,Women in ministerial positions,Index,0.0,0.0,0.0,0.0,0.0,0.0,0.0,0.0,0.0,0.0,0.0,0.363636364
2427,ISL,Iceland,28159,Global Gender Gap Economic Participation and Opportunity Subindex,Index,0.7107,0.7213,0.7323,0.7502,0.754,0.7453,0.754,0.7684,0.8169,0.836,0.8059999999999999,0.7929999999999999
2447,ISL,Iceland,41779,Labour force participation,Index,0.0,0.0,0.0,0.0,0.0,0.0,0.0,0.0,0.0,0.0,0.0,0.938931298
2448,ISL,Iceland,41780,"Estimated earned income (PPP, US$)",Index,0.0,0.0,0.0,0.0,0.0,0.0,0.0,0.0,0.0,0.0,0.0,0.721790128
2449,ISL,Iceland,41781,"Legislators, senior officials and managers",Index,0.0,0.0,0.0,0.0,0.0,0.0,0.0,0.0,0.0,0.0,0.0,0.47874855899999996
2450,ISL,Iceland,41782,Professional and technical workers,Index,0.0,0.0,0.0,0.0,0.0,0.0,0.0,0.0,0.0,0.0,0.0,1.0
2458,ISL,Iceland,41790,Women in ministerial positions,Index,0.0,0.0,0.0,0.0,0.0,0.0,0.0,0.0,0.0,0.0,0.0,0.666666667
2501,ITA,Italy,28159,Global Gender Gap Economic Participation and Opportunity Subindex,Index,0.5265,0.5432,0.5872,0.5898,0.5893,0.5976,0.5913,0.5973,0.5738,0.603,0.574,0.5920000000000001
2521,ITA,Italy,41779,Labour force participation,Index,0.0,0.0,0.0,0.0,0.0,0.0,0.0,0.0,0.0,0.0,0.0,0.737265416
2522,ITA,Italy,41780,"Estimated earned income (PPP, US$)",Index,0.0,0.0,0.0,0.0,0.0,0.0,0.0,0.0,0.0,0.0,0.0,0.570025534
2523,ITA,Italy,41781,"Legislators, senior officials and managers",Index,0.0,0.0,0.0,0.0,0.0,0.0,0.0,0.0,0.0,0.0,0.0,0.379135259
2524,ITA,Italy,41782,Professional and technical workers,Index,0.0,0.0,0.0,0.0,0.0,0.0,0.0,0.0,0.0,0.0,0.0,0.858527832
2532,ITA,Italy,41790,Women in ministerial positions,Index,0.0,0.0,0.0,0.0,0.0,0.0,0.0,0.0,0.0,0.0,0.0,0.384615385
3099,LUX,Luxembourg,28159,Global Gender Gap Economic Participation and Opportunity Subindex,Index,0.5602,0.606,0.6125,0.6381,0.7507,0.7449,0.8147,0.8162,0.7529,0.7659999999999999,0.75,0.693
3119,LUX,Luxembourg,41779,Labour force participation,Index,0.0,0.0,0.0,0.0,0.0,0.0,0.0,0.0,0.0,0.0,0.0,0.8630872479999999
3120,LUX,Luxembourg,41780,"Estimated earned income (PPP, US$)",Index,0.0,0.0,0.0,0.0,0.0,0.0,0.0,0.0,0.0,0.0,0.0,0.62692102
3121,LUX,Luxembourg,41781,"Legislators, senior officials and managers",Index,0.0,0.0,0.0,0.0,0.0,0.0,0.0,0.0,0.0,0.0,0.0,0.231732777
3122,LUX,Luxembourg,41782,Professional and technical workers,Index,0.0,0.0,0.0,0.0,0.0,0.0,0.0,0.0,0.0,0.0,0.0,0.9610392590000001
3130,LUX,Luxembourg,41790,Women in ministerial positions,Index,0.0,0.0,0.0,0.0,0.0,0.0,0.0,0.0,0.0,0.0,0.0,0.25
3433,MLT,Malta,28159,Global Gender Gap Economic Participation and Opportunity Subindex,Index,0.5099,0.5488,0.5605,0.5611,0.5428,0.5281,0.5498,0.5655,0.5686,0.573,0.595,0.614
3453,MLT,Malta,41779,Labour force participation,Index,0.0,0.0,0.0,0.0,0.0,0.0,0.0,0.0,0.0,0.0,0.0,0.679268293
3454,MLT,Malta,41780,"Estimated earned income (PPP, US$)",Index,0.0,0.0,0.0,0.0,0.0,0.0,0.0,0.0,0.0,0.0,0.0,0.516533832
3455,MLT,Malta,41781,"Legislators, senior officials and managers",Index,0.0,0.0,0.0,0.0,0.0,0.0,0.0,0.0,0.0,0.0,0.0,0.398455039
3456,MLT,Malta,41782,Professional and technical workers,Index,0.0,0.0,0.0,0.0,0.0,0.0,0.0,0.0,0.0,0.0,0.0,0.745690139
3464,MLT,Malta,41790,Women in ministerial positions,Index,0.0,0.0,0.0,0.0,0.0,0.0,0.0,0.0,0.0,0.0,0.0,0.066666667
3879,NLD,Netherlands,28159,Global Gender Gap Economic Participation and Opportunity Subindex,Index,0.6351,0.6667,0.6674,0.6851,0.723,0.7432,0.7578,0.7592,0.7106,0.732,0.659,0.698
3899,NLD,Netherlands,41779,Labour force participation,Index,0.0,0.0,0.0,0.0,0.0,0.0,0.0,0.0,0.0,0.0,0.0,0.8909952609999999
3900,NLD,Netherlands,41780,"Estimated earned income (PPP, US$)",Index,0.0,0.0,0.0,0.0,0.0,0.0,0.0,0.0,0.0,0.0,0.0,0.659738478
3901,NLD,Netherlands,41781,"Legislators, senior officials and managers",Index,0.0,0.0,0.0,0.0,0.0,0.0,0.0,0.0,0.0,0.0,0.0,0.362129265
3902,NLD,Netherlands,41782,Professional and technical workers,Index,0.0,0.0,0.0,0.0,0.0,0.0,0.0,0.0,0.0,0.0,0.0,0.971251757
3910,NLD,Netherlands,41790,Women in ministerial positions,Index,0.0,0.0,0.0,0.0,0.0,0.0,0.0,0.0,0.0,0.0,0.0,0.6
3917,NOR,Norway,28159,Global Gender Gap Economic Participation and Opportunity Subindex,Index,0.7286,0.7509,0.7838,0.7793,0.8306,0.8302,0.83,0.8357,0.8357,0.868,0.818,0.8059999999999999
3937,NOR,Norway,41779,Labour force participation,Index,0.0,0.0,0.0,0.0,0.0,0.0,0.0,0.0,0.0,0.0,0.0,0.94875
3938,NOR,Norway,41780,"Estimated earned income (PPP, US$)",Index,0.0,0.0,0.0,0.0,0.0,0.0,0.0,0.0,0.0,0.0,0.0,0.7800790259999999
3939,NOR,Norway,41781,"Legislators, senior officials and managers",Index,0.0,0.0,0.0,0.0,0.0,0.0,0.0,0.0,0.0,0.0,0.0,0.621004534
3940,NOR,Norway,41782,Professional and technical workers,Index,0.0,0.0,0.0,0.0,0.0,0.0,0.0,0.0,0.0,0.0,0.0,1.0
3948,NOR,Norway,41790,Women in ministerial positions,Index,0.0,0.0,0.0,0.0,0.0,0.0,0.0,0.0,0.0,0.0,0.0,0.636363636
4259,PRT,Portugal,28159,Global Gender Gap Economic Participation and Opportunity Subindex,Index,0.6691,0.6835,0.6958,0.6814,0.6723,0.6626,0.6788,0.6726,0.7192,0.7120000000000001,0.713,0.721
4279,PRT,Portugal,41779,Labour force participation,Index,0.0,0.0,0.0,0.0,0.0,0.0,0.0,0.0,0.0,0.0,0.0,0.91461837
4280,PRT,Portugal,41780,"Estimated earned income (PPP, US$)",Index,0.0,0.0,0.0,0.0,0.0,0.0,0.0,0.0,0.0,0.0,0.0,0.722526601
4281,PRT,Portugal,41781,"Legislators, senior officials and managers",Index,0.0,0.0,0.0,0.0,0.0,0.0,0.0,0.0,0.0,0.0,0.0,0.522058208
4282,PRT,Portugal,41782,Professional and technical workers,Index,0.0,0.0,0.0,0.0,0.0,0.0,0.0,0.0,0.0,0.0,0.0,1.0
4290,PRT,Portugal,41790,Women in ministerial positions,Index,0.0,0.0,0.0,0.0,0.0,0.0,0.0,0.0,0.0,0.0,0.0,0.28571428600000004
4819,SWE,Sweden,28159,Global Gender Gap Economic Participation and Opportunity Subindex,Index,0.7313,0.7613,0.7842,0.7851,0.7695,0.7933,0.7957,0.7829,0.7989,0.836,0.802,0.8079999999999999
4839,SWE,Sweden,41779,Labour force participation,Index,0.0,0.0,0.0,0.0,0.0,0.0,0.0,0.0,0.0,0.0,0.0,0.9561091340000001
4840,SWE,Sweden,41780,"Estimated earned income (PPP, US$)",Index,0.0,0.0,0.0,0.0,0.0,0.0,0.0,0.0,0.0,0.0,0.0,0.784953041
4841,SWE,Sweden,41781,"Legislators, senior officials and managers",Index,0.0,0.0,0.0,0.0,0.0,0.0,0.0,0.0,0.0,0.0,0.0,0.6373640629999999
4842,SWE,Sweden,41782,Professional and technical workers,Index,0.0,0.0,0.0,0.0,0.0,0.0,0.0,0.0,0.0,0.0,0.0,1.0
4850,SWE,Sweden,41790,Women in ministerial positions,Index,0.0,0.0,0.0,0.0,0.0,0.0,0.0,0.0,0.0,0.0,0.0,1.0
