,Country ISO3,Country Name,Indicator Id,Indicator,Subindicator Type,2006,2007,2008,2009,2010,2011,2012,2013,2014,2015,2016,2018
233,AUT,Austria,28161,Global Gender Gap Educational Attainment Subindex,Index,0.9802,0.9802,0.9886,0.9886,0.9886,0.9886,0.9946,1.0,1.0,1.0,0.987,1.0
254,AUT,Austria,41783,Literacy rate,Index,0.0,0.0,0.0,0.0,0.0,0.0,0.0,0.0,0.0,0.0,0.0,1.0
255,AUT,Austria,41785,Enrolment in secondary education,Index,0.0,0.0,0.0,0.0,0.0,0.0,0.0,0.0,0.0,0.0,0.0,1.0
256,AUT,Austria,41786,Enrolment in tertiary education,Index,0.0,0.0,0.0,0.0,0.0,0.0,0.0,0.0,0.0,0.0,0.0,1.0
345,BEL,Belgium,28161,Global Gender Gap Educational Attainment Subindex,Index,1.0,1.0,0.991,0.991,0.9909,0.9909,0.9918,0.9918,0.9921,1.0,1.0,1.0
367,BEL,Belgium,41783,Literacy rate,Index,0.0,0.0,0.0,0.0,0.0,0.0,0.0,0.0,0.0,0.0,0.0,1.0
368,BEL,Belgium,41784,Enrolment in primary education,Index,0.0,0.0,0.0,0.0,0.0,0.0,0.0,0.0,0.0,0.0,0.0,0.9990603920000001
369,BEL,Belgium,41785,Enrolment in secondary education,Index,0.0,0.0,0.0,0.0,0.0,0.0,0.0,0.0,0.0,0.0,0.0,1.0
370,BEL,Belgium,41786,Enrolment in tertiary education,Index,0.0,0.0,0.0,0.0,0.0,0.0,0.0,0.0,0.0,0.0,0.0,1.0
967,CHE,Switzerland,28161,Global Gender Gap Educational Attainment Subindex,Index,0.9569,0.9569,0.9751,0.9792,0.9889,0.9899,0.9909,0.9919,0.9922,0.993,0.993,0.991
989,CHE,Switzerland,41783,Literacy rate,Index,0.0,0.0,0.0,0.0,0.0,0.0,0.0,0.0,0.0,0.0,0.0,1.0
990,CHE,Switzerland,41784,Enrolment in primary education,Index,0.0,0.0,0.0,0.0,0.0,0.0,0.0,0.0,0.0,0.0,0.0,0.9929946559999999
991,CHE,Switzerland,41785,Enrolment in secondary education,Index,0.0,0.0,0.0,0.0,0.0,0.0,0.0,0.0,0.0,0.0,0.0,0.974712861
992,CHE,Switzerland,41786,Enrolment in tertiary education,Index,0.0,0.0,0.0,0.0,0.0,0.0,0.0,0.0,0.0,0.0,0.0,1.0
1333,CYP,Cyprus,28161,Global Gender Gap Educational Attainment Subindex,Index,0.9893,0.9893,0.9954,0.9933,0.9879,0.9776,0.978,0.9853,0.9978,0.998,0.998,0.998
1355,CYP,Cyprus,41783,Literacy rate,Index,0.0,0.0,0.0,0.0,0.0,0.0,0.0,0.0,0.0,0.0,0.0,0.988216685
1356,CYP,Cyprus,41784,Enrolment in primary education,Index,0.0,0.0,0.0,0.0,0.0,0.0,0.0,0.0,0.0,0.0,0.0,1.0
1357,CYP,Cyprus,41785,Enrolment in secondary education,Index,0.0,0.0,0.0,0.0,0.0,0.0,0.0,0.0,0.0,0.0,0.0,1.0
1358,CYP,Cyprus,41786,Enrolment in tertiary education,Index,0.0,0.0,0.0,0.0,0.0,0.0,0.0,0.0,0.0,0.0,0.0,1.0
1407,DEU,Germany,28161,Global Gender Gap Educational Attainment Subindex,Index,0.9954,0.9954,0.9954,0.9953,0.9945,0.9942,0.9848,0.9818,0.9995,0.987,0.966,0.976
1428,DEU,Germany,41783,Literacy rate,Index,0.0,0.0,0.0,0.0,0.0,0.0,0.0,0.0,0.0,0.0,0.0,1.0
1429,DEU,Germany,41785,Enrolment in secondary education,Index,0.0,0.0,0.0,0.0,0.0,0.0,0.0,0.0,0.0,0.0,0.0,0.9439363540000001
1430,DEU,Germany,41786,Enrolment in tertiary education,Index,0.0,0.0,0.0,0.0,0.0,0.0,0.0,0.0,0.0,0.0,0.0,0.998792845
1443,DNK,Denmark,28161,Global Gender Gap Educational Attainment Subindex,Index,1.0,1.0,1.0,1.0,1.0,1.0,1.0,1.0,1.0,1.0,1.0,1.0
1465,DNK,Denmark,41783,Literacy rate,Index,0.0,0.0,0.0,0.0,0.0,0.0,0.0,0.0,0.0,0.0,0.0,1.0
1466,DNK,Denmark,41784,Enrolment in primary education,Index,0.0,0.0,0.0,0.0,0.0,0.0,0.0,0.0,0.0,0.0,0.0,1.0
1467,DNK,Denmark,41785,Enrolment in secondary education,Index,0.0,0.0,0.0,0.0,0.0,0.0,0.0,0.0,0.0,0.0,0.0,1.0
1468,DNK,Denmark,41786,Enrolment in tertiary education,Index,0.0,0.0,0.0,0.0,0.0,0.0,0.0,0.0,0.0,0.0,0.0,1.0
1633,ESP,Spain,28161,Global Gender Gap Educational Attainment Subindex,Index,0.9941,0.9943,0.9938,0.9945,0.9964,0.997,0.9971,0.9971,0.9973,0.998,0.998,0.998
1655,ESP,Spain,41783,Literacy rate,Index,0.0,0.0,0.0,0.0,0.0,0.0,0.0,0.0,0.0,0.0,0.0,0.988459566
1656,ESP,Spain,41784,Enrolment in primary education,Index,0.0,0.0,0.0,0.0,0.0,0.0,0.0,0.0,0.0,0.0,0.0,1.0
1657,ESP,Spain,41785,Enrolment in secondary education,Index,0.0,0.0,0.0,0.0,0.0,0.0,0.0,0.0,0.0,0.0,0.0,1.0
1658,ESP,Spain,41786,Enrolment in tertiary education,Index,0.0,0.0,0.0,0.0,0.0,0.0,0.0,0.0,0.0,0.0,0.0,1.0
1747,FIN,Finland,28161,Global Gender Gap Educational Attainment Subindex,Index,0.9992,0.9992,1.0,1.0,0.9993,0.9995,1.0,1.0,1.0,1.0,1.0,1.0
1769,FIN,Finland,41783,Literacy rate,Index,0.0,0.0,0.0,0.0,0.0,0.0,0.0,0.0,0.0,0.0,0.0,1.0
1770,FIN,Finland,41784,Enrolment in primary education,Index,0.0,0.0,0.0,0.0,0.0,0.0,0.0,0.0,0.0,0.0,0.0,1.0
1771,FIN,Finland,41785,Enrolment in secondary education,Index,0.0,0.0,0.0,0.0,0.0,0.0,0.0,0.0,0.0,0.0,0.0,1.0
1772,FIN,Finland,41786,Enrolment in tertiary education,Index,0.0,0.0,0.0,0.0,0.0,0.0,0.0,0.0,0.0,0.0,0.0,1.0
1819,FRA,France,28161,Global Gender Gap Educational Attainment Subindex,Index,1.0,1.0,1.0,1.0,1.0,1.0,1.0,1.0,1.0,1.0,1.0,1.0
1841,FRA,France,41783,Literacy rate,Index,0.0,0.0,0.0,0.0,0.0,0.0,0.0,0.0,0.0,0.0,0.0,1.0
1842,FRA,France,41784,Enrolment in primary education,Index,0.0,0.0,0.0,0.0,0.0,0.0,0.0,0.0,0.0,0.0,0.0,1.0
1843,FRA,France,41785,Enrolment in secondary education,Index,0.0,0.0,0.0,0.0,0.0,0.0,0.0,0.0,0.0,0.0,0.0,1.0
1844,FRA,France,41786,Enrolment in tertiary education,Index,0.0,0.0,0.0,0.0,0.0,0.0,0.0,0.0,0.0,0.0,0.0,1.0
1857,GBR,United Kingdom,28161,Global Gender Gap Educational Attainment Subindex,Index,1.0,1.0,1.0,1.0,1.0,1.0,0.9993,0.9994,0.9996,1.0,0.9990000000000001,0.9990000000000001
1879,GBR,United Kingdom,41783,Literacy rate,Index,0.0,0.0,0.0,0.0,0.0,0.0,0.0,0.0,0.0,0.0,0.0,1.0
1880,GBR,United Kingdom,41784,Enrolment in primary education,Index,0.0,0.0,0.0,0.0,0.0,0.0,0.0,0.0,0.0,0.0,0.0,0.9986008670000001
1881,GBR,United Kingdom,41785,Enrolment in secondary education,Index,0.0,0.0,0.0,0.0,0.0,0.0,0.0,0.0,0.0,0.0,0.0,1.0
1882,GBR,United Kingdom,41786,Enrolment in tertiary education,Index,0.0,0.0,0.0,0.0,0.0,0.0,0.0,0.0,0.0,0.0,0.0,1.0
2043,GRC,Greece,28161,Global Gender Gap Educational Attainment Subindex,Index,0.9918,0.9894,0.9944,0.9934,0.9935,0.9938,0.9940000000000001,0.9953,0.9954,0.996,0.987,0.992
2065,GRC,Greece,41783,Literacy rate,Index,0.0,0.0,0.0,0.0,0.0,0.0,0.0,0.0,0.0,0.0,0.0,0.9818883709999999
2066,GRC,Greece,41784,Enrolment in primary education,Index,0.0,0.0,0.0,0.0,0.0,0.0,0.0,0.0,0.0,0.0,0.0,0.9997389090000001
2067,GRC,Greece,41785,Enrolment in secondary education,Index,0.0,0.0,0.0,0.0,0.0,0.0,0.0,0.0,0.0,0.0,0.0,0.988639925
2068,GRC,Greece,41786,Enrolment in tertiary education,Index,0.0,0.0,0.0,0.0,0.0,0.0,0.0,0.0,0.0,0.0,0.0,0.9844148559999999
2319,IRL,Ireland,28161,Global Gender Gap Educational Attainment Subindex,Index,1.0,1.0,1.0,1.0,1.0,1.0,0.9988,0.9988,0.9979,0.998,1.0,0.996
2341,IRL,Ireland,41783,Literacy rate,Index,0.0,0.0,0.0,0.0,0.0,0.0,0.0,0.0,0.0,0.0,0.0,1.0
2342,IRL,Ireland,41784,Enrolment in primary education,Index,0.0,0.0,0.0,0.0,0.0,0.0,0.0,0.0,0.0,0.0,0.0,0.99208283
2343,IRL,Ireland,41785,Enrolment in secondary education,Index,0.0,0.0,0.0,0.0,0.0,0.0,0.0,0.0,0.0,0.0,0.0,1.0
2344,IRL,Ireland,41786,Enrolment in tertiary education,Index,0.0,0.0,0.0,0.0,0.0,0.0,0.0,0.0,0.0,0.0,0.0,1.0
2429,ISL,Iceland,28161,Global Gender Gap Educational Attainment Subindex,Index,0.9905,0.9874,0.9934,1.0,1.0,1.0,1.0,1.0,1.0,1.0,1.0,0.9990000000000001
2451,ISL,Iceland,41783,Literacy rate,Index,0.0,0.0,0.0,0.0,0.0,0.0,0.0,0.0,0.0,0.0,0.0,1.0
2452,ISL,Iceland,41784,Enrolment in primary education,Index,0.0,0.0,0.0,0.0,0.0,0.0,0.0,0.0,0.0,0.0,0.0,0.998381842
2453,ISL,Iceland,41785,Enrolment in secondary education,Index,0.0,0.0,0.0,0.0,0.0,0.0,0.0,0.0,0.0,0.0,0.0,1.0
2454,ISL,Iceland,41786,Enrolment in tertiary education,Index,0.0,0.0,0.0,0.0,0.0,0.0,0.0,0.0,0.0,0.0,0.0,1.0
2503,ITA,Italy,28161,Global Gender Gap Educational Attainment Subindex,Index,0.9969,0.9969,0.9957,0.9955,0.9948,0.9945,0.9923,0.9924,0.9939,0.995,0.995,0.995
2525,ITA,Italy,41783,Literacy rate,Index,0.0,0.0,0.0,0.0,0.0,0.0,0.0,0.0,0.0,0.0,0.0,0.994336955
2526,ITA,Italy,41784,Enrolment in primary education,Index,0.0,0.0,0.0,0.0,0.0,0.0,0.0,0.0,0.0,0.0,0.0,0.9928530329999999
2527,ITA,Italy,41785,Enrolment in secondary education,Index,0.0,0.0,0.0,0.0,0.0,0.0,0.0,0.0,0.0,0.0,0.0,0.9993451320000001
2528,ITA,Italy,41786,Enrolment in tertiary education,Index,0.0,0.0,0.0,0.0,0.0,0.0,0.0,0.0,0.0,0.0,0.0,1.0
3101,LUX,Luxembourg,28161,Global Gender Gap Educational Attainment Subindex,Index,1.0,1.0,1.0,1.0,1.0,1.0,0.996,1.0,1.0,1.0,1.0,1.0
3123,LUX,Luxembourg,41783,Literacy rate,Index,0.0,0.0,0.0,0.0,0.0,0.0,0.0,0.0,0.0,0.0,0.0,1.0
3124,LUX,Luxembourg,41784,Enrolment in primary education,Index,0.0,0.0,0.0,0.0,0.0,0.0,0.0,0.0,0.0,0.0,0.0,1.0
3125,LUX,Luxembourg,41785,Enrolment in secondary education,Index,0.0,0.0,0.0,0.0,0.0,0.0,0.0,0.0,0.0,0.0,0.0,1.0
3126,LUX,Luxembourg,41786,Enrolment in tertiary education,Index,0.0,0.0,0.0,0.0,0.0,0.0,0.0,0.0,0.0,0.0,0.0,1.0
3435,MLT,Malta,28161,Global Gender Gap Educational Attainment Subindex,Index,0.9977,0.9977,0.9955,0.9955,1.0,1.0,0.9936,0.9935,1.0,1.0,0.953,1.0
3457,MLT,Malta,41783,Literacy rate,Index,0.0,0.0,0.0,0.0,0.0,0.0,0.0,0.0,0.0,0.0,0.0,1.0
3458,MLT,Malta,41784,Enrolment in primary education,Index,0.0,0.0,0.0,0.0,0.0,0.0,0.0,0.0,0.0,0.0,0.0,1.0
3459,MLT,Malta,41785,Enrolment in secondary education,Index,0.0,0.0,0.0,0.0,0.0,0.0,0.0,0.0,0.0,0.0,0.0,1.0
3460,MLT,Malta,41786,Enrolment in tertiary education,Index,0.0,0.0,0.0,0.0,0.0,0.0,0.0,0.0,0.0,0.0,0.0,1.0
3881,NLD,Netherlands,28161,Global Gender Gap Educational Attainment Subindex,Index,0.9724,0.9934,0.9937,0.995,0.9966,0.9985,1.0,0.9954,1.0,1.0,0.9940000000000001,1.0
3903,NLD,Netherlands,41783,Literacy rate,Index,0.0,0.0,0.0,0.0,0.0,0.0,0.0,0.0,0.0,0.0,0.0,1.0
3904,NLD,Netherlands,41784,Enrolment in primary education,Index,0.0,0.0,0.0,0.0,0.0,0.0,0.0,0.0,0.0,0.0,0.0,1.0
3905,NLD,Netherlands,41785,Enrolment in secondary education,Index,0.0,0.0,0.0,0.0,0.0,0.0,0.0,0.0,0.0,0.0,0.0,1.0
3906,NLD,Netherlands,41786,Enrolment in tertiary education,Index,0.0,0.0,0.0,0.0,0.0,0.0,0.0,0.0,0.0,0.0,0.0,1.0
3919,NOR,Norway,28161,Global Gender Gap Educational Attainment Subindex,Index,0.9996,0.9996,1.0,1.0,1.0,1.0,1.0,1.0,1.0,1.0,1.0,0.9990000000000001
3941,NOR,Norway,41783,Literacy rate,Index,0.0,0.0,0.0,0.0,0.0,0.0,0.0,0.0,0.0,0.0,0.0,1.0
3942,NOR,Norway,41784,Enrolment in primary education,Index,0.0,0.0,0.0,0.0,0.0,0.0,0.0,0.0,0.0,0.0,0.0,0.997749606
3943,NOR,Norway,41785,Enrolment in secondary education,Index,0.0,0.0,0.0,0.0,0.0,0.0,0.0,0.0,0.0,0.0,0.0,1.0
3944,NOR,Norway,41786,Enrolment in tertiary education,Index,0.0,0.0,0.0,0.0,0.0,0.0,0.0,0.0,0.0,0.0,0.0,1.0
4261,PRT,Portugal,28161,Global Gender Gap Educational Attainment Subindex,Index,0.9888,0.9893,0.9902,0.9895,0.9890000000000001,0.9932,0.9936,0.9940000000000001,0.9933,0.995,0.993,0.991
4283,PRT,Portugal,41783,Literacy rate,Index,0.0,0.0,0.0,0.0,0.0,0.0,0.0,0.0,0.0,0.0,0.0,0.964430707
4284,PRT,Portugal,41784,Enrolment in primary education,Index,0.0,0.0,0.0,0.0,0.0,0.0,0.0,0.0,0.0,0.0,0.0,0.994935899
4285,PRT,Portugal,41785,Enrolment in secondary education,Index,0.0,0.0,0.0,0.0,0.0,0.0,0.0,0.0,0.0,0.0,0.0,1.0
4286,PRT,Portugal,41786,Enrolment in tertiary education,Index,0.0,0.0,0.0,0.0,0.0,0.0,0.0,0.0,0.0,0.0,0.0,1.0
4821,SWE,Sweden,28161,Global Gender Gap Educational Attainment Subindex,Index,0.9986,0.9986,0.9987,0.9977,0.9964,0.9957,0.9969,0.9977,0.9974,0.996,0.9990000000000001,0.998
4843,SWE,Sweden,41783,Literacy rate,Index,0.0,0.0,0.0,0.0,0.0,0.0,0.0,0.0,0.0,0.0,0.0,1.0
4844,SWE,Sweden,41784,Enrolment in primary education,Index,0.0,0.0,0.0,0.0,0.0,0.0,0.0,0.0,0.0,0.0,0.0,0.996433001
4845,SWE,Sweden,41785,Enrolment in secondary education,Index,0.0,0.0,0.0,0.0,0.0,0.0,0.0,0.0,0.0,0.0,0.0,0.996451772
4846,SWE,Sweden,41786,Enrolment in tertiary education,Index,0.0,0.0,0.0,0.0,0.0,0.0,0.0,0.0,0.0,0.0,0.0,1.0
