,Country ISO3,Country Name,Indicator Id,Indicator,Subindicator Type,2006,2007,2008,2009,2010,2011,2012,2013,2014,2015,2016,2018
235,AUT,Austria,28163,Global Gender Gap Health and Survival Subindex,Index,0.9796,0.9796,0.9796,0.9796,0.9787,0.9787,0.9787,0.9787,0.9789,0.98,0.98,0.9740000000000001
257,AUT,Austria,41787,Sex ratio at birth,Index,0.0,0.0,0.0,0.0,0.0,0.0,0.0,0.0,0.0,0.0,0.0,0.9440000000000001
258,AUT,Austria,41788,Healthy life expectancy,Index,0.0,0.0,0.0,0.0,0.0,0.0,0.0,0.0,0.0,0.0,0.0,1.042313117
347,BEL,Belgium,28163,Global Gender Gap Health and Survival Subindex,Index,0.9796,0.9789,0.9789,0.9789,0.9787,0.9787,0.9787,0.9787,0.9789,0.9740000000000001,0.9740000000000001,0.973
371,BEL,Belgium,41787,Sex ratio at birth,Index,0.0,0.0,0.0,0.0,0.0,0.0,0.0,0.0,0.0,0.0,0.0,0.9440000000000001
372,BEL,Belgium,41788,Healthy life expectancy,Index,0.0,0.0,0.0,0.0,0.0,0.0,0.0,0.0,0.0,0.0,0.0,1.03988604
969,CHE,Switzerland,28163,Global Gender Gap Health and Survival Subindex,Index,0.9792,0.9784,0.9784,0.9784,0.9738,0.9738,0.9738,0.9733,0.9737,0.9740000000000001,0.9740000000000001,0.97
993,CHE,Switzerland,41787,Sex ratio at birth,Index,0.0,0.0,0.0,0.0,0.0,0.0,0.0,0.0,0.0,0.0,0.0,0.9440000000000001
994,CHE,Switzerland,41788,Healthy life expectancy,Index,0.0,0.0,0.0,0.0,0.0,0.0,0.0,0.0,0.0,0.0,0.0,1.029005525
1335,CYP,Cyprus,28163,Global Gender Gap Health and Survival Subindex,Index,0.9693,0.9657,0.9657,0.9657,0.9701,0.9701,0.9701,0.9701,0.9738,0.9740000000000001,0.9740000000000001,0.9670000000000001
1359,CYP,Cyprus,41787,Sex ratio at birth,Index,0.0,0.0,0.0,0.0,0.0,0.0,0.0,0.0,0.0,0.0,0.0,0.9345794390000001
1360,CYP,Cyprus,41788,Healthy life expectancy,Index,0.0,0.0,0.0,0.0,0.0,0.0,0.0,0.0,0.0,0.0,0.0,1.040333797
1409,DEU,Germany,28163,Global Gender Gap Health and Survival Subindex,Index,0.9791,0.9783,0.9783,0.9783,0.9784,0.9784,0.978,0.978,0.9739,0.9790000000000001,0.9790000000000001,0.973
1431,DEU,Germany,41787,Sex ratio at birth,Index,0.0,0.0,0.0,0.0,0.0,0.0,0.0,0.0,0.0,0.0,0.0,0.9440000000000001
1432,DEU,Germany,41788,Healthy life expectancy,Index,0.0,0.0,0.0,0.0,0.0,0.0,0.0,0.0,0.0,0.0,0.0,1.03988604
1445,DNK,Denmark,28163,Global Gender Gap Health and Survival Subindex,Index,0.9723,0.9696,0.9696,0.9696,0.9743,0.9743,0.9739,0.9739,0.9741,0.97,0.97,0.971
1469,DNK,Denmark,41787,Sex ratio at birth,Index,0.0,0.0,0.0,0.0,0.0,0.0,0.0,0.0,0.0,0.0,0.0,0.9440000000000001
1470,DNK,Denmark,41788,Healthy life expectancy,Index,0.0,0.0,0.0,0.0,0.0,0.0,0.0,0.0,0.0,0.0,0.0,1.032531825
1635,ESP,Spain,28163,Global Gender Gap Health and Survival Subindex,Index,0.973,0.973,0.973,0.973,0.9755,0.9761,0.9791,0.973,0.9719,0.972,0.972,0.972
1659,ESP,Spain,41787,Sex ratio at birth,Index,0.0,0.0,0.0,0.0,0.0,0.0,0.0,0.0,0.0,0.0,0.0,0.939849624
1660,ESP,Spain,41788,Healthy life expectancy,Index,0.0,0.0,0.0,0.0,0.0,0.0,0.0,0.0,0.0,0.0,0.0,1.04432133
1749,FIN,Finland,28163,Global Gender Gap Health and Survival Subindex,Index,0.9796,0.9796,0.9796,0.9796,0.9796,0.9796,0.9796,0.9796,0.9789,0.98,0.98,0.977
1773,FIN,Finland,41787,Sex ratio at birth,Index,0.0,0.0,0.0,0.0,0.0,0.0,0.0,0.0,0.0,0.0,0.0,0.9440000000000001
1774,FIN,Finland,41788,Healthy life expectancy,Index,0.0,0.0,0.0,0.0,0.0,0.0,0.0,0.0,0.0,0.0,0.0,1.053008596
1821,FRA,France,28163,Global Gender Gap Health and Survival Subindex,Index,0.9796,0.9796,0.9796,0.9796,0.9796,0.9796,0.9796,0.9796,0.9796,0.98,0.98,0.9740000000000001
1845,FRA,France,41787,Sex ratio at birth,Index,0.0,0.0,0.0,0.0,0.0,0.0,0.0,0.0,0.0,0.0,0.0,0.9440000000000001
1846,FRA,France,41788,Healthy life expectancy,Index,0.0,0.0,0.0,0.0,0.0,0.0,0.0,0.0,0.0,0.0,0.0,1.043175487
1859,GBR,United Kingdom,28163,Global Gender Gap Health and Survival Subindex,Index,0.9742,0.9745,0.9745,0.9745,0.9698,0.9698,0.9698,0.9698,0.9699,0.9740000000000001,0.9740000000000001,0.97
1883,GBR,United Kingdom,41787,Sex ratio at birth,Index,0.0,0.0,0.0,0.0,0.0,0.0,0.0,0.0,0.0,0.0,0.0,0.9440000000000001
1884,GBR,United Kingdom,41788,Healthy life expectancy,Index,0.0,0.0,0.0,0.0,0.0,0.0,0.0,0.0,0.0,0.0,0.0,1.028208745
2045,GRC,Greece,28163,Global Gender Gap Health and Survival Subindex,Index,0.9779,0.9785,0.9785,0.9785,0.9712,0.9712,0.9737,0.9737,0.9785,0.9790000000000001,0.9790000000000001,0.971
2069,GRC,Greece,41787,Sex ratio at birth,Index,0.0,0.0,0.0,0.0,0.0,0.0,0.0,0.0,0.0,0.0,0.0,0.9389671359999999
2070,GRC,Greece,41788,Healthy life expectancy,Index,0.0,0.0,0.0,0.0,0.0,0.0,0.0,0.0,0.0,0.0,0.0,1.043971631
2321,IRL,Ireland,28163,Global Gender Gap Health and Survival Subindex,Index,0.9701,0.9727,0.9727,0.9727,0.97,0.9741,0.9737,0.9737,0.9739,0.9790000000000001,0.9790000000000001,0.97
2345,IRL,Ireland,41787,Sex ratio at birth,Index,0.0,0.0,0.0,0.0,0.0,0.0,0.0,0.0,0.0,0.0,0.0,0.943396226
2346,IRL,Ireland,41788,Healthy life expectancy,Index,0.0,0.0,0.0,0.0,0.0,0.0,0.0,0.0,0.0,0.0,0.0,1.029535865
2431,ISL,Iceland,28163,Global Gender Gap Health and Survival Subindex,Index,0.9679,0.9697,0.9697,0.9697,0.9696,0.9696,0.9696,0.9696,0.9654,0.97,0.97,0.968
2455,ISL,Iceland,41787,Sex ratio at birth,Index,0.0,0.0,0.0,0.0,0.0,0.0,0.0,0.0,0.0,0.0,0.0,0.9440000000000001
2456,ISL,Iceland,41788,Healthy life expectancy,Index,0.0,0.0,0.0,0.0,0.0,0.0,0.0,0.0,0.0,0.0,0.0,1.020746888
2505,ITA,Italy,28163,Global Gender Gap Health and Survival Subindex,Index,0.9717,0.9719,0.9719,0.9719,0.9697,0.9738,0.9733,0.9733,0.9737,0.9740000000000001,0.9740000000000001,0.9690000000000001
2529,ITA,Italy,41787,Sex ratio at birth,Index,0.0,0.0,0.0,0.0,0.0,0.0,0.0,0.0,0.0,0.0,0.0,0.9407337720000001
2530,ITA,Italy,41788,Healthy life expectancy,Index,0.0,0.0,0.0,0.0,0.0,0.0,0.0,0.0,0.0,0.0,0.0,1.031944444
3103,LUX,Luxembourg,28163,Global Gender Gap Health and Survival Subindex,Index,0.973,0.973,0.973,0.973,0.9743,0.9743,0.9719,0.9719,0.9678,0.9740000000000001,0.9740000000000001,0.972
3127,LUX,Luxembourg,41787,Sex ratio at birth,Index,0.0,0.0,0.0,0.0,0.0,0.0,0.0,0.0,0.0,0.0,0.0,0.9440000000000001
3128,LUX,Luxembourg,41788,Healthy life expectancy,Index,0.0,0.0,0.0,0.0,0.0,0.0,0.0,0.0,0.0,0.0,0.0,1.036568214
3437,MLT,Malta,28163,Global Gender Gap Health and Survival Subindex,Index,0.9740000000000001,0.9739,0.9739,0.9739,0.9741,0.9741,0.9737,0.9737,0.9695,0.97,0.97,0.9690000000000001
3461,MLT,Malta,41787,Sex ratio at birth,Index,0.0,0.0,0.0,0.0,0.0,0.0,0.0,0.0,0.0,0.0,0.0,0.943396226
3462,MLT,Malta,41788,Healthy life expectancy,Index,0.0,0.0,0.0,0.0,0.0,0.0,0.0,0.0,0.0,0.0,0.0,1.028050491
3883,NLD,Netherlands,28163,Global Gender Gap Health and Survival Subindex,Index,0.9737,0.9743,0.9743,0.9743,0.9697,0.9697,0.9697,0.9697,0.9699,0.97,0.97,0.968
3907,NLD,Netherlands,41787,Sex ratio at birth,Index,0.0,0.0,0.0,0.0,0.0,0.0,0.0,0.0,0.0,0.0,0.0,0.9440000000000001
3908,NLD,Netherlands,41788,Healthy life expectancy,Index,0.0,0.0,0.0,0.0,0.0,0.0,0.0,0.0,0.0,0.0,0.0,1.021037868
3921,NOR,Norway,28163,Global Gender Gap Health and Survival Subindex,Index,0.9749,0.9787,0.9787,0.9787,0.9697,0.9697,0.9697,0.9697,0.9695,0.9740000000000001,0.9740000000000001,0.972
3945,NOR,Norway,41787,Sex ratio at birth,Index,0.0,0.0,0.0,0.0,0.0,0.0,0.0,0.0,0.0,0.0,0.0,0.9440000000000001
3946,NOR,Norway,41788,Healthy life expectancy,Index,0.0,0.0,0.0,0.0,0.0,0.0,0.0,0.0,0.0,0.0,0.0,1.034818942
4263,PRT,Portugal,28163,Global Gender Gap Health and Survival Subindex,Index,0.973,0.973,0.973,0.973,0.9742,0.9742,0.9724,0.9724,0.9724,0.973,0.973,0.978
4287,PRT,Portugal,41787,Sex ratio at birth,Index,0.0,0.0,0.0,0.0,0.0,0.0,0.0,0.0,0.0,0.0,0.0,0.943396226
4288,PRT,Portugal,41788,Healthy life expectancy,Index,0.0,0.0,0.0,0.0,0.0,0.0,0.0,0.0,0.0,0.0,0.0,1.057142857
4823,SWE,Sweden,28163,Global Gender Gap Health and Survival Subindex,Index,0.9731,0.9735,0.9735,0.9735,0.9729,0.9729,0.9735,0.9735,0.9694,0.9740000000000001,0.9740000000000001,0.9690000000000001
4847,SWE,Sweden,41787,Sex ratio at birth,Index,0.0,0.0,0.0,0.0,0.0,0.0,0.0,0.0,0.0,0.0,0.0,0.943396226
4848,SWE,Sweden,41788,Healthy life expectancy,Index,0.0,0.0,0.0,0.0,0.0,0.0,0.0,0.0,0.0,0.0,0.0,1.026573427
