,Country ISO3,Country Name,Indicator Id,Indicator,Subindicator Type,2006,2007,2008,2009,2010,2011,2012,2013,2014,2015,2016,2018
228,AUT,Austria,27961,Global Gender Gap Political Empowerment subindex,Index,0.2821,0.2821,0.3057,0.2744,0.2742,0.2744,0.3318,0.3318,0.2573,0.24600000000000002,0.24600000000000002,0.242
259,AUT,Austria,41789,Women in parliament,Index,0.0,0.0,0.0,0.0,0.0,0.0,0.0,0.0,0.0,0.0,0.0,0.525
260,AUT,Austria,41790,Women in ministerial positions,Index,0.0,0.0,0.0,0.0,0.0,0.0,0.0,0.0,0.0,0.0,0.0,0.3
261,AUT,Austria,41791,Years with female head of state (last 50),Index,0.0,0.0,0.0,0.0,0.0,0.0,0.0,0.0,0.0,0.0,0.0,0.011304443999999999
340,BEL,Belgium,27961,Global Gender Gap Political Empowerment subindex,Index,0.2319,0.2319,0.2431,0.2431,0.3244,0.3241,0.3664,0.3664,0.3948,0.275,0.275,0.264
373,BEL,Belgium,41789,Women in parliament,Index,0.0,0.0,0.0,0.0,0.0,0.0,0.0,0.0,0.0,0.0,0.0,0.612903226
374,BEL,Belgium,41790,Women in ministerial positions,Index,0.0,0.0,0.0,0.0,0.0,0.0,0.0,0.0,0.0,0.0,0.0,0.3
375,BEL,Belgium,41791,Years with female head of state (last 50),Index,0.0,0.0,0.0,0.0,0.0,0.0,0.0,0.0,0.0,0.0,0.0,0.0
962,CHE,Switzerland,27961,Global Gender Gap Political Empowerment subindex,Index,0.1535,0.1582,0.3273,0.3273,0.3352,0.3453,0.3525,0.361,0.3737,0.376,0.391,0.32
995,CHE,Switzerland,41789,Women in parliament,Index,0.0,0.0,0.0,0.0,0.0,0.0,0.0,0.0,0.0,0.0,0.0,0.481481481
996,CHE,Switzerland,41790,Women in ministerial positions,Index,0.0,0.0,0.0,0.0,0.0,0.0,0.0,0.0,0.0,0.0,0.0,0.4
997,CHE,Switzerland,41791,Years with female head of state (last 50),Index,0.0,0.0,0.0,0.0,0.0,0.0,0.0,0.0,0.0,0.0,0.0,0.162346347
1328,CYP,Cyprus,27961,Global Gender Gap Political Empowerment subindex,Index,0.0517,0.0517,0.1066,0.1066,0.069,0.0618,0.1298,0.1298,0.069,0.069,0.1,0.092
1361,CYP,Cyprus,41789,Women in parliament,Index,0.0,0.0,0.0,0.0,0.0,0.0,0.0,0.0,0.0,0.0,0.0,0.21739130399999998
1362,CYP,Cyprus,41790,Women in ministerial positions,Index,0.0,0.0,0.0,0.0,0.0,0.0,0.0,0.0,0.0,0.0,0.0,0.1
1363,CYP,Cyprus,41791,Years with female head of state (last 50),Index,0.0,0.0,0.0,0.0,0.0,0.0,0.0,0.0,0.0,0.0,0.0,0.0
1402,DEU,Germany,27961,Global Gender Gap Political Empowerment subindex,Index,0.3657,0.3738,0.2962,0.3105,0.3251,0.3364,0.3488,0.3611,0.3998,0.413,0.428,0.418
1433,DEU,Germany,41789,Women in parliament,Index,0.0,0.0,0.0,0.0,0.0,0.0,0.0,0.0,0.0,0.0,0.0,0.443991853
1434,DEU,Germany,41790,Women in ministerial positions,Index,0.0,0.0,0.0,0.0,0.0,0.0,0.0,0.0,0.0,0.0,0.0,0.5
1435,DEU,Germany,41791,Years with female head of state (last 50),Index,0.0,0.0,0.0,0.0,0.0,0.0,0.0,0.0,0.0,0.0,0.0,0.355164476
1438,DNK,Denmark,27961,Global Gender Gap Political Empowerment subindex,Index,0.3045,0.3045,0.33399999999999996,0.33399999999999996,0.3695,0.3696,0.3645,0.3738,0.4306,0.309,0.309,0.406
1471,DNK,Denmark,41789,Women in parliament,Index,0.0,0.0,0.0,0.0,0.0,0.0,0.0,0.0,0.0,0.0,0.0,0.598214286
1472,DNK,Denmark,41790,Women in ministerial positions,Index,0.0,0.0,0.0,0.0,0.0,0.0,0.0,0.0,0.0,0.0,0.0,0.75
1473,DNK,Denmark,41791,Years with female head of state (last 50),Index,0.0,0.0,0.0,0.0,0.0,0.0,0.0,0.0,0.0,0.0,0.0,0.080776975
1628,ESP,Spain,27961,Global Gender Gap Political Empowerment subindex,Index,0.4214,0.4214,0.3688,0.3688,0.4258,0.426,0.2841,0.2841,0.3139,0.326,0.316,0.354
1661,ESP,Spain,41789,Women in parliament,Index,0.0,0.0,0.0,0.0,0.0,0.0,0.0,0.0,0.0,0.0,0.0,0.643192488
1662,ESP,Spain,41790,Women in ministerial positions,Index,0.0,0.0,0.0,0.0,0.0,0.0,0.0,0.0,0.0,0.0,0.0,0.625
1663,ESP,Spain,41791,Years with female head of state (last 50),Index,0.0,0.0,0.0,0.0,0.0,0.0,0.0,0.0,0.0,0.0,0.0,0.0
1742,FIN,Finland,27961,Global Gender Gap Political Empowerment subindex,Index,0.4704,0.5165,0.5577,0.5709,0.5686,0.606,0.6162,0.6162,0.6162,0.607,0.607,0.519
1775,FIN,Finland,41789,Women in parliament,Index,0.0,0.0,0.0,0.0,0.0,0.0,0.0,0.0,0.0,0.0,0.0,0.7241379309999999
1776,FIN,Finland,41790,Women in ministerial positions,Index,0.0,0.0,0.0,0.0,0.0,0.0,0.0,0.0,0.0,0.0,0.0,0.625
1777,FIN,Finland,41791,Years with female head of state (last 50),Index,0.0,0.0,0.0,0.0,0.0,0.0,0.0,0.0,0.0,0.0,0.0,0.31607413300000003
1814,FRA,France,27961,Global Gender Gap Political Empowerment subindex,Index,0.10400000000000001,0.10400000000000001,0.2939,0.2939,0.1695,0.1691,0.1452,0.187,0.35200000000000004,0.365,0.365,0.45799999999999996
1847,FRA,France,41789,Women in parliament,Index,0.0,0.0,0.0,0.0,0.0,0.0,0.0,0.0,0.0,0.0,0.0,0.655172414
1848,FRA,France,41790,Women in ministerial positions,Index,0.0,0.0,0.0,0.0,0.0,0.0,0.0,0.0,0.0,0.0,0.0,1.0
1849,FRA,France,41791,Years with female head of state (last 50),Index,0.0,0.0,0.0,0.0,0.0,0.0,0.0,0.0,0.0,0.0,0.0,0.018017515
1852,GBR,United Kingdom,27961,Global Gender Gap Political Empowerment subindex,Index,0.3074,0.3074,0.2801,0.2801,0.2933,0.2927,0.2737,0.2747,0.2698,0.335,0.335,0.42100000000000004
1885,GBR,United Kingdom,41789,Women in parliament,Index,0.0,0.0,0.0,0.0,0.0,0.0,0.0,0.0,0.0,0.0,0.0,0.47392290200000003
1886,GBR,United Kingdom,41790,Women in ministerial positions,Index,0.0,0.0,0.0,0.0,0.0,0.0,0.0,0.0,0.0,0.0,0.0,0.444444444
1887,GBR,United Kingdom,41791,Years with female head of state (last 50),Index,0.0,0.0,0.0,0.0,0.0,0.0,0.0,0.0,0.0,0.0,0.0,0.37145863100000004
2038,GRC,Greece,27961,Global Gender Gap Political Empowerment subindex,Index,0.0609,0.0609,0.0863,0.0863,0.1773,0.1772,0.0858,0.0969,0.0961,0.12,0.10400000000000001,0.138
2071,GRC,Greece,41789,Women in parliament,Index,0.0,0.0,0.0,0.0,0.0,0.0,0.0,0.0,0.0,0.0,0.0,0.229508197
2072,GRC,Greece,41790,Women in ministerial positions,Index,0.0,0.0,0.0,0.0,0.0,0.0,0.0,0.0,0.0,0.0,0.0,0.26666666699999997
2073,GRC,Greece,41791,Years with female head of state (last 50),Index,0.0,0.0,0.0,0.0,0.0,0.0,0.0,0.0,0.0,0.0,0.0,0.001371742
2314,IRL,Ireland,27961,Global Gender Gap Political Empowerment subindex,Index,0.3233,0.3431,0.3535,0.3742,0.3985,0.4257,0.4115,0.4115,0.414,0.474,0.502,0.493
2347,IRL,Ireland,41789,Women in parliament,Index,0.0,0.0,0.0,0.0,0.0,0.0,0.0,0.0,0.0,0.0,0.0,0.284552846
2348,IRL,Ireland,41790,Women in ministerial positions,Index,0.0,0.0,0.0,0.0,0.0,0.0,0.0,0.0,0.0,0.0,0.0,0.363636364
2349,IRL,Ireland,41791,Years with female head of state (last 50),Index,0.0,0.0,0.0,0.0,0.0,0.0,0.0,0.0,0.0,0.0,0.0,0.711525837
2424,ISL,Iceland,27961,Global Gender Gap Political Empowerment subindex,Index,0.456,0.456,0.5044,0.5905,0.6748,0.6971,0.7325,0.7544,0.6554,0.7190000000000001,0.7190000000000001,0.674
2457,ISL,Iceland,41789,Women in parliament,Index,0.0,0.0,0.0,0.0,0.0,0.0,0.0,0.0,0.0,0.0,0.0,0.615384615
2458,ISL,Iceland,41790,Women in ministerial positions,Index,0.0,0.0,0.0,0.0,0.0,0.0,0.0,0.0,0.0,0.0,0.0,0.666666667
2459,ISL,Iceland,41791,Years with female head of state (last 50),Index,0.0,0.0,0.0,0.0,0.0,0.0,0.0,0.0,0.0,0.0,0.0,0.718132178
2498,ITA,Italy,27961,Global Gender Gap Political Empowerment subindex,Index,0.0872,0.0872,0.1604,0.1619,0.1523,0.1525,0.1348,0.1912,0.2479,0.331,0.331,0.267
2531,ITA,Italy,41789,Women in parliament,Index,0.0,0.0,0.0,0.0,0.0,0.0,0.0,0.0,0.0,0.0,0.0,0.5555555560000001
2532,ITA,Italy,41790,Women in ministerial positions,Index,0.0,0.0,0.0,0.0,0.0,0.0,0.0,0.0,0.0,0.0,0.0,0.384615385
2533,ITA,Italy,41791,Years with female head of state (last 50),Index,0.0,0.0,0.0,0.0,0.0,0.0,0.0,0.0,0.0,0.0,0.0,0.0
3096,LUX,Luxembourg,27961,Global Gender Gap Political Empowerment subindex,Index,0.1353,0.1353,0.1353,0.1444,0.1673,0.1673,0.1931,0.1757,0.2123,0.212,0.212,0.184
3129,LUX,Luxembourg,41789,Women in parliament,Index,0.0,0.0,0.0,0.0,0.0,0.0,0.0,0.0,0.0,0.0,0.0,0.395348837
3130,LUX,Luxembourg,41790,Women in ministerial positions,Index,0.0,0.0,0.0,0.0,0.0,0.0,0.0,0.0,0.0,0.0,0.0,0.25
3131,LUX,Luxembourg,41791,Years with female head of state (last 50),Index,0.0,0.0,0.0,0.0,0.0,0.0,0.0,0.0,0.0,0.0,0.0,0.0
3430,MLT,Malta,27961,Global Gender Gap Political Empowerment subindex,Index,0.1256,0.1256,0.1237,0.1237,0.1611,0.1611,0.1494,0.1716,0.1447,0.128,0.14,0.159
3463,MLT,Malta,41789,Women in parliament,Index,0.0,0.0,0.0,0.0,0.0,0.0,0.0,0.0,0.0,0.0,0.0,0.13559322
3464,MLT,Malta,41790,Women in ministerial positions,Index,0.0,0.0,0.0,0.0,0.0,0.0,0.0,0.0,0.0,0.0,0.0,0.066666667
3465,MLT,Malta,41791,Years with female head of state (last 50),Index,0.0,0.0,0.0,0.0,0.0,0.0,0.0,0.0,0.0,0.0,0.0,0.226808282
3876,NLD,Netherlands,27961,Global Gender Gap Political Empowerment subindex,Index,0.3186,0.3186,0.3241,0.3415,0.2883,0.2766,0.3362,0.3191,0.4116,0.401,0.401,0.32299999999999995
3909,NLD,Netherlands,41789,Women in parliament,Index,0.0,0.0,0.0,0.0,0.0,0.0,0.0,0.0,0.0,0.0,0.0,0.5625
3910,NLD,Netherlands,41790,Women in ministerial positions,Index,0.0,0.0,0.0,0.0,0.0,0.0,0.0,0.0,0.0,0.0,0.0,0.6
3911,NLD,Netherlands,41791,Years with female head of state (last 50),Index,0.0,0.0,0.0,0.0,0.0,0.0,0.0,0.0,0.0,0.0,0.0,0.0
3914,NOR,Norway,27961,Global Gender Gap Political Empowerment subindex,Index,0.4945,0.4945,0.5329999999999999,0.5329999999999999,0.5614,0.5616,0.5616,0.5616,0.5444,0.5589999999999999,0.5760000000000001,0.563
3947,NOR,Norway,41789,Women in parliament,Index,0.0,0.0,0.0,0.0,0.0,0.0,0.0,0.0,0.0,0.0,0.0,0.7070707070000001
3948,NOR,Norway,41790,Women in ministerial positions,Index,0.0,0.0,0.0,0.0,0.0,0.0,0.0,0.0,0.0,0.0,0.0,0.636363636
3949,NOR,Norway,41791,Years with female head of state (last 50),Index,0.0,0.0,0.0,0.0,0.0,0.0,0.0,0.0,0.0,0.0,0.0,0.42078629799999995
4256,PRT,Portugal,27961,Global Gender Gap Political Empowerment subindex,Index,0.1379,0.1379,0.1613,0.1613,0.2328,0.2278,0.1834,0.1834,0.2124,0.244,0.268,0.24
4289,PRT,Portugal,41789,Women in parliament,Index,0.0,0.0,0.0,0.0,0.0,0.0,0.0,0.0,0.0,0.0,0.0,0.533333333
4290,PRT,Portugal,41790,Women in ministerial positions,Index,0.0,0.0,0.0,0.0,0.0,0.0,0.0,0.0,0.0,0.0,0.0,0.28571428600000004
4291,PRT,Portugal,41791,Years with female head of state (last 50),Index,0.0,0.0,0.0,0.0,0.0,0.0,0.0,0.0,0.0,0.0,0.0,0.008565902
4816,SWE,Sweden,27961,Global Gender Gap Political Empowerment subindex,Index,0.5501,0.5252,0.4994,0.4994,0.4706,0.4557,0.4976,0.4976,0.5005,0.486,0.486,0.512
4849,SWE,Sweden,41789,Women in parliament,Index,0.0,0.0,0.0,0.0,0.0,0.0,0.0,0.0,0.0,0.0,0.0,0.856382979
4850,SWE,Sweden,41790,Women in ministerial positions,Index,0.0,0.0,0.0,0.0,0.0,0.0,0.0,0.0,0.0,0.0,0.0,1.0
4851,SWE,Sweden,41791,Years with female head of state (last 50),Index,0.0,0.0,0.0,0.0,0.0,0.0,0.0,0.0,0.0,0.0,0.0,0.0
