,Country ISO3,Country Name,Indicator Id,Indicator,Subindicator Type,2006,2007,2008,2009,2010,2011,2012,2013,2014,2015,2016,2018
450,BGD,Bangladesh,27961,Global Gender Gap Political Empowerment subindex,Index,0.2673,0.2673,0.3098,0.2939,0.3378,0.3591,0.3804,0.4036,0.4055,0.433,0.462,0.526
483,BGD,Bangladesh,41789,Women in parliament,Index,0.0,0.0,0.0,0.0,0.0,0.0,0.0,0.0,0.0,0.0,0.0,0.25448028699999997
484,BGD,Bangladesh,41790,Women in ministerial positions,Index,0.0,0.0,0.0,0.0,0.0,0.0,0.0,0.0,0.0,0.0,0.0,0.066666667
485,BGD,Bangladesh,41791,Years with female head of state (last 50),Index,0.0,0.0,0.0,0.0,0.0,0.0,0.0,0.0,0.0,0.0,0.0,0.9712680920000001
850,BTN,Bhutan,27961,Global Gender Gap Political Empowerment subindex,Index,0.0,0.0,0.0,0.0,0.0,0.0,0.0,0.0509,0.0563,0.055999999999999994,0.055999999999999994,0.055999999999999994
883,BTN,Bhutan,41789,Women in parliament,Index,0.0,0.0,0.0,0.0,0.0,0.0,0.0,0.0,0.0,0.0,0.0,0.093023256
884,BTN,Bhutan,41790,Women in ministerial positions,Index,0.0,0.0,0.0,0.0,0.0,0.0,0.0,0.0,0.0,0.0,0.0,0.111111111
885,BTN,Bhutan,41791,Years with female head of state (last 50),Index,0.0,0.0,0.0,0.0,0.0,0.0,0.0,0.0,0.0,0.0,0.0,0.0
2276,IND,India,27961,Global Gender Gap Political Empowerment subindex,Index,0.2266,0.2266,0.2484,0.2731,0.2913,0.3119,0.3343,0.3852,0.3855,0.433,0.433,0.382
2309,IND,India,41789,Women in parliament,Index,0.0,0.0,0.0,0.0,0.0,0.0,0.0,0.0,0.0,0.0,0.0,0.133891213
2310,IND,India,41790,Women in ministerial positions,Index,0.0,0.0,0.0,0.0,0.0,0.0,0.0,0.0,0.0,0.0,0.0,0.22727272699999998
2311,IND,India,41791,Years with female head of state (last 50),Index,0.0,0.0,0.0,0.0,0.0,0.0,0.0,0.0,0.0,0.0,0.0,0.6416299360000001
2982,LKA,Sri Lanka,27961,Global Gender Gap Political Empowerment subindex,Index,0.3652,0.3652,0.4164,0.4164,0.4103,0.4126,0.3151,0.2744,0.1965,0.193,0.196,0.188
3015,LKA,Sri Lanka,41789,Women in parliament,Index,0.0,0.0,0.0,0.0,0.0,0.0,0.0,0.0,0.0,0.0,0.0,0.061320755
3016,LKA,Sri Lanka,41790,Women in ministerial positions,Index,0.0,0.0,0.0,0.0,0.0,0.0,0.0,0.0,0.0,0.0,0.0,0.04444444400000001
3017,LKA,Sri Lanka,41791,Years with female head of state (last 50),Index,0.0,0.0,0.0,0.0,0.0,0.0,0.0,0.0,0.0,0.0,0.0,0.35607073899999997
3284,MDV,Maldives,27961,Global Gender Gap Political Empowerment subindex,Index,0.0,0.0753,0.0834,0.0631,0.0392,0.0392,0.08900000000000001,0.08900000000000001,0.0723,0.055,0.055,0.07200000000000001
3313,MDV,Maldives,41789,Women in parliament,Index,0.0,0.0,0.0,0.0,0.0,0.0,0.0,0.0,0.0,0.0,0.0,0.0625
3314,MDV,Maldives,41790,Women in ministerial positions,Index,0.0,0.0,0.0,0.0,0.0,0.0,0.0,0.0,0.0,0.0,0.0,0.214285714
3315,MDV,Maldives,41791,Years with female head of state (last 50),Index,0.0,0.0,0.0,0.0,0.0,0.0,0.0,0.0,0.0,0.0,0.0,0.0
3952,NPL,Nepal,27961,Global Gender Gap Political Empowerment subindex,Index,0.0392,0.0845,0.2144,0.2157,0.1743,0.1745,0.1989,0.1989,0.1756,0.16899999999999998,0.175,0.185
3985,NPL,Nepal,41789,Women in parliament,Index,0.0,0.0,0.0,0.0,0.0,0.0,0.0,0.0,0.0,0.0,0.0,0.486486486
3986,NPL,Nepal,41790,Women in ministerial positions,Index,0.0,0.0,0.0,0.0,0.0,0.0,0.0,0.0,0.0,0.0,0.0,0.038461537999999997
3987,NPL,Nepal,41791,Years with female head of state (last 50),Index,0.0,0.0,0.0,0.0,0.0,0.0,0.0,0.0,0.0,0.0,0.0,0.056439942
4066,PAK,Pakistan,27961,Global Gender Gap Political Empowerment subindex,Index,0.1477,0.1477,0.1465,0.1465,0.1545,0.1547,0.1636,0.1487,0.1273,0.127,0.127,0.127
4099,PAK,Pakistan,41789,Women in parliament,Index,0.0,0.0,0.0,0.0,0.0,0.0,0.0,0.0,0.0,0.0,0.0,0.259541985
4100,PAK,Pakistan,41790,Women in ministerial positions,Index,0.0,0.0,0.0,0.0,0.0,0.0,0.0,0.0,0.0,0.0,0.0,0.0
4101,PAK,Pakistan,41791,Years with female head of state (last 50),Index,0.0,0.0,0.0,0.0,0.0,0.0,0.0,0.0,0.0,0.0,0.0,0.10438729199999999
