,Country ISO3,Country Name,Indicator Id,Indicator,Subindicator Type,2006,2007,2008,2009,2010,2011,2012,2013,2014,2015,2016,2018
457,BGD,Bangladesh,28163,Global Gender Gap Health and Survival Subindex,Index,0.9495,0.9496,0.9496,0.95,0.9557,0.9557,0.9557,0.9557,0.9663,0.971,0.971,0.9690000000000001
481,BGD,Bangladesh,41787,Sex ratio at birth,Index,0.0,0.0,0.0,0.0,0.0,0.0,0.0,0.0,0.0,0.0,0.0,0.9440000000000001
482,BGD,Bangladesh,41788,Healthy life expectancy,Index,0.0,0.0,0.0,0.0,0.0,0.0,0.0,0.0,0.0,0.0,0.0,1.023961661
857,BTN,Bhutan,28163,Global Gender Gap Health and Survival Subindex,Index,0.0,0.0,0.0,0.0,0.0,0.0,0.0,0.9725,0.9665,0.966,0.966,0.96
881,BTN,Bhutan,41787,Sex ratio at birth,Index,0.0,0.0,0.0,0.0,0.0,0.0,0.0,0.0,0.0,0.0,0.0,0.9440000000000001
882,BTN,Bhutan,41788,Healthy life expectancy,Index,0.0,0.0,0.0,0.0,0.0,0.0,0.0,0.0,0.0,0.0,0.0,0.9950657890000001
2283,IND,India,28163,Global Gender Gap Health and Survival Subindex,Index,0.9624,0.9315,0.9315,0.9315,0.9312,0.9312,0.9312,0.9312,0.9366,0.9420000000000001,0.9420000000000001,0.94
2307,IND,India,41787,Sex ratio at birth,Index,0.0,0.0,0.0,0.0,0.0,0.0,0.0,0.0,0.0,0.0,0.0,0.904159132
2308,IND,India,41788,Healthy life expectancy,Index,0.0,0.0,0.0,0.0,0.0,0.0,0.0,0.0,0.0,0.0,0.0,1.02044293
2989,LKA,Sri Lanka,28163,Global Gender Gap Health and Survival Subindex,Index,0.9796,0.9796,0.9796,0.9796,0.9796,0.9796,0.9796,0.9796,0.9796,0.98,0.98,0.98
3013,LKA,Sri Lanka,41787,Sex ratio at birth,Index,0.0,0.0,0.0,0.0,0.0,0.0,0.0,0.0,0.0,0.0,0.0,0.9440000000000001
3014,LKA,Sri Lanka,41788,Healthy life expectancy,Index,0.0,0.0,0.0,0.0,0.0,0.0,0.0,0.0,0.0,0.0,0.0,1.06
3291,MDV,Maldives,28163,Global Gender Gap Health and Survival Subindex,Index,0.0,0.9508,0.9508,0.9508,0.9612,0.9612,0.9612,0.9612,0.9658,0.966,0.966,0.953
3311,MDV,Maldives,41787,Sex ratio at birth,Index,0.0,0.0,0.0,0.0,0.0,0.0,0.0,0.0,0.0,0.0,0.0,0.932835821
3312,MDV,Maldives,41788,Healthy life expectancy,Index,0.0,0.0,0.0,0.0,0.0,0.0,0.0,0.0,0.0,0.0,0.0,1.0
3959,NPL,Nepal,28163,Global Gender Gap Health and Survival Subindex,Index,0.9531,0.9553,0.9553,0.9553,0.9612,0.9612,0.9612,0.9612,0.9717,0.972,0.972,0.966
3983,NPL,Nepal,41787,Sex ratio at birth,Index,0.0,0.0,0.0,0.0,0.0,0.0,0.0,0.0,0.0,0.0,0.0,0.9389671359999999
3984,NPL,Nepal,41788,Healthy life expectancy,Index,0.0,0.0,0.0,0.0,0.0,0.0,0.0,0.0,0.0,0.0,0.0,1.026446281
4073,PAK,Pakistan,28163,Global Gender Gap Health and Survival Subindex,Index,0.9506,0.9498,0.9498,0.9498,0.9557,0.9557,0.9557,0.9557,0.9666,0.9670000000000001,0.9670000000000001,0.946
4097,PAK,Pakistan,41787,Sex ratio at birth,Index,0.0,0.0,0.0,0.0,0.0,0.0,0.0,0.0,0.0,0.0,0.0,0.919963201
4098,PAK,Pakistan,41788,Healthy life expectancy,Index,0.0,0.0,0.0,0.0,0.0,0.0,0.0,0.0,0.0,0.0,0.0,1.005208333
