,Country ISO3,Country Name,Indicator Id,Indicator,Subindicator Type,2006,2007,2008,2009,2010,2011,2012,2013,2014,2015,2016,2018
455,BGD,Bangladesh,28161,Global Gender Gap Educational Attainment Subindex,Index,0.8681,0.8714,0.9093,0.9113,0.9139,0.9168,0.8575,0.8846,0.9402,0.948,0.95,0.95
477,BGD,Bangladesh,41783,Literacy rate,Index,0.0,0.0,0.0,0.0,0.0,0.0,0.0,0.0,0.0,0.0,0.0,0.925806012
478,BGD,Bangladesh,41784,Enrolment in primary education,Index,0.0,0.0,0.0,0.0,0.0,0.0,0.0,0.0,0.0,0.0,0.0,1.0
479,BGD,Bangladesh,41785,Enrolment in secondary education,Index,0.0,0.0,0.0,0.0,0.0,0.0,0.0,0.0,0.0,0.0,0.0,1.0
480,BGD,Bangladesh,41786,Enrolment in tertiary education,Index,0.0,0.0,0.0,0.0,0.0,0.0,0.0,0.0,0.0,0.0,0.0,0.701948085
855,BTN,Bhutan,28161,Global Gender Gap Educational Attainment Subindex,Index,0.0,0.0,0.0,0.0,0.0,0.0,0.0,0.8843,0.8859999999999999,0.9209999999999999,0.925,0.917
877,BTN,Bhutan,41783,Literacy rate,Index,0.0,0.0,0.0,0.0,0.0,0.0,0.0,0.0,0.0,0.0,0.0,0.727489907
878,BTN,Bhutan,41784,Enrolment in primary education,Index,0.0,0.0,0.0,0.0,0.0,0.0,0.0,0.0,0.0,0.0,0.0,1.0
879,BTN,Bhutan,41785,Enrolment in secondary education,Index,0.0,0.0,0.0,0.0,0.0,0.0,0.0,0.0,0.0,0.0,0.0,1.0
880,BTN,Bhutan,41786,Enrolment in tertiary education,Index,0.0,0.0,0.0,0.0,0.0,0.0,0.0,0.0,0.0,0.0,0.0,0.7390478690000001
2281,IND,India,28161,Global Gender Gap Educational Attainment Subindex,Index,0.8188,0.8188,0.8452,0.8434,0.8369,0.8369,0.8525,0.8574,0.8503,0.8959999999999999,0.95,0.953
2303,IND,India,41783,Literacy rate,Index,0.0,0.0,0.0,0.0,0.0,0.0,0.0,0.0,0.0,0.0,0.0,0.7515137129999999
2304,IND,India,41784,Enrolment in primary education,Index,0.0,0.0,0.0,0.0,0.0,0.0,0.0,0.0,0.0,0.0,0.0,1.0
2305,IND,India,41785,Enrolment in secondary education,Index,0.0,0.0,0.0,0.0,0.0,0.0,0.0,0.0,0.0,0.0,0.0,1.0
2306,IND,India,41786,Enrolment in tertiary education,Index,0.0,0.0,0.0,0.0,0.0,0.0,0.0,0.0,0.0,0.0,0.0,1.0
2987,LKA,Sri Lanka,28161,Global Gender Gap Educational Attainment Subindex,Index,0.9902,0.9902,0.9925,0.9916,0.9926,0.9329,0.9946,0.9946,0.9942,0.995,0.988,0.988
3009,LKA,Sri Lanka,41783,Literacy rate,Index,0.0,0.0,0.0,0.0,0.0,0.0,0.0,0.0,0.0,0.0,0.0,0.9783846190000001
3010,LKA,Sri Lanka,41784,Enrolment in primary education,Index,0.0,0.0,0.0,0.0,0.0,0.0,0.0,0.0,0.0,0.0,0.0,0.9822277290000001
3011,LKA,Sri Lanka,41785,Enrolment in secondary education,Index,0.0,0.0,0.0,0.0,0.0,0.0,0.0,0.0,0.0,0.0,0.0,1.0
3012,LKA,Sri Lanka,41786,Enrolment in tertiary education,Index,0.0,0.0,0.0,0.0,0.0,0.0,0.0,0.0,0.0,0.0,0.0,1.0
3289,MDV,Maldives,28161,Global Gender Gap Educational Attainment Subindex,Index,0.0,1.0,1.0,1.0,0.9896,0.9896,0.9994,1.0,0.9943,0.998,0.988,1.0
3308,MDV,Maldives,41783,Literacy rate,Index,0.0,0.0,0.0,0.0,0.0,0.0,0.0,0.0,0.0,0.0,0.0,1.0
3309,MDV,Maldives,41784,Enrolment in primary education,Index,0.0,0.0,0.0,0.0,0.0,0.0,0.0,0.0,0.0,0.0,0.0,0.9998338809999999
3310,MDV,Maldives,41786,Enrolment in tertiary education,Index,0.0,0.0,0.0,0.0,0.0,0.0,0.0,0.0,0.0,0.0,0.0,1.0
3957,NPL,Nepal,28161,Global Gender Gap Educational Attainment Subindex,Index,0.7336,0.7336,0.7454,0.8164,0.7806,0.7589,0.7632,0.7462,0.8889,0.917,0.9179999999999999,0.9259999999999999
3979,NPL,Nepal,41783,Literacy rate,Index,0.0,0.0,0.0,0.0,0.0,0.0,0.0,0.0,0.0,0.0,0.0,0.6810583370000001
3980,NPL,Nepal,41784,Enrolment in primary education,Index,0.0,0.0,0.0,0.0,0.0,0.0,0.0,0.0,0.0,0.0,0.0,0.97062221
3981,NPL,Nepal,41785,Enrolment in secondary education,Index,0.0,0.0,0.0,0.0,0.0,0.0,0.0,0.0,0.0,0.0,0.0,1.0
3982,NPL,Nepal,41786,Enrolment in tertiary education,Index,0.0,0.0,0.0,0.0,0.0,0.0,0.0,0.0,0.0,0.0,0.0,1.0
4071,PAK,Pakistan,28161,Global Gender Gap Educational Attainment Subindex,Index,0.7064,0.7336,0.7509,0.7467,0.7698,0.7782,0.7616,0.7685,0.8054,0.813,0.8109999999999999,0.81
4093,PAK,Pakistan,41783,Literacy rate,Index,0.0,0.0,0.0,0.0,0.0,0.0,0.0,0.0,0.0,0.0,0.0,0.641167878
4094,PAK,Pakistan,41784,Enrolment in primary education,Index,0.0,0.0,0.0,0.0,0.0,0.0,0.0,0.0,0.0,0.0,0.0,0.8621766909999999
4095,PAK,Pakistan,41785,Enrolment in secondary education,Index,0.0,0.0,0.0,0.0,0.0,0.0,0.0,0.0,0.0,0.0,0.0,0.81235694
4096,PAK,Pakistan,41786,Enrolment in tertiary education,Index,0.0,0.0,0.0,0.0,0.0,0.0,0.0,0.0,0.0,0.0,0.0,0.868653385
