,Country ISO3,Country Name,Indicator Id,Indicator,Subindicator Type,2006,2007,2008,2009,2010,2011,2012,2013,2014,2015,2016,2018
453,BGD,Bangladesh,28159,Global Gender Gap Economic Participation and Opportunity Subindex,Index,0.423,0.4374,0.4436,0.4552,0.4732,0.4932,0.4799,0.4954,0.4774,0.462,0.41,0.441
473,BGD,Bangladesh,41779,Labour force participation,Index,0.0,0.0,0.0,0.0,0.0,0.0,0.0,0.0,0.0,0.0,0.0,0.424908425
474,BGD,Bangladesh,41780,"Estimated earned income (PPP, US$)",Index,0.0,0.0,0.0,0.0,0.0,0.0,0.0,0.0,0.0,0.0,0.0,0.48891876700000003
475,BGD,Bangladesh,41781,"Legislators, senior officials and managers",Index,0.0,0.0,0.0,0.0,0.0,0.0,0.0,0.0,0.0,0.0,0.0,0.12031081699999999
476,BGD,Bangladesh,41782,Professional and technical workers,Index,0.0,0.0,0.0,0.0,0.0,0.0,0.0,0.0,0.0,0.0,0.0,0.421479803
484,BGD,Bangladesh,41790,Women in ministerial positions,Index,0.0,0.0,0.0,0.0,0.0,0.0,0.0,0.0,0.0,0.0,0.0,0.066666667
853,BTN,Bhutan,28159,Global Gender Gap Economic Participation and Opportunity Subindex,Index,0.0,0.0,0.0,0.0,0.0,0.0,0.0,0.7528,0.6368,0.6409999999999999,0.619,0.619
873,BTN,Bhutan,41779,Labour force participation,Index,0.0,0.0,0.0,0.0,0.0,0.0,0.0,0.0,0.0,0.0,0.0,0.790849673
874,BTN,Bhutan,41780,"Estimated earned income (PPP, US$)",Index,0.0,0.0,0.0,0.0,0.0,0.0,0.0,0.0,0.0,0.0,0.0,0.567679237
875,BTN,Bhutan,41781,"Legislators, senior officials and managers",Index,0.0,0.0,0.0,0.0,0.0,0.0,0.0,0.0,0.0,0.0,0.0,0.226584507
876,BTN,Bhutan,41782,Professional and technical workers,Index,0.0,0.0,0.0,0.0,0.0,0.0,0.0,0.0,0.0,0.0,0.0,0.48693226
884,BTN,Bhutan,41790,Women in ministerial positions,Index,0.0,0.0,0.0,0.0,0.0,0.0,0.0,0.0,0.0,0.0,0.0,0.111111111
2279,IND,India,28159,Global Gender Gap Economic Participation and Opportunity Subindex,Index,0.3967,0.3977,0.39899999999999997,0.4125,0.4025,0.396,0.4588,0.4465,0.4096,0.38299999999999995,0.408,0.385
2299,IND,India,41779,Labour force participation,Index,0.0,0.0,0.0,0.0,0.0,0.0,0.0,0.0,0.0,0.0,0.0,0.35128519
2300,IND,India,41780,"Estimated earned income (PPP, US$)",Index,0.0,0.0,0.0,0.0,0.0,0.0,0.0,0.0,0.0,0.0,0.0,0.232420669
2301,IND,India,41781,"Legislators, senior officials and managers",Index,0.0,0.0,0.0,0.0,0.0,0.0,0.0,0.0,0.0,0.0,0.0,0.14793123
2302,IND,India,41782,Professional and technical workers,Index,0.0,0.0,0.0,0.0,0.0,0.0,0.0,0.0,0.0,0.0,0.0,0.337823851
2310,IND,India,41790,Women in ministerial positions,Index,0.0,0.0,0.0,0.0,0.0,0.0,0.0,0.0,0.0,0.0,0.0,0.22727272699999998
2985,LKA,Sri Lanka,28159,Global Gender Gap Economic Participation and Opportunity Subindex,Index,0.5447,0.557,0.5598,0.5734,0.6008,0.5598,0.5596,0.5589999999999999,0.5908,0.5770000000000001,0.53,0.5489999999999999
3005,LKA,Sri Lanka,41779,Labour force participation,Index,0.0,0.0,0.0,0.0,0.0,0.0,0.0,0.0,0.0,0.0,0.0,0.487959442
3006,LKA,Sri Lanka,41780,"Estimated earned income (PPP, US$)",Index,0.0,0.0,0.0,0.0,0.0,0.0,0.0,0.0,0.0,0.0,0.0,0.34899828
3007,LKA,Sri Lanka,41781,"Legislators, senior officials and managers",Index,0.0,0.0,0.0,0.0,0.0,0.0,0.0,0.0,0.0,0.0,0.0,0.38079419600000003
3008,LKA,Sri Lanka,41782,Professional and technical workers,Index,0.0,0.0,0.0,0.0,0.0,0.0,0.0,0.0,0.0,0.0,0.0,0.9621425509999999
3016,LKA,Sri Lanka,41790,Women in ministerial positions,Index,0.0,0.0,0.0,0.0,0.0,0.0,0.0,0.0,0.0,0.0,0.0,0.04444444400000001
3287,MDV,Maldives,28159,Global Gender Gap Economic Participation and Opportunity Subindex,Index,0.0,0.5138,0.5661,0.5788,0.5907,0.6019,0.5968,0.5914,0.5904,0.589,0.59,0.622
3304,MDV,Maldives,41779,Labour force participation,Index,0.0,0.0,0.0,0.0,0.0,0.0,0.0,0.0,0.0,0.0,0.0,0.527614571
3305,MDV,Maldives,41780,"Estimated earned income (PPP, US$)",Index,0.0,0.0,0.0,0.0,0.0,0.0,0.0,0.0,0.0,0.0,0.0,0.7686028090000001
3306,MDV,Maldives,41781,"Legislators, senior officials and managers",Index,0.0,0.0,0.0,0.0,0.0,0.0,0.0,0.0,0.0,0.0,0.0,0.24345243
3307,MDV,Maldives,41782,Professional and technical workers,Index,0.0,0.0,0.0,0.0,0.0,0.0,0.0,0.0,0.0,0.0,0.0,0.973318481
3314,MDV,Maldives,41790,Women in ministerial positions,Index,0.0,0.0,0.0,0.0,0.0,0.0,0.0,0.0,0.0,0.0,0.0,0.214285714
3955,NPL,Nepal,28159,Global Gender Gap Economic Participation and Opportunity Subindex,Index,0.4654,0.4568,0.4618,0.4978,0.5174,0.4606,0.4874,0.5151,0.547,0.575,0.578,0.608
3975,NPL,Nepal,41779,Labour force participation,Index,0.0,0.0,0.0,0.0,0.0,0.0,0.0,0.0,0.0,0.0,0.0,0.978235968
3976,NPL,Nepal,41780,"Estimated earned income (PPP, US$)",Index,0.0,0.0,0.0,0.0,0.0,0.0,0.0,0.0,0.0,0.0,0.0,0.653584435
3977,NPL,Nepal,41781,"Legislators, senior officials and managers",Index,0.0,0.0,0.0,0.0,0.0,0.0,0.0,0.0,0.0,0.0,0.0,0.23163119100000001
3978,NPL,Nepal,41782,Professional and technical workers,Index,0.0,0.0,0.0,0.0,0.0,0.0,0.0,0.0,0.0,0.0,0.0,0.423502825
3986,NPL,Nepal,41790,Women in ministerial positions,Index,0.0,0.0,0.0,0.0,0.0,0.0,0.0,0.0,0.0,0.0,0.0,0.038461537999999997
4069,PAK,Pakistan,28159,Global Gender Gap Economic Participation and Opportunity Subindex,Index,0.3687,0.3725,0.3724,0.3403,0.3059,0.3446,0.3103,0.3108,0.3094,0.33,0.32,0.318
4089,PAK,Pakistan,41779,Labour force participation,Index,0.0,0.0,0.0,0.0,0.0,0.0,0.0,0.0,0.0,0.0,0.0,0.306526807
4090,PAK,Pakistan,41780,"Estimated earned income (PPP, US$)",Index,0.0,0.0,0.0,0.0,0.0,0.0,0.0,0.0,0.0,0.0,0.0,0.185172261
4091,PAK,Pakistan,41781,"Legislators, senior officials and managers",Index,0.0,0.0,0.0,0.0,0.0,0.0,0.0,0.0,0.0,0.0,0.0,0.029531691000000002
4092,PAK,Pakistan,41782,Professional and technical workers,Index,0.0,0.0,0.0,0.0,0.0,0.0,0.0,0.0,0.0,0.0,0.0,0.278442797
4100,PAK,Pakistan,41790,Women in ministerial positions,Index,0.0,0.0,0.0,0.0,0.0,0.0,0.0,0.0,0.0,0.0,0.0,0.0
