,Country ISO3,Country Name,Indicator Id,Indicator,Subindicator Type,2006,2007,2008,2009,2010,2011,2012,2013,2014,2015,2016,2018
40,ALB,Albania,27961,Global Gender Gap Political Empowerment subindex,Index,0.0375,0.0375,0.0413,0.0413,0.0785,0.0784,0.0753,0.0256,0.1834,0.214,0.214,0.284
73,ALB,Albania,41789,Women in parliament,Index,0.0,0.0,0.0,0.0,0.0,0.0,0.0,0.0,0.0,0.0,0.0,0.386193513
74,ALB,Albania,41790,Women in ministerial positions,Index,0.0,0.0,0.0,0.0,0.0,0.0,0.0,0.0,0.0,0.0,0.0,0.666666667
75,ALB,Albania,41791,Years with female head of state (last 50),Index,0.0,0.0,0.0,0.0,0.0,0.0,0.0,0.0,0.0,0.0,0.0,0.0
152,ARM,Armenia,27961,Global Gender Gap Political Empowerment subindex,Index,0.0,0.0173,0.0468,0.0439,0.0621,0.0623,0.0662,0.0662,0.068,0.068,0.068,0.099
185,ARM,Armenia,41789,Women in parliament,Index,0.0,0.0,0.0,0.0,0.0,0.0,0.0,0.0,0.0,0.0,0.0,0.220930233
186,ARM,Armenia,41790,Women in ministerial positions,Index,0.0,0.0,0.0,0.0,0.0,0.0,0.0,0.0,0.0,0.0,0.0,0.125
187,ARM,Armenia,41791,Years with female head of state (last 50),Index,0.0,0.0,0.0,0.0,0.0,0.0,0.0,0.0,0.0,0.0,0.0,0.0
264,AZE,Azerbaijan,27961,Global Gender Gap Political Empowerment subindex,Index,0.0,0.0831,0.0575,0.0575,0.0473,0.0665,0.0663,0.0663,0.0642,0.063,0.069,0.063
297,AZE,Azerbaijan,41789,Women in parliament,Index,0.0,0.0,0.0,0.0,0.0,0.0,0.0,0.0,0.0,0.0,0.0,0.201923077
298,AZE,Azerbaijan,41790,Women in ministerial positions,Index,0.0,0.0,0.0,0.0,0.0,0.0,0.0,0.0,0.0,0.0,0.0,0.0
299,AZE,Azerbaijan,41791,Years with female head of state (last 50),Index,0.0,0.0,0.0,0.0,0.0,0.0,0.0,0.0,0.0,0.0,0.0,0.0
488,BGR,Bulgaria,27961,Global Gender Gap Political Empowerment subindex,Index,0.1666,0.1666,0.1641,0.1641,0.1372,0.1367,0.1409,0.1606,0.2764,0.215,0.215,0.34600000000000003
521,BGR,Bulgaria,41789,Women in parliament,Index,0.0,0.0,0.0,0.0,0.0,0.0,0.0,0.0,0.0,0.0,0.0,0.31147541
522,BGR,Bulgaria,41790,Women in ministerial positions,Index,0.0,0.0,0.0,0.0,0.0,0.0,0.0,0.0,0.0,0.0,0.0,1.0
523,BGR,Bulgaria,41791,Years with female head of state (last 50),Index,0.0,0.0,0.0,0.0,0.0,0.0,0.0,0.0,0.0,0.0,0.0,0.0055096419999999995
596,BIH,Bosnia and Herzegovina,27961,Global Gender Gap Political Empowerment subindex,Index,0.0,0.0,0.0,0.0,0.0,0.0,0.0,0.0,0.0,0.0,0.191,0.29
625,BIH,Bosnia and Herzegovina,41789,Women in parliament,Index,0.0,0.0,0.0,0.0,0.0,0.0,0.0,0.0,0.0,0.0,0.0,0.272727273
626,BIH,Bosnia and Herzegovina,41790,Women in ministerial positions,Index,0.0,0.0,0.0,0.0,0.0,0.0,0.0,0.0,0.0,0.0,0.0,0.28571428600000004
627,BIH,Bosnia and Herzegovina,41791,Years with female head of state (last 50),Index,0.0,0.0,0.0,0.0,0.0,0.0,0.0,0.0,0.0,0.0,0.0,0.30431675199999997
630,BLR,Belarus,27961,Global Gender Gap Political Empowerment subindex,Index,0.0,0.1546,0.1442,0.1615,0.0,0.0,0.0,0.0,0.1211,0.146,0.146,0.17300000000000001
661,BLR,Belarus,41789,Women in parliament,Index,0.0,0.0,0.0,0.0,0.0,0.0,0.0,0.0,0.0,0.0,0.0,0.5277777779999999
662,BLR,Belarus,41790,Women in ministerial positions,Index,0.0,0.0,0.0,0.0,0.0,0.0,0.0,0.0,0.0,0.0,0.0,0.037037037
663,BLR,Belarus,41791,Years with female head of state (last 50),Index,0.0,0.0,0.0,0.0,0.0,0.0,0.0,0.0,0.0,0.0,0.0,0.0
1366,CZE,Czech Republic,27961,Global Gender Gap Political Empowerment subindex,Index,0.0877,0.0877,0.0921,0.0921,0.1403,0.1403,0.1254,0.1254,0.094,0.134,0.134,0.14
1397,CZE,Czech Republic,41789,Women in parliament,Index,0.0,0.0,0.0,0.0,0.0,0.0,0.0,0.0,0.0,0.0,0.0,0.282051282
1398,CZE,Czech Republic,41790,Women in ministerial positions,Index,0.0,0.0,0.0,0.0,0.0,0.0,0.0,0.0,0.0,0.0,0.0,0.214285714
1399,CZE,Czech Republic,41791,Years with female head of state (last 50),Index,0.0,0.0,0.0,0.0,0.0,0.0,0.0,0.0,0.0,0.0,0.0,0.0
1666,EST,Estonia,27961,Global Gender Gap Political Empowerment subindex,Index,0.1167,0.1313,0.1555,0.1555,0.1138,0.0989,0.0989,0.1038,0.1221,0.308,0.308,0.228
1699,EST,Estonia,41789,Women in parliament,Index,0.0,0.0,0.0,0.0,0.0,0.0,0.0,0.0,0.0,0.0,0.0,0.364864865
1700,EST,Estonia,41790,Women in ministerial positions,Index,0.0,0.0,0.0,0.0,0.0,0.0,0.0,0.0,0.0,0.0,0.0,0.4
1701,EST,Estonia,41791,Years with female head of state (last 50),Index,0.0,0.0,0.0,0.0,0.0,0.0,0.0,0.0,0.0,0.0,0.0,0.035637272000000005
1890,GEO,Georgia,27961,Global Gender Gap Political Empowerment subindex,Index,0.1042,0.1042,0.0881,0.0726,0.0388,0.039,0.0711,0.0915,0.1111,0.08900000000000001,0.08900000000000001,0.09300000000000001
1923,GEO,Georgia,41789,Women in parliament,Index,0.0,0.0,0.0,0.0,0.0,0.0,0.0,0.0,0.0,0.0,0.0,0.19047619
1924,GEO,Georgia,41790,Women in ministerial positions,Index,0.0,0.0,0.0,0.0,0.0,0.0,0.0,0.0,0.0,0.0,0.0,0.125
1925,GEO,Georgia,41791,Years with female head of state (last 50),Index,0.0,0.0,0.0,0.0,0.0,0.0,0.0,0.0,0.0,0.0,0.0,0.006563345
2162,HRV,Croatia,27961,Global Gender Gap Political Empowerment subindex,Index,0.2375,0.2375,0.1579,0.1579,0.1417,0.1598,0.1779,0.1779,0.1817,0.193,0.154,0.191
2195,HRV,Croatia,41789,Women in parliament,Index,0.0,0.0,0.0,0.0,0.0,0.0,0.0,0.0,0.0,0.0,0.0,0.227642276
2196,HRV,Croatia,41790,Women in ministerial positions,Index,0.0,0.0,0.0,0.0,0.0,0.0,0.0,0.0,0.0,0.0,0.0,0.25
2197,HRV,Croatia,41791,Years with female head of state (last 50),Index,0.0,0.0,0.0,0.0,0.0,0.0,0.0,0.0,0.0,0.0,0.0,0.131923339
2200,HUN,Hungary,27961,Global Gender Gap Political Empowerment subindex,Index,0.069,0.069,0.1061,0.1061,0.0309,0.031,0.0574,0.0574,0.0636,0.035,0.035,0.045
2233,HUN,Hungary,41789,Women in parliament,Index,0.0,0.0,0.0,0.0,0.0,0.0,0.0,0.0,0.0,0.0,0.0,0.143678161
2234,HUN,Hungary,41790,Women in ministerial positions,Index,0.0,0.0,0.0,0.0,0.0,0.0,0.0,0.0,0.0,0.0,0.0,0.0
2235,HUN,Hungary,41791,Years with female head of state (last 50),Index,0.0,0.0,0.0,0.0,0.0,0.0,0.0,0.0,0.0,0.0,0.0,0.0
2644,KAZ,Kazakhstan,27961,Global Gender Gap Political Empowerment subindex,Index,0.0888,0.0888,0.0731,0.0731,0.0799,0.0801,0.1458,0.1458,0.1662,0.14800000000000002,0.153,0.13
2677,KAZ,Kazakhstan,41789,Women in parliament,Index,0.0,0.0,0.0,0.0,0.0,0.0,0.0,0.0,0.0,0.0,0.0,0.37179487200000005
2678,KAZ,Kazakhstan,41790,Women in ministerial positions,Index,0.0,0.0,0.0,0.0,0.0,0.0,0.0,0.0,0.0,0.0,0.0,0.058823529000000006
2679,KAZ,Kazakhstan,41791,Years with female head of state (last 50),Index,0.0,0.0,0.0,0.0,0.0,0.0,0.0,0.0,0.0,0.0,0.0,0.0
2716,KGZ,Kyrgyz Republic,27961,Global Gender Gap Political Empowerment subindex,Index,0.0353,0.0353,0.1636,0.1636,0.1347,0.1318,0.1383,0.1383,0.1506,0.153,0.132,0.13
2749,KGZ,Kyrgyz Republic,41789,Women in parliament,Index,0.0,0.0,0.0,0.0,0.0,0.0,0.0,0.0,0.0,0.0,0.0,0.237113402
2750,KGZ,Kyrgyz Republic,41790,Women in ministerial positions,Index,0.0,0.0,0.0,0.0,0.0,0.0,0.0,0.0,0.0,0.0,0.0,0.166666667
2751,KGZ,Kyrgyz Republic,41791,Years with female head of state (last 50),Index,0.0,0.0,0.0,0.0,0.0,0.0,0.0,0.0,0.0,0.0,0.0,0.034170114
3058,LTU,Lithuania,27961,Global Gender Gap Political Empowerment subindex,Index,0.1405,0.1553,0.1726,0.1483,0.1283,0.1376,0.1469,0.1826,0.1714,0.22699999999999998,0.239,0.254
3091,LTU,Lithuania,41789,Women in parliament,Index,0.0,0.0,0.0,0.0,0.0,0.0,0.0,0.0,0.0,0.0,0.0,0.27027027
3092,LTU,Lithuania,41790,Women in ministerial positions,Index,0.0,0.0,0.0,0.0,0.0,0.0,0.0,0.0,0.0,0.0,0.0,0.272727273
3093,LTU,Lithuania,41791,Years with female head of state (last 50),Index,0.0,0.0,0.0,0.0,0.0,0.0,0.0,0.0,0.0,0.0,0.0,0.232441923
3134,LVA,Latvia,27961,Global Gender Gap Political Empowerment subindex,Index,0.2207,0.233,0.2332,0.2332,0.2404,0.23,0.2875,0.2875,0.3038,0.24600000000000002,0.255,0.24600000000000002
3167,LVA,Latvia,41789,Women in parliament,Index,0.0,0.0,0.0,0.0,0.0,0.0,0.0,0.0,0.0,0.0,0.0,0.19047619
3168,LVA,Latvia,41790,Women in ministerial positions,Index,0.0,0.0,0.0,0.0,0.0,0.0,0.0,0.0,0.0,0.0,0.0,0.3
3169,LVA,Latvia,41791,Years with female head of state (last 50),Index,0.0,0.0,0.0,0.0,0.0,0.0,0.0,0.0,0.0,0.0,0.0,0.253606265
3210,MDA,Moldova,27961,Global Gender Gap Political Empowerment subindex,Index,0.1172,0.1172,0.1184,0.1372,0.124,0.0988,0.1043,0.1043,0.1802,0.195,0.196,0.17600000000000002
3243,MDA,Moldova,41789,Women in parliament,Index,0.0,0.0,0.0,0.0,0.0,0.0,0.0,0.0,0.0,0.0,0.0,0.294871795
3244,MDA,Moldova,41790,Women in ministerial positions,Index,0.0,0.0,0.0,0.0,0.0,0.0,0.0,0.0,0.0,0.0,0.0,0.28571428600000004
3245,MDA,Moldova,41791,Years with female head of state (last 50),Index,0.0,0.0,0.0,0.0,0.0,0.0,0.0,0.0,0.0,0.0,0.0,0.032239818999999996
3356,MKD,"Macedonia, FYR",27961,Global Gender Gap Political Empowerment subindex,Index,0.1733,0.1733,0.1681,0.1626,0.1769,0.166,0.1789,0.2007,0.174,0.17800000000000002,0.17800000000000002,0.24100000000000002
3387,MKD,"Macedonia, FYR",41789,Women in parliament,Index,0.0,0.0,0.0,0.0,0.0,0.0,0.0,0.0,0.0,0.0,0.0,0.621621622
3388,MKD,"Macedonia, FYR",41790,Women in ministerial positions,Index,0.0,0.0,0.0,0.0,0.0,0.0,0.0,0.0,0.0,0.0,0.0,0.19047619
3389,MKD,"Macedonia, FYR",41791,Years with female head of state (last 50),Index,0.0,0.0,0.0,0.0,0.0,0.0,0.0,0.0,0.0,0.0,0.0,0.002747253
3504,MNE,Montenegro,27961,Global Gender Gap Political Empowerment subindex,Index,0.0,0.0,0.0,0.0,0.0,0.0,0.0,0.0,0.1033,0.114,0.114,0.157
3537,MNE,Montenegro,41789,Women in parliament,Index,0.0,0.0,0.0,0.0,0.0,0.0,0.0,0.0,0.0,0.0,0.0,0.306451613
3538,MNE,Montenegro,41790,Women in ministerial positions,Index,0.0,0.0,0.0,0.0,0.0,0.0,0.0,0.0,0.0,0.0,0.0,0.25
3539,MNE,Montenegro,41791,Years with female head of state (last 50),Index,0.0,0.0,0.0,0.0,0.0,0.0,0.0,0.0,0.0,0.0,0.0,0.0
4218,POL,Poland,27961,Global Gender Gap Political Empowerment subindex,Index,0.1067,0.1067,0.1784,0.1784,0.1843,0.1843,0.1786,0.1786,0.1609,0.213,0.23800000000000002,0.23
4251,POL,Poland,41789,Women in parliament,Index,0.0,0.0,0.0,0.0,0.0,0.0,0.0,0.0,0.0,0.0,0.0,0.38972809700000005
4252,POL,Poland,41790,Women in ministerial positions,Index,0.0,0.0,0.0,0.0,0.0,0.0,0.0,0.0,0.0,0.0,0.0,0.294117647
4253,POL,Poland,41791,Years with female head of state (last 50),Index,0.0,0.0,0.0,0.0,0.0,0.0,0.0,0.0,0.0,0.0,0.0,0.081866145
4370,ROU,Romania,27961,Global Gender Gap Political Empowerment subindex,Index,0.0744,0.0744,0.0321,0.0399,0.0562,0.0563,0.0885,0.09699999999999999,0.11900000000000001,0.09,0.09,0.162
4403,ROU,Romania,41789,Women in parliament,Index,0.0,0.0,0.0,0.0,0.0,0.0,0.0,0.0,0.0,0.0,0.0,0.260536398
4404,ROU,Romania,41790,Women in ministerial positions,Index,0.0,0.0,0.0,0.0,0.0,0.0,0.0,0.0,0.0,0.0,0.0,0.31578947399999996
4405,ROU,Romania,41791,Years with female head of state (last 50),Index,0.0,0.0,0.0,0.0,0.0,0.0,0.0,0.0,0.0,0.0,0.0,0.008398718000000001
4408,RUS,Russian Federation,27961,Global Gender Gap Political Empowerment subindex,Index,0.0337,0.0337,0.0764,0.0764,0.0999,0.0999,0.0951,0.0951,0.0662,0.066,0.066,0.085
4441,RUS,Russian Federation,41789,Women in parliament,Index,0.0,0.0,0.0,0.0,0.0,0.0,0.0,0.0,0.0,0.0,0.0,0.18733509199999998
4442,RUS,Russian Federation,41790,Women in ministerial positions,Index,0.0,0.0,0.0,0.0,0.0,0.0,0.0,0.0,0.0,0.0,0.0,0.107142857
4443,RUS,Russian Federation,41791,Years with female head of state (last 50),Index,0.0,0.0,0.0,0.0,0.0,0.0,0.0,0.0,0.0,0.0,0.0,0.0
4670,SRB,Serbia,27961,Global Gender Gap Political Empowerment subindex,Index,0.0,0.0,0.0,0.0,0.0,0.0,0.1921,0.2089,0.1957,0.242,0.242,0.272
4703,SRB,Serbia,41789,Women in parliament,Index,0.0,0.0,0.0,0.0,0.0,0.0,0.0,0.0,0.0,0.0,0.0,0.524390244
4704,SRB,Serbia,41790,Women in ministerial positions,Index,0.0,0.0,0.0,0.0,0.0,0.0,0.0,0.0,0.0,0.0,0.0,0.35714285700000004
4705,SRB,Serbia,41791,Years with female head of state (last 50),Index,0.0,0.0,0.0,0.0,0.0,0.0,0.0,0.0,0.0,0.0,0.0,0.04722557
4742,SVK,Slovak Republic,27961,Global Gender Gap Political Empowerment subindex,Index,0.0774,0.0774,0.1121,0.1121,0.0941,0.1059,0.122,0.1284,0.1061,0.087,0.09300000000000001,0.135
4773,SVK,Slovak Republic,41789,Women in parliament,Index,0.0,0.0,0.0,0.0,0.0,0.0,0.0,0.0,0.0,0.0,0.0,0.25
4774,SVK,Slovak Republic,41790,Women in ministerial positions,Index,0.0,0.0,0.0,0.0,0.0,0.0,0.0,0.0,0.0,0.0,0.0,0.166666667
4775,SVK,Slovak Republic,41791,Years with female head of state (last 50),Index,0.0,0.0,0.0,0.0,0.0,0.0,0.0,0.0,0.0,0.0,0.0,0.036107642
4778,SVN,Slovenia,27961,Global Gender Gap Political Empowerment subindex,Index,0.0597,0.0597,0.096,0.1005,0.1229,0.1227,0.1677,0.1702,0.2214,0.385,0.385,0.361
4811,SVN,Slovenia,41789,Women in parliament,Index,0.0,0.0,0.0,0.0,0.0,0.0,0.0,0.0,0.0,0.0,0.0,0.323529412
4812,SVN,Slovenia,41790,Women in ministerial positions,Index,0.0,0.0,0.0,0.0,0.0,0.0,0.0,0.0,0.0,0.0,0.0,1.0
4813,SVN,Slovenia,41791,Years with female head of state (last 50),Index,0.0,0.0,0.0,0.0,0.0,0.0,0.0,0.0,0.0,0.0,0.0,0.030898718
5032,TJK,Tajikistan,27961,Global Gender Gap Political Empowerment subindex,Index,0.0,0.0736,0.0811,0.0811,0.0929,0.0881,0.0891,0.0891,0.0893,0.10400000000000001,0.10400000000000001,0.08800000000000001
5065,TJK,Tajikistan,41789,Women in parliament,Index,0.0,0.0,0.0,0.0,0.0,0.0,0.0,0.0,0.0,0.0,0.0,0.235294118
5066,TJK,Tajikistan,41790,Women in ministerial positions,Index,0.0,0.0,0.0,0.0,0.0,0.0,0.0,0.0,0.0,0.0,0.0,0.0625
5067,TJK,Tajikistan,41791,Years with female head of state (last 50),Index,0.0,0.0,0.0,0.0,0.0,0.0,0.0,0.0,0.0,0.0,0.0,0.0
5270,UKR,Ukraine,27961,Global Gender Gap Political Empowerment subindex,Index,0.0505,0.0505,0.0507,0.0602,0.0645,0.0648,0.0535,0.0587,0.1012,0.098,0.098,0.107
5303,UKR,Ukraine,41789,Women in parliament,Index,0.0,0.0,0.0,0.0,0.0,0.0,0.0,0.0,0.0,0.0,0.0,0.140161725
5304,UKR,Ukraine,41790,Women in ministerial positions,Index,0.0,0.0,0.0,0.0,0.0,0.0,0.0,0.0,0.0,0.0,0.0,0.15
5305,UKR,Ukraine,41791,Years with female head of state (last 50),Index,0.0,0.0,0.0,0.0,0.0,0.0,0.0,0.0,0.0,0.0,0.0,0.060060409
