,Country ISO3,Country Name,Indicator Id,Indicator,Subindicator Type,2006,2007,2008,2009,2010,2011,2012,2013,2014,2015,2016,2018
926,CAN,Canada,27961,Global Gender Gap Political Empowerment subindex,Index,0.1592,0.1592,0.1343,0.1383,0.1959,0.2095,0.1959,0.1959,0.2233,0.218,0.222,0.365
957,CAN,Canada,41789,Women in parliament,Index,0.0,0.0,0.0,0.0,0.0,0.0,0.0,0.0,0.0,0.0,0.0,0.36991869899999996
958,CAN,Canada,41790,Women in ministerial positions,Index,0.0,0.0,0.0,0.0,0.0,0.0,0.0,0.0,0.0,0.0,0.0,1.0
959,CAN,Canada,41791,Years with female head of state (last 50),Index,0.0,0.0,0.0,0.0,0.0,0.0,0.0,0.0,0.0,0.0,0.0,0.007285572
5344,USA,United States,27961,Global Gender Gap Political Empowerment subindex,Index,0.0968,0.1016,0.1398,0.1398,0.1861,0.1857,0.1557,0.1593,0.1847,0.162,0.162,0.125
5377,USA,United States,41789,Women in parliament,Index,0.0,0.0,0.0,0.0,0.0,0.0,0.0,0.0,0.0,0.0,0.0,0.244186047
5378,USA,United States,41790,Women in ministerial positions,Index,0.0,0.0,0.0,0.0,0.0,0.0,0.0,0.0,0.0,0.0,0.0,0.2
5379,USA,United States,41791,Years with female head of state (last 50),Index,0.0,0.0,0.0,0.0,0.0,0.0,0.0,0.0,0.0,0.0,0.0,0.0
