,Country ISO3,Country Name,Indicator Id,Indicator,Subindicator Type,2006,2007,2008,2009,2010,2011,2012,2013,2014,2015,2016,2018
933,CAN,Canada,28163,Global Gender Gap Health and Survival Subindex,Index,0.9784,0.9787,0.9783,0.9783,0.9784,0.9784,0.978,0.978,0.9694,0.9690000000000001,0.9690000000000001,0.971
955,CAN,Canada,41787,Sex ratio at birth,Index,0.0,0.0,0.0,0.0,0.0,0.0,0.0,0.0,0.0,0.0,0.0,0.9440000000000001
956,CAN,Canada,41788,Healthy life expectancy,Index,0.0,0.0,0.0,0.0,0.0,0.0,0.0,0.0,0.0,0.0,0.0,1.031944444
5351,USA,United States,28163,Global Gender Gap Health and Survival Subindex,Index,0.9796,0.9795,0.9795,0.9795,0.9792,0.9792,0.9792,0.9792,0.9747,0.975,0.975,0.976
5375,USA,United States,41787,Sex ratio at birth,Index,0.0,0.0,0.0,0.0,0.0,0.0,0.0,0.0,0.0,0.0,0.0,0.9440000000000001
5376,USA,United States,41788,Healthy life expectancy,Index,0.0,0.0,0.0,0.0,0.0,0.0,0.0,0.0,0.0,0.0,0.0,1.047832586
