,Country ISO3,Country Name,Indicator Id,Indicator,Subindicator Type,2006,2007,2008,2009,2010,2011,2012,2013,2014,2015,2016,2018
931,CAN,Canada,28161,Global Gender Gap Educational Attainment Subindex,Index,0.9987,0.9987,0.9977,0.9977,0.9977,0.9989,0.9909,1.0,1.0,1.0,1.0,1.0
952,CAN,Canada,41783,Literacy rate,Index,0.0,0.0,0.0,0.0,0.0,0.0,0.0,0.0,0.0,0.0,0.0,1.0
953,CAN,Canada,41785,Enrolment in secondary education,Index,0.0,0.0,0.0,0.0,0.0,0.0,0.0,0.0,0.0,0.0,0.0,1.0
954,CAN,Canada,41786,Enrolment in tertiary education,Index,0.0,0.0,0.0,0.0,0.0,0.0,0.0,0.0,0.0,0.0,0.0,1.0
5349,USA,United States,28161,Global Gender Gap Educational Attainment Subindex,Index,0.9816,0.9816,1.0,1.0,1.0,1.0,1.0,1.0,0.998,0.9990000000000001,1.0,0.998
5371,USA,United States,41783,Literacy rate,Index,0.0,0.0,0.0,0.0,0.0,0.0,0.0,0.0,0.0,0.0,0.0,1.0
5372,USA,United States,41784,Enrolment in primary education,Index,0.0,0.0,0.0,0.0,0.0,0.0,0.0,0.0,0.0,0.0,0.0,0.995551987
5373,USA,United States,41785,Enrolment in secondary education,Index,0.0,0.0,0.0,0.0,0.0,0.0,0.0,0.0,0.0,0.0,0.0,0.999873737
5374,USA,United States,41786,Enrolment in tertiary education,Index,0.0,0.0,0.0,0.0,0.0,0.0,0.0,0.0,0.0,0.0,0.0,1.0
