,Country ISO3,Country Name,Indicator Id,Indicator,Subindicator Type,2006,2007,2008,2009,2010,2011,2012,2013,2014,2015,2016,2018
929,CAN,Canada,28159,Global Gender Gap Economic Participation and Opportunity Subindex,Index,0.7296,0.7428,0.7441,0.7641,0.7768,0.7759,0.7877,0.7959,0.7928,0.773,0.732,0.748
948,CAN,Canada,41779,Labour force participation,Index,0.0,0.0,0.0,0.0,0.0,0.0,0.0,0.0,0.0,0.0,0.0,0.91198044
949,CAN,Canada,41780,"Estimated earned income (PPP, US$)",Index,0.0,0.0,0.0,0.0,0.0,0.0,0.0,0.0,0.0,0.0,0.0,0.674664315
950,CAN,Canada,41781,"Legislators, senior officials and managers",Index,0.0,0.0,0.0,0.0,0.0,0.0,0.0,0.0,0.0,0.0,0.0,0.5508438370000001
951,CAN,Canada,41782,Professional and technical workers,Index,0.0,0.0,0.0,0.0,0.0,0.0,0.0,0.0,0.0,0.0,0.0,1.0
958,CAN,Canada,41790,Women in ministerial positions,Index,0.0,0.0,0.0,0.0,0.0,0.0,0.0,0.0,0.0,0.0,0.0,1.0
5347,USA,United States,28159,Global Gender Gap Economic Participation and Opportunity Subindex,Index,0.7587,0.7383,0.7524,0.7501,0.7992,0.7999,0.8143,0.8185,0.8276,0.826,0.752,0.782
5367,USA,United States,41779,Labour force participation,Index,0.0,0.0,0.0,0.0,0.0,0.0,0.0,0.0,0.0,0.0,0.0,0.854193548
5368,USA,United States,41780,"Estimated earned income (PPP, US$)",Index,0.0,0.0,0.0,0.0,0.0,0.0,0.0,0.0,0.0,0.0,0.0,0.647868745
5369,USA,United States,41781,"Legislators, senior officials and managers",Index,0.0,0.0,0.0,0.0,0.0,0.0,0.0,0.0,0.0,0.0,0.0,0.680929709
5370,USA,United States,41782,Professional and technical workers,Index,0.0,0.0,0.0,0.0,0.0,0.0,0.0,0.0,0.0,0.0,0.0,1.0
5378,USA,United States,41790,Women in ministerial positions,Index,0.0,0.0,0.0,0.0,0.0,0.0,0.0,0.0,0.0,0.0,0.0,0.2
