[
  {
    "id": "JavaScript",
    "data": [
      {
        "x": 1990,
        "y": 19
      },
      {
        "x": 1991,
        "y": 16
      },
      {
        "x": 1992,
        "y": 17
      },
      {
        "x": 1993,
        "y": 20
      },
      {
        "x": 1994,
        "y": 27
      },
      {
        "x": 1995,
        "y": 15
      }
    ]
  },
  {
    "id": "ReasonML",
    "data": [
      {
        "x": 1990,
        "y": 15
      },
      {
        "x": 1991,
        "y": 18
      },
      {
        "x": 1992,
        "y": 25
      },
      {
        "x": 1993,
        "y": 26
      },
      {
        "x": 1994,
        "y": 15
      },
      {
        "x": 1995,
        "y": 17
      }
    ]
  },
  {
    "id": "TypeScript",
    "data": [
      {
        "x": 1990,
        "y": 15
      },
      {
        "x": 1991,
        "y": 25
      },
      {
        "x": 1992,
        "y": 17
      },
      {
        "x": 1993,
        "y": 16
      },
      {
        "x": 1994,
        "y": 18
      },
      {
        "x": 1995,
        "y": 11
      }
    ]
  },
  {
    "id": "Elm",
    "data": [
      {
        "x": 1990,
        "y": 11
      },
      {
        "x": 1991,
        "y": 11
      },
      {
        "x": 1992,
        "y": 12
      },
      {
        "x": 1993,
        "y": 29
      },
      {
        "x": 1994,
        "y": 16
      },
      {
        "x": 1995,
        "y": 19
      }
    ]
  },
  {
    "id": "CoffeeScript",
    "data": [
      {
        "x": 1990,
        "y": 17
      },
      {
        "x": 1991,
        "y": 21
      },
      {
        "x": 1992,
        "y": 21
      },
      {
        "x": 1993,
        "y": 14
      },
      {
        "x": 1994,
        "y": 18
      },
      {
        "x": 1995,
        "y": 25
      }
    ]
  }
]