,Country ISO3,Country Name,Indicator Id,Indicator,Subindicator Type,2006,2007,2008,2009,2010,2011,2012,2013,2014,2015,2016,2018
45,ALB,Albania,28161,Global Gender Gap Educational Attainment Subindex,Index,0.9888,0.9925,0.9907,0.9906,0.9942,0.9809,0.9890000000000001,0.9755,0.97,0.972,0.986,0.987
67,ALB,Albania,41783,Literacy rate,Index,0.0,0.0,0.0,0.0,0.0,0.0,0.0,0.0,0.0,0.0,0.0,0.977463333
68,ALB,Albania,41784,Enrolment in primary education,Index,0.0,0.0,0.0,0.0,0.0,0.0,0.0,0.0,0.0,0.0,0.0,0.986336841
69,ALB,Albania,41785,Enrolment in secondary education,Index,0.0,0.0,0.0,0.0,0.0,0.0,0.0,0.0,0.0,0.0,0.0,0.988851818
70,ALB,Albania,41786,Enrolment in tertiary education,Index,0.0,0.0,0.0,0.0,0.0,0.0,0.0,0.0,0.0,0.0,0.0,1.0
157,ARM,Armenia,28161,Global Gender Gap Educational Attainment Subindex,Index,0.0,0.9990000000000001,0.9993,0.9992,0.9994,0.9994,0.9995,0.9995,0.9996,1.0,1.0,1.0
179,ARM,Armenia,41783,Literacy rate,Index,0.0,0.0,0.0,0.0,0.0,0.0,0.0,0.0,0.0,0.0,0.0,0.998840451
180,ARM,Armenia,41784,Enrolment in primary education,Index,0.0,0.0,0.0,0.0,0.0,0.0,0.0,0.0,0.0,0.0,0.0,0.999412305
181,ARM,Armenia,41785,Enrolment in secondary education,Index,0.0,0.0,0.0,0.0,0.0,0.0,0.0,0.0,0.0,0.0,0.0,1.0
182,ARM,Armenia,41786,Enrolment in tertiary education,Index,0.0,0.0,0.0,0.0,0.0,0.0,0.0,0.0,0.0,0.0,0.0,1.0
269,AZE,Azerbaijan,28161,Global Gender Gap Educational Attainment Subindex,Index,0.0,0.9715,0.9673,0.9699,0.9671,0.9891,0.983,0.982,0.9840000000000001,0.9840000000000001,0.988,1.0
291,AZE,Azerbaijan,41783,Literacy rate,Index,0.0,0.0,0.0,0.0,0.0,0.0,0.0,0.0,0.0,0.0,0.0,0.998553033
292,AZE,Azerbaijan,41784,Enrolment in primary education,Index,0.0,0.0,0.0,0.0,0.0,0.0,0.0,0.0,0.0,0.0,0.0,1.0
293,AZE,Azerbaijan,41785,Enrolment in secondary education,Index,0.0,0.0,0.0,0.0,0.0,0.0,0.0,0.0,0.0,0.0,0.0,1.0
294,AZE,Azerbaijan,41786,Enrolment in tertiary education,Index,0.0,0.0,0.0,0.0,0.0,0.0,0.0,0.0,0.0,0.0,0.0,1.0
493,BGR,Bulgaria,28161,Global Gender Gap Educational Attainment Subindex,Index,0.9889,0.9889,0.9901,0.9921,0.9925,0.9923,0.9924,0.9924,0.9934,0.992,0.993,0.9890000000000001
515,BGR,Bulgaria,41783,Literacy rate,Index,0.0,0.0,0.0,0.0,0.0,0.0,0.0,0.0,0.0,0.0,0.0,0.9922698590000001
516,BGR,Bulgaria,41784,Enrolment in primary education,Index,0.0,0.0,0.0,0.0,0.0,0.0,0.0,0.0,0.0,0.0,0.0,0.992831878
517,BGR,Bulgaria,41785,Enrolment in secondary education,Index,0.0,0.0,0.0,0.0,0.0,0.0,0.0,0.0,0.0,0.0,0.0,0.9735893790000001
518,BGR,Bulgaria,41786,Enrolment in tertiary education,Index,0.0,0.0,0.0,0.0,0.0,0.0,0.0,0.0,0.0,0.0,0.0,1.0
601,BIH,Bosnia and Herzegovina,28161,Global Gender Gap Educational Attainment Subindex,Index,0.0,0.0,0.0,0.0,0.0,0.0,0.0,0.0,0.0,0.0,0.996,0.981
621,BIH,Bosnia and Herzegovina,41783,Literacy rate,Index,0.0,0.0,0.0,0.0,0.0,0.0,0.0,0.0,0.0,0.0,0.0,0.9569878
622,BIH,Bosnia and Herzegovina,41785,Enrolment in secondary education,Index,0.0,0.0,0.0,0.0,0.0,0.0,0.0,0.0,0.0,0.0,0.0,1.0
635,BLR,Belarus,28161,Global Gender Gap Educational Attainment Subindex,Index,0.0,0.9835,0.9902,0.9901,0.0,0.0,0.0,0.0,0.9995,1.0,1.0,0.998
655,BLR,Belarus,41783,Literacy rate,Index,0.0,0.0,0.0,0.0,0.0,0.0,0.0,0.0,0.0,0.0,0.0,0.9972966120000001
656,BLR,Belarus,41784,Enrolment in primary education,Index,0.0,0.0,0.0,0.0,0.0,0.0,0.0,0.0,0.0,0.0,0.0,0.9961515479999999
657,BLR,Belarus,41785,Enrolment in secondary education,Index,0.0,0.0,0.0,0.0,0.0,0.0,0.0,0.0,0.0,0.0,0.0,1.0
658,BLR,Belarus,41786,Enrolment in tertiary education,Index,0.0,0.0,0.0,0.0,0.0,0.0,0.0,0.0,0.0,0.0,0.0,1.0
1371,CZE,Czech Republic,28161,Global Gender Gap Educational Attainment Subindex,Index,0.9908,0.9908,1.0,1.0,1.0,1.0,1.0,1.0,1.0,1.0,1.0,1.0
1392,CZE,Czech Republic,41783,Literacy rate,Index,0.0,0.0,0.0,0.0,0.0,0.0,0.0,0.0,0.0,0.0,0.0,1.0
1393,CZE,Czech Republic,41785,Enrolment in secondary education,Index,0.0,0.0,0.0,0.0,0.0,0.0,0.0,0.0,0.0,0.0,0.0,1.0
1394,CZE,Czech Republic,41786,Enrolment in tertiary education,Index,0.0,0.0,0.0,0.0,0.0,0.0,0.0,0.0,0.0,0.0,0.0,1.0
1671,EST,Estonia,28161,Global Gender Gap Educational Attainment Subindex,Index,0.9992,0.9992,0.9954,0.9979,0.9967,0.9967,0.9936,0.9931,1.0,0.9990000000000001,0.995,1.0
1693,EST,Estonia,41783,Literacy rate,Index,0.0,0.0,0.0,0.0,0.0,0.0,0.0,0.0,0.0,0.0,0.0,1.0
1694,EST,Estonia,41784,Enrolment in primary education,Index,0.0,0.0,0.0,0.0,0.0,0.0,0.0,0.0,0.0,0.0,0.0,1.0
1695,EST,Estonia,41785,Enrolment in secondary education,Index,0.0,0.0,0.0,0.0,0.0,0.0,0.0,0.0,0.0,0.0,0.0,1.0
1696,EST,Estonia,41786,Enrolment in tertiary education,Index,0.0,0.0,0.0,0.0,0.0,0.0,0.0,0.0,0.0,0.0,0.0,1.0
1895,GEO,Georgia,28161,Global Gender Gap Educational Attainment Subindex,Index,0.9967,0.9982,1.0,0.9855,0.9813,0.99,0.9790000000000001,0.9790000000000001,0.9887,1.0,0.9890000000000001,0.996
1917,GEO,Georgia,41783,Literacy rate,Index,0.0,0.0,0.0,0.0,0.0,0.0,0.0,0.0,0.0,0.0,0.0,0.9984585859999999
1918,GEO,Georgia,41784,Enrolment in primary education,Index,0.0,0.0,0.0,0.0,0.0,0.0,0.0,0.0,0.0,0.0,0.0,0.991186298
1919,GEO,Georgia,41785,Enrolment in secondary education,Index,0.0,0.0,0.0,0.0,0.0,0.0,0.0,0.0,0.0,0.0,0.0,1.0
1920,GEO,Georgia,41786,Enrolment in tertiary education,Index,0.0,0.0,0.0,0.0,0.0,0.0,0.0,0.0,0.0,0.0,0.0,1.0
2167,HRV,Croatia,28161,Global Gender Gap Educational Attainment Subindex,Index,0.9905,0.9892,0.9944,0.9946,0.9939,0.9954,0.995,0.9951,0.9938,0.9940000000000001,0.995,0.998
2189,HRV,Croatia,41783,Literacy rate,Index,0.0,0.0,0.0,0.0,0.0,0.0,0.0,0.0,0.0,0.0,0.0,0.9903261790000001
2190,HRV,Croatia,41784,Enrolment in primary education,Index,0.0,0.0,0.0,0.0,0.0,0.0,0.0,0.0,0.0,0.0,0.0,0.999902698
2191,HRV,Croatia,41785,Enrolment in secondary education,Index,0.0,0.0,0.0,0.0,0.0,0.0,0.0,0.0,0.0,0.0,0.0,1.0
2192,HRV,Croatia,41786,Enrolment in tertiary education,Index,0.0,0.0,0.0,0.0,0.0,0.0,0.0,0.0,0.0,0.0,0.0,1.0
2205,HUN,Hungary,28161,Global Gender Gap Educational Attainment Subindex,Index,0.9908,0.9913,0.9928,0.9924,0.99,0.9926,0.9915,0.9925,0.9924,0.991,0.992,0.9940000000000001
2227,HUN,Hungary,41783,Literacy rate,Index,0.0,0.0,0.0,0.0,0.0,0.0,0.0,0.0,0.0,0.0,0.0,0.999394917
2228,HUN,Hungary,41784,Enrolment in primary education,Index,0.0,0.0,0.0,0.0,0.0,0.0,0.0,0.0,0.0,0.0,0.0,0.987404203
2229,HUN,Hungary,41785,Enrolment in secondary education,Index,0.0,0.0,0.0,0.0,0.0,0.0,0.0,0.0,0.0,0.0,0.0,1.0
2230,HUN,Hungary,41786,Enrolment in tertiary education,Index,0.0,0.0,0.0,0.0,0.0,0.0,0.0,0.0,0.0,0.0,0.0,1.0
2649,KAZ,Kazakhstan,28161,Global Gender Gap Educational Attainment Subindex,Index,0.9902,0.9885,0.9968,0.9962,0.9994,0.9954,0.9923,0.9913,0.9966,1.0,0.995,1.0
2671,KAZ,Kazakhstan,41783,Literacy rate,Index,0.0,0.0,0.0,0.0,0.0,0.0,0.0,0.0,0.0,0.0,0.0,0.999091553
2672,KAZ,Kazakhstan,41784,Enrolment in primary education,Index,0.0,0.0,0.0,0.0,0.0,0.0,0.0,0.0,0.0,0.0,0.0,1.0
2673,KAZ,Kazakhstan,41785,Enrolment in secondary education,Index,0.0,0.0,0.0,0.0,0.0,0.0,0.0,0.0,0.0,0.0,0.0,1.0
2674,KAZ,Kazakhstan,41786,Enrolment in tertiary education,Index,0.0,0.0,0.0,0.0,0.0,0.0,0.0,0.0,0.0,0.0,0.0,1.0
2721,KGZ,Kyrgyz Republic,28161,Global Gender Gap Educational Attainment Subindex,Index,0.9952,0.9936,0.9933,0.9936,0.9953,0.996,0.99,0.9888,0.986,0.9890000000000001,0.991,0.991
2743,KGZ,Kyrgyz Republic,41783,Literacy rate,Index,0.0,0.0,0.0,0.0,0.0,0.0,0.0,0.0,0.0,0.0,0.0,0.9945982059999999
2744,KGZ,Kyrgyz Republic,41784,Enrolment in primary education,Index,0.0,0.0,0.0,0.0,0.0,0.0,0.0,0.0,0.0,0.0,0.0,0.9843113290000001
2745,KGZ,Kyrgyz Republic,41785,Enrolment in secondary education,Index,0.0,0.0,0.0,0.0,0.0,0.0,0.0,0.0,0.0,0.0,0.0,0.997060959
2746,KGZ,Kyrgyz Republic,41786,Enrolment in tertiary education,Index,0.0,0.0,0.0,0.0,0.0,0.0,0.0,0.0,0.0,0.0,0.0,1.0
3063,LTU,Lithuania,28161,Global Gender Gap Educational Attainment Subindex,Index,0.9979,0.9979,0.9949,0.9946,0.9894,0.9914,0.9954,0.9928,0.9942,0.9940000000000001,1.0,0.997
3085,LTU,Lithuania,41783,Literacy rate,Index,0.0,0.0,0.0,0.0,0.0,0.0,0.0,0.0,0.0,0.0,0.0,1.0
3086,LTU,Lithuania,41784,Enrolment in primary education,Index,0.0,0.0,0.0,0.0,0.0,0.0,0.0,0.0,0.0,0.0,0.0,0.9949158020000001
3087,LTU,Lithuania,41785,Enrolment in secondary education,Index,0.0,0.0,0.0,0.0,0.0,0.0,0.0,0.0,0.0,0.0,0.0,0.9981120529999999
3088,LTU,Lithuania,41786,Enrolment in tertiary education,Index,0.0,0.0,0.0,0.0,0.0,0.0,0.0,0.0,0.0,0.0,0.0,1.0
3139,LVA,Latvia,28161,Global Gender Gap Educational Attainment Subindex,Index,0.9308,0.986,1.0,1.0,1.0,1.0,1.0,1.0,1.0,1.0,1.0,1.0
3161,LVA,Latvia,41783,Literacy rate,Index,0.0,0.0,0.0,0.0,0.0,0.0,0.0,0.0,0.0,0.0,0.0,1.0
3162,LVA,Latvia,41784,Enrolment in primary education,Index,0.0,0.0,0.0,0.0,0.0,0.0,0.0,0.0,0.0,0.0,0.0,1.0
3163,LVA,Latvia,41785,Enrolment in secondary education,Index,0.0,0.0,0.0,0.0,0.0,0.0,0.0,0.0,0.0,0.0,0.0,1.0
3164,LVA,Latvia,41786,Enrolment in tertiary education,Index,0.0,0.0,0.0,0.0,0.0,0.0,0.0,0.0,0.0,0.0,0.0,1.0
3215,MDA,Moldova,28161,Global Gender Gap Educational Attainment Subindex,Index,0.9942,0.9941,0.9982,0.9929,0.9898,0.9909,0.9962,0.9907,0.9949,0.996,0.996,0.993
3237,MDA,Moldova,41783,Literacy rate,Index,0.0,0.0,0.0,0.0,0.0,0.0,0.0,0.0,0.0,0.0,0.0,0.995478275
3238,MDA,Moldova,41784,Enrolment in primary education,Index,0.0,0.0,0.0,0.0,0.0,0.0,0.0,0.0,0.0,0.0,0.0,0.987671689
3239,MDA,Moldova,41785,Enrolment in secondary education,Index,0.0,0.0,0.0,0.0,0.0,0.0,0.0,0.0,0.0,0.0,0.0,0.998242455
3240,MDA,Moldova,41786,Enrolment in tertiary education,Index,0.0,0.0,0.0,0.0,0.0,0.0,0.0,0.0,0.0,0.0,0.0,1.0
3361,MKD,"Macedonia, FYR",28161,Global Gender Gap Educational Attainment Subindex,Index,0.985,0.9849,0.9873,0.9883,0.9888,0.9892,0.99,0.9903,0.9891,0.99,0.982,0.993
3382,MKD,"Macedonia, FYR",41784,Enrolment in primary education,Index,0.0,0.0,0.0,0.0,0.0,0.0,0.0,0.0,0.0,0.0,0.0,0.996367282
3383,MKD,"Macedonia, FYR",41785,Enrolment in secondary education,Index,0.0,0.0,0.0,0.0,0.0,0.0,0.0,0.0,0.0,0.0,0.0,0.983854844
3384,MKD,"Macedonia, FYR",41786,Enrolment in tertiary education,Index,0.0,0.0,0.0,0.0,0.0,0.0,0.0,0.0,0.0,0.0,0.0,1.0
3509,MNE,Montenegro,28161,Global Gender Gap Educational Attainment Subindex,Index,0.0,0.0,0.0,0.0,0.0,0.0,0.0,0.0,0.9952,0.997,0.9890000000000001,0.992
3531,MNE,Montenegro,41783,Literacy rate,Index,0.0,0.0,0.0,0.0,0.0,0.0,0.0,0.0,0.0,0.0,0.0,0.980582556
3532,MNE,Montenegro,41784,Enrolment in primary education,Index,0.0,0.0,0.0,0.0,0.0,0.0,0.0,0.0,0.0,0.0,0.0,0.992478422
3533,MNE,Montenegro,41785,Enrolment in secondary education,Index,0.0,0.0,0.0,0.0,0.0,0.0,0.0,0.0,0.0,0.0,0.0,0.9974211709999999
3534,MNE,Montenegro,41786,Enrolment in tertiary education,Index,0.0,0.0,0.0,0.0,0.0,0.0,0.0,0.0,0.0,0.0,0.0,1.0
4223,POL,Poland,28161,Global Gender Gap Educational Attainment Subindex,Index,0.9998,1.0,0.9989,0.9989,0.9992,0.9994,0.9981,0.9983,0.9995,1.0,1.0,0.998
4245,POL,Poland,41783,Literacy rate,Index,0.0,0.0,0.0,0.0,0.0,0.0,0.0,0.0,0.0,0.0,0.0,0.989693395
4246,POL,Poland,41784,Enrolment in primary education,Index,0.0,0.0,0.0,0.0,0.0,0.0,0.0,0.0,0.0,0.0,0.0,0.9991201759999999
4247,POL,Poland,41785,Enrolment in secondary education,Index,0.0,0.0,0.0,0.0,0.0,0.0,0.0,0.0,0.0,0.0,0.0,1.0
4248,POL,Poland,41786,Enrolment in tertiary education,Index,0.0,0.0,0.0,0.0,0.0,0.0,0.0,0.0,0.0,0.0,0.0,1.0
4375,ROU,Romania,28161,Global Gender Gap Educational Attainment Subindex,Index,0.9928,0.9928,0.9936,0.9911,0.9887,0.995,0.9943,0.9945,0.9939,0.9940000000000001,0.992,0.996
4397,ROU,Romania,41783,Literacy rate,Index,0.0,0.0,0.0,0.0,0.0,0.0,0.0,0.0,0.0,0.0,0.0,0.991628354
4398,ROU,Romania,41784,Enrolment in primary education,Index,0.0,0.0,0.0,0.0,0.0,0.0,0.0,0.0,0.0,0.0,0.0,0.99561175
4399,ROU,Romania,41785,Enrolment in secondary education,Index,0.0,0.0,0.0,0.0,0.0,0.0,0.0,0.0,0.0,0.0,0.0,1.0
4400,ROU,Romania,41786,Enrolment in tertiary education,Index,0.0,0.0,0.0,0.0,0.0,0.0,0.0,0.0,0.0,0.0,0.0,1.0
4413,RUS,Russian Federation,28161,Global Gender Gap Educational Attainment Subindex,Index,0.9991,0.9991,0.9994,0.9992,0.9994,0.9985,0.998,0.9984,0.9998,1.0,0.997,1.0
4435,RUS,Russian Federation,41783,Literacy rate,Index,0.0,0.0,0.0,0.0,0.0,0.0,0.0,0.0,0.0,0.0,0.0,0.999192506
4436,RUS,Russian Federation,41784,Enrolment in primary education,Index,0.0,0.0,0.0,0.0,0.0,0.0,0.0,0.0,0.0,0.0,0.0,1.0
4437,RUS,Russian Federation,41785,Enrolment in secondary education,Index,0.0,0.0,0.0,0.0,0.0,0.0,0.0,0.0,0.0,0.0,0.0,1.0
4438,RUS,Russian Federation,41786,Enrolment in tertiary education,Index,0.0,0.0,0.0,0.0,0.0,0.0,0.0,0.0,0.0,0.0,0.0,1.0
4675,SRB,Serbia,28161,Global Gender Gap Educational Attainment Subindex,Index,0.0,0.0,0.0,0.0,0.0,0.0,0.9927,0.9940000000000001,0.9954,0.996,0.996,0.998
4697,SRB,Serbia,41783,Literacy rate,Index,0.0,0.0,0.0,0.0,0.0,0.0,0.0,0.0,0.0,0.0,0.0,0.9872218709999999
4698,SRB,Serbia,41784,Enrolment in primary education,Index,0.0,0.0,0.0,0.0,0.0,0.0,0.0,0.0,0.0,0.0,0.0,1.0
4699,SRB,Serbia,41785,Enrolment in secondary education,Index,0.0,0.0,0.0,0.0,0.0,0.0,0.0,0.0,0.0,0.0,0.0,1.0
4700,SRB,Serbia,41786,Enrolment in tertiary education,Index,0.0,0.0,0.0,0.0,0.0,0.0,0.0,0.0,0.0,0.0,0.0,1.0
4747,SVK,Slovak Republic,28161,Global Gender Gap Educational Attainment Subindex,Index,0.9952,0.9952,1.0,1.0,1.0,1.0,1.0,1.0,1.0,1.0,1.0,1.0
4768,SVK,Slovak Republic,41783,Literacy rate,Index,0.0,0.0,0.0,0.0,0.0,0.0,0.0,0.0,0.0,0.0,0.0,1.0
4769,SVK,Slovak Republic,41785,Enrolment in secondary education,Index,0.0,0.0,0.0,0.0,0.0,0.0,0.0,0.0,0.0,0.0,0.0,1.0
4770,SVK,Slovak Republic,41786,Enrolment in tertiary education,Index,0.0,0.0,0.0,0.0,0.0,0.0,0.0,0.0,0.0,0.0,0.0,1.0
4783,SVN,Slovenia,28161,Global Gender Gap Educational Attainment Subindex,Index,0.9987,0.9994,0.9979,0.998,0.9977,0.9977,0.9981,0.9999,0.9999,1.0,1.0,1.0
4805,SVN,Slovenia,41783,Literacy rate,Index,0.0,0.0,0.0,0.0,0.0,0.0,0.0,0.0,0.0,0.0,0.0,0.999097201
4806,SVN,Slovenia,41784,Enrolment in primary education,Index,0.0,0.0,0.0,0.0,0.0,0.0,0.0,0.0,0.0,0.0,0.0,1.0
4807,SVN,Slovenia,41785,Enrolment in secondary education,Index,0.0,0.0,0.0,0.0,0.0,0.0,0.0,0.0,0.0,0.0,0.0,1.0
4808,SVN,Slovenia,41786,Enrolment in tertiary education,Index,0.0,0.0,0.0,0.0,0.0,0.0,0.0,0.0,0.0,0.0,0.0,1.0
5037,TJK,Tajikistan,28161,Global Gender Gap Educational Attainment Subindex,Index,0.0,0.8689,0.8675,0.875,0.8817,0.8839,0.8869,0.8993,0.905,0.922,0.937,0.94
5059,TJK,Tajikistan,41783,Literacy rate,Index,0.0,0.0,0.0,0.0,0.0,0.0,0.0,0.0,0.0,0.0,0.0,0.9987978359999999
5060,TJK,Tajikistan,41784,Enrolment in primary education,Index,0.0,0.0,0.0,0.0,0.0,0.0,0.0,0.0,0.0,0.0,0.0,0.9860860159999999
5061,TJK,Tajikistan,41785,Enrolment in secondary education,Index,0.0,0.0,0.0,0.0,0.0,0.0,0.0,0.0,0.0,0.0,0.0,0.9002802209999999
5062,TJK,Tajikistan,41786,Enrolment in tertiary education,Index,0.0,0.0,0.0,0.0,0.0,0.0,0.0,0.0,0.0,0.0,0.0,0.7503443790000001
5275,UKR,Ukraine,28161,Global Gender Gap Educational Attainment Subindex,Index,0.9978,0.9844,0.9985,0.9991,0.9996,0.9997,0.9997,0.9998,0.9998,1.0,1.0,1.0
5297,UKR,Ukraine,41783,Literacy rate,Index,0.0,0.0,0.0,0.0,0.0,0.0,0.0,0.0,0.0,0.0,0.0,0.999642578
5298,UKR,Ukraine,41784,Enrolment in primary education,Index,0.0,0.0,0.0,0.0,0.0,0.0,0.0,0.0,0.0,0.0,0.0,1.0
5299,UKR,Ukraine,41785,Enrolment in secondary education,Index,0.0,0.0,0.0,0.0,0.0,0.0,0.0,0.0,0.0,0.0,0.0,1.0
5300,UKR,Ukraine,41786,Enrolment in tertiary education,Index,0.0,0.0,0.0,0.0,0.0,0.0,0.0,0.0,0.0,0.0,0.0,1.0
