,Country ISO3,Country Name,Indicator Id,Indicator,Subindicator Type,2006,2007,2008,2009,2010,2011,2012,2013,2014,2015,2016,2018
47,ALB,Albania,28163,Global Gender Gap Health and Survival Subindex,Index,0.9553,0.9553,0.9553,0.9553,0.937,0.9268,0.9313,0.9313,0.9409,0.9470000000000001,0.9470000000000001,0.963
71,ALB,Albania,41787,Sex ratio at birth,Index,0.0,0.0,0.0,0.0,0.0,0.0,0.0,0.0,0.0,0.0,0.0,0.927643785
72,ALB,Albania,41788,Healthy life expectancy,Index,0.0,0.0,0.0,0.0,0.0,0.0,0.0,0.0,0.0,0.0,0.0,1.043478261
159,ARM,Armenia,28163,Global Gender Gap Health and Survival Subindex,Index,0.0,0.9227,0.9279,0.9332,0.937,0.9419,0.9441,0.9497,0.9332,0.9390000000000001,0.9390000000000001,0.9390000000000001
183,ARM,Armenia,41787,Sex ratio at birth,Index,0.0,0.0,0.0,0.0,0.0,0.0,0.0,0.0,0.0,0.0,0.0,0.8857395929999999
184,ARM,Armenia,41788,Healthy life expectancy,Index,0.0,0.0,0.0,0.0,0.0,0.0,0.0,0.0,0.0,0.0,0.0,1.06
271,AZE,Azerbaijan,28163,Global Gender Gap Health and Survival Subindex,Index,0.0,0.9259999999999999,0.9313,0.9366,0.9287,0.9331,0.92,0.9254,0.9441,0.95,0.95,0.941
295,AZE,Azerbaijan,41787,Sex ratio at birth,Index,0.0,0.0,0.0,0.0,0.0,0.0,0.0,0.0,0.0,0.0,0.0,0.8888888890000001
296,AZE,Azerbaijan,41788,Healthy life expectancy,Index,0.0,0.0,0.0,0.0,0.0,0.0,0.0,0.0,0.0,0.0,0.0,1.06
495,BGR,Bulgaria,28163,Global Gender Gap Health and Survival Subindex,Index,0.9791,0.9791,0.9791,0.9791,0.9791,0.9791,0.9791,0.9791,0.9791,0.9790000000000001,0.9790000000000001,0.9790000000000001
519,BGR,Bulgaria,41787,Sex ratio at birth,Index,0.0,0.0,0.0,0.0,0.0,0.0,0.0,0.0,0.0,0.0,0.0,0.943396226
520,BGR,Bulgaria,41788,Healthy life expectancy,Index,0.0,0.0,0.0,0.0,0.0,0.0,0.0,0.0,0.0,0.0,0.0,1.06
603,BIH,Bosnia and Herzegovina,28163,Global Gender Gap Health and Survival Subindex,Index,0.0,0.0,0.0,0.0,0.0,0.0,0.0,0.0,0.0,0.0,0.973,0.98
623,BIH,Bosnia and Herzegovina,41787,Sex ratio at birth,Index,0.0,0.0,0.0,0.0,0.0,0.0,0.0,0.0,0.0,0.0,0.0,0.9440000000000001
624,BIH,Bosnia and Herzegovina,41788,Healthy life expectancy,Index,0.0,0.0,0.0,0.0,0.0,0.0,0.0,0.0,0.0,0.0,0.0,1.06
637,BLR,Belarus,28163,Global Gender Gap Health and Survival Subindex,Index,0.0,0.9791,0.9791,0.9791,0.0,0.0,0.0,0.0,0.9791,0.9790000000000001,0.9790000000000001,0.9790000000000001
659,BLR,Belarus,41787,Sex ratio at birth,Index,0.0,0.0,0.0,0.0,0.0,0.0,0.0,0.0,0.0,0.0,0.0,0.942507069
660,BLR,Belarus,41788,Healthy life expectancy,Index,0.0,0.0,0.0,0.0,0.0,0.0,0.0,0.0,0.0,0.0,0.0,1.06
1373,CZE,Czech Republic,28163,Global Gender Gap Health and Survival Subindex,Index,0.9791,0.9791,0.9791,0.9791,0.9792,0.9792,0.9788,0.9788,0.9791,0.9790000000000001,0.9790000000000001,0.98
1395,CZE,Czech Republic,41787,Sex ratio at birth,Index,0.0,0.0,0.0,0.0,0.0,0.0,0.0,0.0,0.0,0.0,0.0,0.9440000000000001
1396,CZE,Czech Republic,41788,Healthy life expectancy,Index,0.0,0.0,0.0,0.0,0.0,0.0,0.0,0.0,0.0,0.0,0.0,1.06
1673,EST,Estonia,28163,Global Gender Gap Health and Survival Subindex,Index,0.9791,0.9791,0.9791,0.9791,0.9773,0.9773,0.9791,0.9791,0.9791,0.98,0.98,0.9790000000000001
1697,EST,Estonia,41787,Sex ratio at birth,Index,0.0,0.0,0.0,0.0,0.0,0.0,0.0,0.0,0.0,0.0,0.0,0.943396226
1698,EST,Estonia,41788,Healthy life expectancy,Index,0.0,0.0,0.0,0.0,0.0,0.0,0.0,0.0,0.0,0.0,0.0,1.06
1897,GEO,Georgia,28163,Global Gender Gap Health and Survival Subindex,Index,0.9227,0.9332,0.9386,0.9386,0.9441,0.948,0.9497,0.9553,0.9670000000000001,0.9670000000000001,0.9670000000000001,0.9670000000000001
1921,GEO,Georgia,41787,Sex ratio at birth,Index,0.0,0.0,0.0,0.0,0.0,0.0,0.0,0.0,0.0,0.0,0.0,0.9259259259999999
1922,GEO,Georgia,41788,Healthy life expectancy,Index,0.0,0.0,0.0,0.0,0.0,0.0,0.0,0.0,0.0,0.0,0.0,1.06
2169,HRV,Croatia,28163,Global Gender Gap Health and Survival Subindex,Index,0.9791,0.9791,0.9791,0.9791,0.9796,0.9796,0.9791,0.9791,0.9791,0.9790000000000001,0.9790000000000001,0.98
2193,HRV,Croatia,41787,Sex ratio at birth,Index,0.0,0.0,0.0,0.0,0.0,0.0,0.0,0.0,0.0,0.0,0.0,0.9440000000000001
2194,HRV,Croatia,41788,Healthy life expectancy,Index,0.0,0.0,0.0,0.0,0.0,0.0,0.0,0.0,0.0,0.0,0.0,1.06
2207,HUN,Hungary,28163,Global Gender Gap Health and Survival Subindex,Index,0.9791,0.9791,0.9791,0.9791,0.9779,0.9796,0.9791,0.9791,0.9791,0.9790000000000001,0.9790000000000001,0.9790000000000001
2231,HUN,Hungary,41787,Sex ratio at birth,Index,0.0,0.0,0.0,0.0,0.0,0.0,0.0,0.0,0.0,0.0,0.0,0.943396226
2232,HUN,Hungary,41788,Healthy life expectancy,Index,0.0,0.0,0.0,0.0,0.0,0.0,0.0,0.0,0.0,0.0,0.0,1.06
2651,KAZ,Kazakhstan,28163,Global Gender Gap Health and Survival Subindex,Index,0.9791,0.9791,0.9791,0.9791,0.9796,0.9796,0.9796,0.9796,0.9796,0.98,0.98,0.9790000000000001
2675,KAZ,Kazakhstan,41787,Sex ratio at birth,Index,0.0,0.0,0.0,0.0,0.0,0.0,0.0,0.0,0.0,0.0,0.0,0.943396226
2676,KAZ,Kazakhstan,41788,Healthy life expectancy,Index,0.0,0.0,0.0,0.0,0.0,0.0,0.0,0.0,0.0,0.0,0.0,1.06
2723,KGZ,Kyrgyz Republic,28163,Global Gender Gap Health and Survival Subindex,Index,0.9796,0.9796,0.9796,0.9796,0.9796,0.9796,0.973,0.973,0.973,0.973,0.973,0.98
2747,KGZ,Kyrgyz Republic,41787,Sex ratio at birth,Index,0.0,0.0,0.0,0.0,0.0,0.0,0.0,0.0,0.0,0.0,0.0,0.9440000000000001
2748,KGZ,Kyrgyz Republic,41788,Healthy life expectancy,Index,0.0,0.0,0.0,0.0,0.0,0.0,0.0,0.0,0.0,0.0,0.0,1.06
3065,LTU,Lithuania,28163,Global Gender Gap Health and Survival Subindex,Index,0.9791,0.9791,0.9791,0.9791,0.9796,0.9796,0.9791,0.9791,0.9791,0.9790000000000001,0.9790000000000001,0.98
3089,LTU,Lithuania,41787,Sex ratio at birth,Index,0.0,0.0,0.0,0.0,0.0,0.0,0.0,0.0,0.0,0.0,0.0,0.9440000000000001
3090,LTU,Lithuania,41788,Healthy life expectancy,Index,0.0,0.0,0.0,0.0,0.0,0.0,0.0,0.0,0.0,0.0,0.0,1.06
3141,LVA,Latvia,28163,Global Gender Gap Health and Survival Subindex,Index,0.9796,0.9796,0.9796,0.9796,0.9796,0.9796,0.9796,0.9796,0.9796,0.98,0.98,0.98
3165,LVA,Latvia,41787,Sex ratio at birth,Index,0.0,0.0,0.0,0.0,0.0,0.0,0.0,0.0,0.0,0.0,0.0,0.9440000000000001
3166,LVA,Latvia,41788,Healthy life expectancy,Index,0.0,0.0,0.0,0.0,0.0,0.0,0.0,0.0,0.0,0.0,0.0,1.06
3217,MDA,Moldova,28163,Global Gender Gap Health and Survival Subindex,Index,0.9796,0.9791,0.9791,0.9791,0.9796,0.9796,0.9791,0.9791,0.9791,0.9790000000000001,0.9790000000000001,0.98
3241,MDA,Moldova,41787,Sex ratio at birth,Index,0.0,0.0,0.0,0.0,0.0,0.0,0.0,0.0,0.0,0.0,0.0,0.9440000000000001
3242,MDA,Moldova,41788,Healthy life expectancy,Index,0.0,0.0,0.0,0.0,0.0,0.0,0.0,0.0,0.0,0.0,0.0,1.06
3363,MKD,"Macedonia, FYR",28163,Global Gender Gap Health and Survival Subindex,Index,0.9640000000000001,0.9635,0.9635,0.9635,0.9551,0.9551,0.9533,0.9533,0.9628,0.9670000000000001,0.9670000000000001,0.976
3385,MKD,"Macedonia, FYR",41787,Sex ratio at birth,Index,0.0,0.0,0.0,0.0,0.0,0.0,0.0,0.0,0.0,0.0,0.0,0.9440000000000001
3386,MKD,"Macedonia, FYR",41788,Healthy life expectancy,Index,0.0,0.0,0.0,0.0,0.0,0.0,0.0,0.0,0.0,0.0,0.0,1.047112462
3511,MNE,Montenegro,28163,Global Gender Gap Health and Survival Subindex,Index,0.0,0.0,0.0,0.0,0.0,0.0,0.0,0.0,0.9641,0.975,0.975,0.9790000000000001
3535,MNE,Montenegro,41787,Sex ratio at birth,Index,0.0,0.0,0.0,0.0,0.0,0.0,0.0,0.0,0.0,0.0,0.0,0.943396226
3536,MNE,Montenegro,41788,Healthy life expectancy,Index,0.0,0.0,0.0,0.0,0.0,0.0,0.0,0.0,0.0,0.0,0.0,1.06
4225,POL,Poland,28163,Global Gender Gap Health and Survival Subindex,Index,0.9791,0.9791,0.9791,0.9791,0.9785,0.9785,0.9791,0.9791,0.9791,0.9790000000000001,0.9790000000000001,0.98
4249,POL,Poland,41787,Sex ratio at birth,Index,0.0,0.0,0.0,0.0,0.0,0.0,0.0,0.0,0.0,0.0,0.0,0.9440000000000001
4250,POL,Poland,41788,Healthy life expectancy,Index,0.0,0.0,0.0,0.0,0.0,0.0,0.0,0.0,0.0,0.0,0.0,1.06
4377,ROU,Romania,28163,Global Gender Gap Health and Survival Subindex,Index,0.9791,0.9791,0.9791,0.9791,0.9773,0.9791,0.9791,0.9791,0.9791,0.9790000000000001,0.9790000000000001,0.98
4401,ROU,Romania,41787,Sex ratio at birth,Index,0.0,0.0,0.0,0.0,0.0,0.0,0.0,0.0,0.0,0.0,0.0,0.9440000000000001
4402,ROU,Romania,41788,Healthy life expectancy,Index,0.0,0.0,0.0,0.0,0.0,0.0,0.0,0.0,0.0,0.0,0.0,1.06
4415,RUS,Russian Federation,28163,Global Gender Gap Health and Survival Subindex,Index,0.9791,0.9791,0.9791,0.9791,0.9791,0.9791,0.9791,0.9791,0.9791,0.9790000000000001,0.9790000000000001,0.98
4439,RUS,Russian Federation,41787,Sex ratio at birth,Index,0.0,0.0,0.0,0.0,0.0,0.0,0.0,0.0,0.0,0.0,0.0,0.9440000000000001
4440,RUS,Russian Federation,41788,Healthy life expectancy,Index,0.0,0.0,0.0,0.0,0.0,0.0,0.0,0.0,0.0,0.0,0.0,1.06
4677,SRB,Serbia,28163,Global Gender Gap Health and Survival Subindex,Index,0.0,0.0,0.0,0.0,0.0,0.0,0.9703,0.9642,0.973,0.973,0.973,0.98
4701,SRB,Serbia,41787,Sex ratio at birth,Index,0.0,0.0,0.0,0.0,0.0,0.0,0.0,0.0,0.0,0.0,0.0,0.9440000000000001
4702,SRB,Serbia,41788,Healthy life expectancy,Index,0.0,0.0,0.0,0.0,0.0,0.0,0.0,0.0,0.0,0.0,0.0,1.06
4749,SVK,Slovak Republic,28163,Global Gender Gap Health and Survival Subindex,Index,0.9796,0.9796,0.9796,0.9796,0.9796,0.9796,0.9796,0.9796,0.973,0.973,0.973,0.98
4771,SVK,Slovak Republic,41787,Sex ratio at birth,Index,0.0,0.0,0.0,0.0,0.0,0.0,0.0,0.0,0.0,0.0,0.0,0.9440000000000001
4772,SVK,Slovak Republic,41788,Healthy life expectancy,Index,0.0,0.0,0.0,0.0,0.0,0.0,0.0,0.0,0.0,0.0,0.0,1.06
4785,SVN,Slovenia,28163,Global Gender Gap Health and Survival Subindex,Index,0.973,0.973,0.973,0.973,0.9755,0.9755,0.973,0.973,0.973,0.973,0.973,0.98
4809,SVN,Slovenia,41787,Sex ratio at birth,Index,0.0,0.0,0.0,0.0,0.0,0.0,0.0,0.0,0.0,0.0,0.0,0.9440000000000001
4810,SVN,Slovenia,41788,Healthy life expectancy,Index,0.0,0.0,0.0,0.0,0.0,0.0,0.0,0.0,0.0,0.0,0.0,1.06
5039,TJK,Tajikistan,28163,Global Gender Gap Health and Survival Subindex,Index,0.0,0.9785,0.9785,0.9785,0.9559,0.9559,0.9559,0.9559,0.9664,0.966,0.966,0.976
5063,TJK,Tajikistan,41787,Sex ratio at birth,Index,0.0,0.0,0.0,0.0,0.0,0.0,0.0,0.0,0.0,0.0,0.0,0.9389671359999999
5064,TJK,Tajikistan,41788,Healthy life expectancy,Index,0.0,0.0,0.0,0.0,0.0,0.0,0.0,0.0,0.0,0.0,0.0,1.05834684
5277,UKR,Ukraine,28163,Global Gender Gap Health and Survival Subindex,Index,0.9796,0.973,0.9791,0.9791,0.9761,0.9761,0.9791,0.973,0.973,0.9790000000000001,0.9790000000000001,0.978
5301,UKR,Ukraine,41787,Sex ratio at birth,Index,0.0,0.0,0.0,0.0,0.0,0.0,0.0,0.0,0.0,0.0,0.0,0.941619586
5302,UKR,Ukraine,41788,Healthy life expectancy,Index,0.0,0.0,0.0,0.0,0.0,0.0,0.0,0.0,0.0,0.0,0.0,1.06
