,Country ISO3,Country Name,Indicator Id,Indicator,Subindicator Type,2006,2007,2008,2009,2010,2011,2012,2013,2014,2015,2016,2018
43,ALB,Albania,28159,Global Gender Gap Economic Participation and Opportunity Subindex,Index,0.6613,0.6885,0.6491,0.6532,0.6808,0.7129,0.6663,0.6324,0.6534,0.6709999999999999,0.6679999999999999,0.701
63,ALB,Albania,41779,Labour force participation,Index,0.0,0.0,0.0,0.0,0.0,0.0,0.0,0.0,0.0,0.0,0.0,0.746308725
64,ALB,Albania,41780,"Estimated earned income (PPP, US$)",Index,0.0,0.0,0.0,0.0,0.0,0.0,0.0,0.0,0.0,0.0,0.0,0.6299927879999999
65,ALB,Albania,41781,"Legislators, senior officials and managers",Index,0.0,0.0,0.0,0.0,0.0,0.0,0.0,0.0,0.0,0.0,0.0,0.292109069
66,ALB,Albania,41782,Professional and technical workers,Index,0.0,0.0,0.0,0.0,0.0,0.0,0.0,0.0,0.0,0.0,0.0,1.0
74,ALB,Albania,41790,Women in ministerial positions,Index,0.0,0.0,0.0,0.0,0.0,0.0,0.0,0.0,0.0,0.0,0.0,0.666666667
155,ARM,Armenia,28159,Global Gender Gap Economic Participation and Opportunity Subindex,Index,0.0,0.7211,0.6969,0.6712,0.669,0.6579999999999999,0.6446,0.6384,0.6478,0.664,0.6709999999999999,0.675
175,ARM,Armenia,41779,Labour force participation,Index,0.0,0.0,0.0,0.0,0.0,0.0,0.0,0.0,0.0,0.0,0.0,0.7622192870000001
176,ARM,Armenia,41780,"Estimated earned income (PPP, US$)",Index,0.0,0.0,0.0,0.0,0.0,0.0,0.0,0.0,0.0,0.0,0.0,0.5447125110000001
177,ARM,Armenia,41781,"Legislators, senior officials and managers",Index,0.0,0.0,0.0,0.0,0.0,0.0,0.0,0.0,0.0,0.0,0.0,0.418856503
178,ARM,Armenia,41782,Professional and technical workers,Index,0.0,0.0,0.0,0.0,0.0,0.0,0.0,0.0,0.0,0.0,0.0,1.0
186,ARM,Armenia,41790,Women in ministerial positions,Index,0.0,0.0,0.0,0.0,0.0,0.0,0.0,0.0,0.0,0.0,0.0,0.125
267,AZE,Azerbaijan,28159,Global Gender Gap Economic Participation and Opportunity Subindex,Index,0.0,0.7319,0.7863,0.6863,0.6352,0.642,0.6489,0.6591,0.7087,0.701,0.728,0.716
287,AZE,Azerbaijan,41779,Labour force participation,Index,0.0,0.0,0.0,0.0,0.0,0.0,0.0,0.0,0.0,0.0,0.0,0.928281461
288,AZE,Azerbaijan,41780,"Estimated earned income (PPP, US$)",Index,0.0,0.0,0.0,0.0,0.0,0.0,0.0,0.0,0.0,0.0,0.0,0.47824770899999997
289,AZE,Azerbaijan,41781,"Legislators, senior officials and managers",Index,0.0,0.0,0.0,0.0,0.0,0.0,0.0,0.0,0.0,0.0,0.0,0.526538855
290,AZE,Azerbaijan,41782,Professional and technical workers,Index,0.0,0.0,0.0,0.0,0.0,0.0,0.0,0.0,0.0,0.0,0.0,1.0
298,AZE,Azerbaijan,41790,Women in ministerial positions,Index,0.0,0.0,0.0,0.0,0.0,0.0,0.0,0.0,0.0,0.0,0.0,0.0
491,BGR,Bulgaria,28159,Global Gender Gap Economic Participation and Opportunity Subindex,Index,0.6132,0.6992,0.6975,0.6935,0.6843,0.6867,0.696,0.7067,0.7288,0.701,0.716,0.708
511,BGR,Bulgaria,41779,Labour force participation,Index,0.0,0.0,0.0,0.0,0.0,0.0,0.0,0.0,0.0,0.0,0.0,0.8905608759999999
512,BGR,Bulgaria,41780,"Estimated earned income (PPP, US$)",Index,0.0,0.0,0.0,0.0,0.0,0.0,0.0,0.0,0.0,0.0,0.0,0.658838534
513,BGR,Bulgaria,41781,"Legislators, senior officials and managers",Index,0.0,0.0,0.0,0.0,0.0,0.0,0.0,0.0,0.0,0.0,0.0,0.644493466
514,BGR,Bulgaria,41782,Professional and technical workers,Index,0.0,0.0,0.0,0.0,0.0,0.0,0.0,0.0,0.0,0.0,0.0,1.0
522,BGR,Bulgaria,41790,Women in ministerial positions,Index,0.0,0.0,0.0,0.0,0.0,0.0,0.0,0.0,0.0,0.0,0.0,1.0
599,BIH,Bosnia and Herzegovina,28159,Global Gender Gap Economic Participation and Opportunity Subindex,Index,0.0,0.0,0.0,0.0,0.0,0.0,0.0,0.0,0.0,0.0,0.581,0.599
617,BIH,Bosnia and Herzegovina,41779,Labour force participation,Index,0.0,0.0,0.0,0.0,0.0,0.0,0.0,0.0,0.0,0.0,0.0,0.642960813
618,BIH,Bosnia and Herzegovina,41780,"Estimated earned income (PPP, US$)",Index,0.0,0.0,0.0,0.0,0.0,0.0,0.0,0.0,0.0,0.0,0.0,0.518372579
619,BIH,Bosnia and Herzegovina,41781,"Legislators, senior officials and managers",Index,0.0,0.0,0.0,0.0,0.0,0.0,0.0,0.0,0.0,0.0,0.0,0.28204288899999996
620,BIH,Bosnia and Herzegovina,41782,Professional and technical workers,Index,0.0,0.0,0.0,0.0,0.0,0.0,0.0,0.0,0.0,0.0,0.0,0.9678455779999999
626,BIH,Bosnia and Herzegovina,41790,Women in ministerial positions,Index,0.0,0.0,0.0,0.0,0.0,0.0,0.0,0.0,0.0,0.0,0.0,0.28571428600000004
633,BLR,Belarus,28159,Global Gender Gap Economic Participation and Opportunity Subindex,Index,0.0,0.7282,0.726,0.7256,0.0,0.0,0.0,0.0,0.8203,0.813,0.823,0.838
651,BLR,Belarus,41779,Labour force participation,Index,0.0,0.0,0.0,0.0,0.0,0.0,0.0,0.0,0.0,0.0,0.0,0.9279503109999999
652,BLR,Belarus,41780,"Estimated earned income (PPP, US$)",Index,0.0,0.0,0.0,0.0,0.0,0.0,0.0,0.0,0.0,0.0,0.0,0.620065028
653,BLR,Belarus,41781,"Legislators, senior officials and managers",Index,0.0,0.0,0.0,0.0,0.0,0.0,0.0,0.0,0.0,0.0,0.0,0.9082921009999999
654,BLR,Belarus,41782,Professional and technical workers,Index,0.0,0.0,0.0,0.0,0.0,0.0,0.0,0.0,0.0,0.0,0.0,1.0
662,BLR,Belarus,41790,Women in ministerial positions,Index,0.0,0.0,0.0,0.0,0.0,0.0,0.0,0.0,0.0,0.0,0.0,0.037037037
1369,CZE,Czech Republic,28159,Global Gender Gap Economic Participation and Opportunity Subindex,Index,0.627,0.6295,0.6366,0.6443,0.6205,0.5961,0.6026,0.6039,0.6216,0.636,0.647,0.6509999999999999
1388,CZE,Czech Republic,41779,Labour force participation,Index,0.0,0.0,0.0,0.0,0.0,0.0,0.0,0.0,0.0,0.0,0.0,0.826666667
1389,CZE,Czech Republic,41780,"Estimated earned income (PPP, US$)",Index,0.0,0.0,0.0,0.0,0.0,0.0,0.0,0.0,0.0,0.0,0.0,0.606266995
1390,CZE,Czech Republic,41781,"Legislators, senior officials and managers",Index,0.0,0.0,0.0,0.0,0.0,0.0,0.0,0.0,0.0,0.0,0.0,0.327047714
1391,CZE,Czech Republic,41782,Professional and technical workers,Index,0.0,0.0,0.0,0.0,0.0,0.0,0.0,0.0,0.0,0.0,0.0,0.94347409
1398,CZE,Czech Republic,41790,Women in ministerial positions,Index,0.0,0.0,0.0,0.0,0.0,0.0,0.0,0.0,0.0,0.0,0.0,0.214285714
1669,EST,Estonia,28159,Global Gender Gap Economic Participation and Opportunity Subindex,Index,0.6824,0.6935,0.7004,0.705,0.7193,0.7201,0.7193,0.7228,0.7055,0.711,0.703,0.7290000000000001
1689,EST,Estonia,41779,Labour force participation,Index,0.0,0.0,0.0,0.0,0.0,0.0,0.0,0.0,0.0,0.0,0.0,0.8998779
1690,EST,Estonia,41780,"Estimated earned income (PPP, US$)",Index,0.0,0.0,0.0,0.0,0.0,0.0,0.0,0.0,0.0,0.0,0.0,0.58406275
1691,EST,Estonia,41781,"Legislators, senior officials and managers",Index,0.0,0.0,0.0,0.0,0.0,0.0,0.0,0.0,0.0,0.0,0.0,0.626383619
1692,EST,Estonia,41782,Professional and technical workers,Index,0.0,0.0,0.0,0.0,0.0,0.0,0.0,0.0,0.0,0.0,0.0,1.0
1700,EST,Estonia,41790,Women in ministerial positions,Index,0.0,0.0,0.0,0.0,0.0,0.0,0.0,0.0,0.0,0.0,0.0,0.4
1893,GEO,Georgia,28159,Global Gender Gap Economic Participation and Opportunity Subindex,Index,0.6565,0.6304,0.635,0.6753,0.6751,0.6725,0.6766,0.6741,0.6751,0.6920000000000001,0.679,0.654
1913,GEO,Georgia,41779,Labour force participation,Index,0.0,0.0,0.0,0.0,0.0,0.0,0.0,0.0,0.0,0.0,0.0,0.759615385
1914,GEO,Georgia,41780,"Estimated earned income (PPP, US$)",Index,0.0,0.0,0.0,0.0,0.0,0.0,0.0,0.0,0.0,0.0,0.0,0.499188151
1915,GEO,Georgia,41781,"Legislators, senior officials and managers",Index,0.0,0.0,0.0,0.0,0.0,0.0,0.0,0.0,0.0,0.0,0.0,0.470588235
1916,GEO,Georgia,41782,Professional and technical workers,Index,0.0,0.0,0.0,0.0,0.0,0.0,0.0,0.0,0.0,0.0,0.0,1.0
1924,GEO,Georgia,41790,Women in ministerial positions,Index,0.0,0.0,0.0,0.0,0.0,0.0,0.0,0.0,0.0,0.0,0.0,0.125
2165,HRV,Croatia,28159,Global Gender Gap Economic Participation and Opportunity Subindex,Index,0.6507,0.6783,0.6554,0.6458,0.6606,0.6676,0.6691,0.6753,0.6753,0.664,0.672,0.6809999999999999
2185,HRV,Croatia,41779,Labour force participation,Index,0.0,0.0,0.0,0.0,0.0,0.0,0.0,0.0,0.0,0.0,0.0,0.8695035459999999
2186,HRV,Croatia,41780,"Estimated earned income (PPP, US$)",Index,0.0,0.0,0.0,0.0,0.0,0.0,0.0,0.0,0.0,0.0,0.0,0.726839226
2187,HRV,Croatia,41781,"Legislators, senior officials and managers",Index,0.0,0.0,0.0,0.0,0.0,0.0,0.0,0.0,0.0,0.0,0.0,0.409532324
2188,HRV,Croatia,41782,Professional and technical workers,Index,0.0,0.0,0.0,0.0,0.0,0.0,0.0,0.0,0.0,0.0,0.0,1.0
2196,HRV,Croatia,41790,Women in ministerial positions,Index,0.0,0.0,0.0,0.0,0.0,0.0,0.0,0.0,0.0,0.0,0.0,0.25
2203,HUN,Hungary,28159,Global Gender Gap Economic Participation and Opportunity Subindex,Index,0.6402,0.653,0.6687,0.6738,0.6894,0.6537,0.6591,0.6677,0.6683,0.685,0.672,0.68
2223,HUN,Hungary,41779,Labour force participation,Index,0.0,0.0,0.0,0.0,0.0,0.0,0.0,0.0,0.0,0.0,0.0,0.828348505
2224,HUN,Hungary,41780,"Estimated earned income (PPP, US$)",Index,0.0,0.0,0.0,0.0,0.0,0.0,0.0,0.0,0.0,0.0,0.0,0.620733205
2225,HUN,Hungary,41781,"Legislators, senior officials and managers",Index,0.0,0.0,0.0,0.0,0.0,0.0,0.0,0.0,0.0,0.0,0.0,0.649012465
2226,HUN,Hungary,41782,Professional and technical workers,Index,0.0,0.0,0.0,0.0,0.0,0.0,0.0,0.0,0.0,0.0,0.0,1.0
2234,HUN,Hungary,41790,Women in ministerial positions,Index,0.0,0.0,0.0,0.0,0.0,0.0,0.0,0.0,0.0,0.0,0.0,0.0
2647,KAZ,Kazakhstan,28159,Global Gender Gap Economic Participation and Opportunity Subindex,Index,0.7133,0.7366,0.7413,0.7566,0.7633,0.7491,0.7675,0.7706,0.7414,0.7490000000000001,0.745,0.741
2667,KAZ,Kazakhstan,41779,Labour force participation,Index,0.0,0.0,0.0,0.0,0.0,0.0,0.0,0.0,0.0,0.0,0.0,0.890096618
2668,KAZ,Kazakhstan,41780,"Estimated earned income (PPP, US$)",Index,0.0,0.0,0.0,0.0,0.0,0.0,0.0,0.0,0.0,0.0,0.0,0.594128179
2669,KAZ,Kazakhstan,41781,"Legislators, senior officials and managers",Index,0.0,0.0,0.0,0.0,0.0,0.0,0.0,0.0,0.0,0.0,0.0,0.588837866
2670,KAZ,Kazakhstan,41782,Professional and technical workers,Index,0.0,0.0,0.0,0.0,0.0,0.0,0.0,0.0,0.0,0.0,0.0,1.0
2678,KAZ,Kazakhstan,41790,Women in ministerial positions,Index,0.0,0.0,0.0,0.0,0.0,0.0,0.0,0.0,0.0,0.0,0.0,0.058823529000000006
2719,KGZ,Kyrgyz Republic,28159,Global Gender Gap Economic Participation and Opportunity Subindex,Index,0.6865,0.6529,0.6816,0.6866,0.6796,0.7071,0.7039,0.6789,0.6801,0.6579999999999999,0.6509999999999999,0.662
2739,KGZ,Kyrgyz Republic,41779,Labour force participation,Index,0.0,0.0,0.0,0.0,0.0,0.0,0.0,0.0,0.0,0.0,0.0,0.653603034
2740,KGZ,Kyrgyz Republic,41780,"Estimated earned income (PPP, US$)",Index,0.0,0.0,0.0,0.0,0.0,0.0,0.0,0.0,0.0,0.0,0.0,0.48093746200000004
2741,KGZ,Kyrgyz Republic,41781,"Legislators, senior officials and managers",Index,0.0,0.0,0.0,0.0,0.0,0.0,0.0,0.0,0.0,0.0,0.0,0.5675555720000001
2742,KGZ,Kyrgyz Republic,41782,Professional and technical workers,Index,0.0,0.0,0.0,0.0,0.0,0.0,0.0,0.0,0.0,0.0,0.0,1.0
2750,KGZ,Kyrgyz Republic,41790,Women in ministerial positions,Index,0.0,0.0,0.0,0.0,0.0,0.0,0.0,0.0,0.0,0.0,0.0,0.166666667
3061,LTU,Lithuania,28159,Global Gender Gap Economic Participation and Opportunity Subindex,Index,0.7133,0.7612,0.7421,0.7481,0.7555,0.7440000000000001,0.7551,0.7688,0.7384,0.759,0.757,0.765
3081,LTU,Lithuania,41779,Labour force participation,Index,0.0,0.0,0.0,0.0,0.0,0.0,0.0,0.0,0.0,0.0,0.0,0.9611398959999999
3082,LTU,Lithuania,41780,"Estimated earned income (PPP, US$)",Index,0.0,0.0,0.0,0.0,0.0,0.0,0.0,0.0,0.0,0.0,0.0,0.723862832
3083,LTU,Lithuania,41781,"Legislators, senior officials and managers",Index,0.0,0.0,0.0,0.0,0.0,0.0,0.0,0.0,0.0,0.0,0.0,0.6477546279999999
3084,LTU,Lithuania,41782,Professional and technical workers,Index,0.0,0.0,0.0,0.0,0.0,0.0,0.0,0.0,0.0,0.0,0.0,1.0
3092,LTU,Lithuania,41790,Women in ministerial positions,Index,0.0,0.0,0.0,0.0,0.0,0.0,0.0,0.0,0.0,0.0,0.0,0.272727273
3137,LVA,Latvia,28159,Global Gender Gap Economic Participation and Opportunity Subindex,Index,0.7051,0.7344,0.7458,0.7535,0.7516,0.7498,0.7618,0.7767,0.7931,0.784,0.785,0.807
3157,LVA,Latvia,41779,Labour force participation,Index,0.0,0.0,0.0,0.0,0.0,0.0,0.0,0.0,0.0,0.0,0.0,0.9417721520000001
3158,LVA,Latvia,41780,"Estimated earned income (PPP, US$)",Index,0.0,0.0,0.0,0.0,0.0,0.0,0.0,0.0,0.0,0.0,0.0,0.7068745809999999
3159,LVA,Latvia,41781,"Legislators, senior officials and managers",Index,0.0,0.0,0.0,0.0,0.0,0.0,0.0,0.0,0.0,0.0,0.0,0.860953648
3160,LVA,Latvia,41782,Professional and technical workers,Index,0.0,0.0,0.0,0.0,0.0,0.0,0.0,0.0,0.0,0.0,0.0,1.0
3168,LVA,Latvia,41790,Women in ministerial positions,Index,0.0,0.0,0.0,0.0,0.0,0.0,0.0,0.0,0.0,0.0,0.0,0.3
3213,MDA,Moldova,28159,Global Gender Gap Economic Participation and Opportunity Subindex,Index,0.7604,0.7785,0.8017,0.7323,0.7707,0.7641,0.7608,0.7407,0.8077,0.797,0.795,0.785
3233,MDA,Moldova,41779,Labour force participation,Index,0.0,0.0,0.0,0.0,0.0,0.0,0.0,0.0,0.0,0.0,0.0,0.914807302
3234,MDA,Moldova,41780,"Estimated earned income (PPP, US$)",Index,0.0,0.0,0.0,0.0,0.0,0.0,0.0,0.0,0.0,0.0,0.0,0.749192009
3235,MDA,Moldova,41781,"Legislators, senior officials and managers",Index,0.0,0.0,0.0,0.0,0.0,0.0,0.0,0.0,0.0,0.0,0.0,0.7251171809999999
3236,MDA,Moldova,41782,Professional and technical workers,Index,0.0,0.0,0.0,0.0,0.0,0.0,0.0,0.0,0.0,0.0,0.0,1.0
3244,MDA,Moldova,41790,Women in ministerial positions,Index,0.0,0.0,0.0,0.0,0.0,0.0,0.0,0.0,0.0,0.0,0.0,0.28571428600000004
3359,MKD,"Macedonia, FYR",28159,Global Gender Gap Economic Participation and Opportunity Subindex,Index,0.6707,0.6653,0.6466,0.6656,0.6775,0.6761,0.665,0.6611,0.6511,0.6709999999999999,0.6579999999999999,0.62
3378,MKD,"Macedonia, FYR",41779,Labour force participation,Index,0.0,0.0,0.0,0.0,0.0,0.0,0.0,0.0,0.0,0.0,0.0,0.655128205
3379,MKD,"Macedonia, FYR",41780,"Estimated earned income (PPP, US$)",Index,0.0,0.0,0.0,0.0,0.0,0.0,0.0,0.0,0.0,0.0,0.0,0.597022762
3380,MKD,"Macedonia, FYR",41781,"Legislators, senior officials and managers",Index,0.0,0.0,0.0,0.0,0.0,0.0,0.0,0.0,0.0,0.0,0.0,0.31549365
3381,MKD,"Macedonia, FYR",41782,Professional and technical workers,Index,0.0,0.0,0.0,0.0,0.0,0.0,0.0,0.0,0.0,0.0,0.0,1.0
3388,MKD,"Macedonia, FYR",41790,Women in ministerial positions,Index,0.0,0.0,0.0,0.0,0.0,0.0,0.0,0.0,0.0,0.0,0.0,0.19047619
3507,MNE,Montenegro,28159,Global Gender Gap Economic Participation and Opportunity Subindex,Index,0.0,0.0,0.0,0.0,0.0,0.0,0.0,0.0,0.7109,0.67,0.647,0.696
3527,MNE,Montenegro,41779,Labour force participation,Index,0.0,0.0,0.0,0.0,0.0,0.0,0.0,0.0,0.0,0.0,0.0,0.8121118009999999
3528,MNE,Montenegro,41780,"Estimated earned income (PPP, US$)",Index,0.0,0.0,0.0,0.0,0.0,0.0,0.0,0.0,0.0,0.0,0.0,0.691943923
3529,MNE,Montenegro,41781,"Legislators, senior officials and managers",Index,0.0,0.0,0.0,0.0,0.0,0.0,0.0,0.0,0.0,0.0,0.0,0.28439151100000004
3530,MNE,Montenegro,41782,Professional and technical workers,Index,0.0,0.0,0.0,0.0,0.0,0.0,0.0,0.0,0.0,0.0,0.0,1.0
3538,MNE,Montenegro,41790,Women in ministerial positions,Index,0.0,0.0,0.0,0.0,0.0,0.0,0.0,0.0,0.0,0.0,0.0,0.25
4221,POL,Poland,28159,Global Gender Gap Economic Participation and Opportunity Subindex,Index,0.6352,0.6167,0.6238,0.6426,0.6526,0.653,0.6503,0.6563,0.6808,0.667,0.69,0.706
4241,POL,Poland,41779,Labour force participation,Index,0.0,0.0,0.0,0.0,0.0,0.0,0.0,0.0,0.0,0.0,0.0,0.821287779
4242,POL,Poland,41780,"Estimated earned income (PPP, US$)",Index,0.0,0.0,0.0,0.0,0.0,0.0,0.0,0.0,0.0,0.0,0.0,0.648446186
4243,POL,Poland,41781,"Legislators, senior officials and managers",Index,0.0,0.0,0.0,0.0,0.0,0.0,0.0,0.0,0.0,0.0,0.0,0.702019625
4244,POL,Poland,41782,Professional and technical workers,Index,0.0,0.0,0.0,0.0,0.0,0.0,0.0,0.0,0.0,0.0,0.0,1.0
4252,POL,Poland,41790,Women in ministerial positions,Index,0.0,0.0,0.0,0.0,0.0,0.0,0.0,0.0,0.0,0.0,0.0,0.294117647
4373,ROU,Romania,28159,Global Gender Gap Economic Participation and Opportunity Subindex,Index,0.6725,0.6974,0.7001,0.7121,0.7081,0.6943,0.6815,0.6928,0.6825,0.708,0.6990000000000001,0.705
4393,ROU,Romania,41779,Labour force participation,Index,0.0,0.0,0.0,0.0,0.0,0.0,0.0,0.0,0.0,0.0,0.0,0.752010724
4394,ROU,Romania,41780,"Estimated earned income (PPP, US$)",Index,0.0,0.0,0.0,0.0,0.0,0.0,0.0,0.0,0.0,0.0,0.0,0.7000155920000001
4395,ROU,Romania,41781,"Legislators, senior officials and managers",Index,0.0,0.0,0.0,0.0,0.0,0.0,0.0,0.0,0.0,0.0,0.0,0.43608389700000005
4396,ROU,Romania,41782,Professional and technical workers,Index,0.0,0.0,0.0,0.0,0.0,0.0,0.0,0.0,0.0,0.0,0.0,1.0
4404,ROU,Romania,41790,Women in ministerial positions,Index,0.0,0.0,0.0,0.0,0.0,0.0,0.0,0.0,0.0,0.0,0.0,0.31578947399999996
4411,RUS,Russian Federation,28159,Global Gender Gap Economic Participation and Opportunity Subindex,Index,0.6963,0.7346,0.7426,0.74,0.736,0.7373,0.7197,0.7204,0.7257,0.731,0.722,0.741
4431,RUS,Russian Federation,41779,Labour force participation,Index,0.0,0.0,0.0,0.0,0.0,0.0,0.0,0.0,0.0,0.0,0.0,0.8625
4432,RUS,Russian Federation,41780,"Estimated earned income (PPP, US$)",Index,0.0,0.0,0.0,0.0,0.0,0.0,0.0,0.0,0.0,0.0,0.0,0.5896338729999999
4433,RUS,Russian Federation,41781,"Legislators, senior officials and managers",Index,0.0,0.0,0.0,0.0,0.0,0.0,0.0,0.0,0.0,0.0,0.0,0.7039022229999999
4434,RUS,Russian Federation,41782,Professional and technical workers,Index,0.0,0.0,0.0,0.0,0.0,0.0,0.0,0.0,0.0,0.0,0.0,1.0
4442,RUS,Russian Federation,41790,Women in ministerial positions,Index,0.0,0.0,0.0,0.0,0.0,0.0,0.0,0.0,0.0,0.0,0.0,0.107142857
4673,SRB,Serbia,28159,Global Gender Gap Economic Participation and Opportunity Subindex,Index,0.0,0.0,0.0,0.0,0.0,0.0,0.6596,0.6791,0.6704,0.669,0.67,0.672
4693,SRB,Serbia,41779,Labour force participation,Index,0.0,0.0,0.0,0.0,0.0,0.0,0.0,0.0,0.0,0.0,0.0,0.801664355
4694,SRB,Serbia,41780,"Estimated earned income (PPP, US$)",Index,0.0,0.0,0.0,0.0,0.0,0.0,0.0,0.0,0.0,0.0,0.0,0.653225186
4695,SRB,Serbia,41781,"Legislators, senior officials and managers",Index,0.0,0.0,0.0,0.0,0.0,0.0,0.0,0.0,0.0,0.0,0.0,0.44284069299999995
4696,SRB,Serbia,41782,Professional and technical workers,Index,0.0,0.0,0.0,0.0,0.0,0.0,0.0,0.0,0.0,0.0,0.0,1.0
4704,SRB,Serbia,41790,Women in ministerial positions,Index,0.0,0.0,0.0,0.0,0.0,0.0,0.0,0.0,0.0,0.0,0.0,0.35714285700000004
4745,SVK,Slovak Republic,28159,Global Gender Gap Economic Participation and Opportunity Subindex,Index,0.6504,0.6666,0.638,0.6464,0.6375,0.6335,0.6282,0.635,0.6431,0.638,0.648,0.657
4764,SVK,Slovak Republic,41779,Labour force participation,Index,0.0,0.0,0.0,0.0,0.0,0.0,0.0,0.0,0.0,0.0,0.0,0.838216561
4765,SVK,Slovak Republic,41780,"Estimated earned income (PPP, US$)",Index,0.0,0.0,0.0,0.0,0.0,0.0,0.0,0.0,0.0,0.0,0.0,0.6016695639999999
4766,SVK,Slovak Republic,41781,"Legislators, senior officials and managers",Index,0.0,0.0,0.0,0.0,0.0,0.0,0.0,0.0,0.0,0.0,0.0,0.487312885
4767,SVK,Slovak Republic,41782,Professional and technical workers,Index,0.0,0.0,0.0,0.0,0.0,0.0,0.0,0.0,0.0,0.0,0.0,1.0
4774,SVK,Slovak Republic,41790,Women in ministerial positions,Index,0.0,0.0,0.0,0.0,0.0,0.0,0.0,0.0,0.0,0.0,0.0,0.166666667
4781,SVN,Slovenia,28159,Global Gender Gap Economic Participation and Opportunity Subindex,Index,0.6668,0.7049,0.7079,0.7211,0.7229,0.7205,0.7139,0.7189,0.7827,0.778,0.784,0.795
4801,SVN,Slovenia,41779,Labour force participation,Index,0.0,0.0,0.0,0.0,0.0,0.0,0.0,0.0,0.0,0.0,0.0,0.924629879
4802,SVN,Slovenia,41780,"Estimated earned income (PPP, US$)",Index,0.0,0.0,0.0,0.0,0.0,0.0,0.0,0.0,0.0,0.0,0.0,0.794142982
4803,SVN,Slovenia,41781,"Legislators, senior officials and managers",Index,0.0,0.0,0.0,0.0,0.0,0.0,0.0,0.0,0.0,0.0,0.0,0.700181037
4804,SVN,Slovenia,41782,Professional and technical workers,Index,0.0,0.0,0.0,0.0,0.0,0.0,0.0,0.0,0.0,0.0,0.0,1.0
4812,SVN,Slovenia,41790,Women in ministerial positions,Index,0.0,0.0,0.0,0.0,0.0,0.0,0.0,0.0,0.0,0.0,0.0,1.0
5035,TJK,Tajikistan,28159,Global Gender Gap Economic Participation and Opportunity Subindex,Index,0.0,0.7103,0.6891,0.7298,0.7087,0.6827,0.7115,0.7284,0.7007,0.7090000000000001,0.711,0.547
5055,TJK,Tajikistan,41779,Labour force participation,Index,0.0,0.0,0.0,0.0,0.0,0.0,0.0,0.0,0.0,0.0,0.0,0.629095675
5056,TJK,Tajikistan,41780,"Estimated earned income (PPP, US$)",Index,0.0,0.0,0.0,0.0,0.0,0.0,0.0,0.0,0.0,0.0,0.0,0.284320566
5057,TJK,Tajikistan,41781,"Legislators, senior officials and managers",Index,0.0,0.0,0.0,0.0,0.0,0.0,0.0,0.0,0.0,0.0,0.0,0.173684117
5058,TJK,Tajikistan,41782,Professional and technical workers,Index,0.0,0.0,0.0,0.0,0.0,0.0,0.0,0.0,0.0,0.0,0.0,0.698924122
5066,TJK,Tajikistan,41790,Women in ministerial positions,Index,0.0,0.0,0.0,0.0,0.0,0.0,0.0,0.0,0.0,0.0,0.0,0.0625
5273,UKR,Ukraine,28159,Global Gender Gap Economic Participation and Opportunity Subindex,Index,0.6909,0.7082,0.7139,0.72,0.7074,0.7037,0.7251,0.7426,0.7483,0.731,0.722,0.747
5293,UKR,Ukraine,41779,Labour force participation,Index,0.0,0.0,0.0,0.0,0.0,0.0,0.0,0.0,0.0,0.0,0.0,0.8285322359999999
5294,UKR,Ukraine,41780,"Estimated earned income (PPP, US$)",Index,0.0,0.0,0.0,0.0,0.0,0.0,0.0,0.0,0.0,0.0,0.0,0.630865714
5295,UKR,Ukraine,41781,"Legislators, senior officials and managers",Index,0.0,0.0,0.0,0.0,0.0,0.0,0.0,0.0,0.0,0.0,0.0,0.696524248
5296,UKR,Ukraine,41782,Professional and technical workers,Index,0.0,0.0,0.0,0.0,0.0,0.0,0.0,0.0,0.0,0.0,0.0,1.0
5304,UKR,Ukraine,41790,Women in ministerial positions,Index,0.0,0.0,0.0,0.0,0.0,0.0,0.0,0.0,0.0,0.0,0.0,0.15
