,Country ISO3,Country Name,Indicator Id,Indicator,Subindicator Type,2006,2007,2008,2009,2010,2011,2012,2013,2014,2015,2016,2018
195,AUS,Australia,28161,Global Gender Gap Educational Attainment Subindex,Index,1.0,1.0,1.0,1.0,1.0,1.0,1.0,1.0,1.0,1.0,1.0,1.0
217,AUS,Australia,41783,Literacy rate,Index,0.0,0.0,0.0,0.0,0.0,0.0,0.0,0.0,0.0,0.0,0.0,1.0
218,AUS,Australia,41784,Enrolment in primary education,Index,0.0,0.0,0.0,0.0,0.0,0.0,0.0,0.0,0.0,0.0,0.0,1.0
219,AUS,Australia,41785,Enrolment in secondary education,Index,0.0,0.0,0.0,0.0,0.0,0.0,0.0,0.0,0.0,0.0,0.0,1.0
220,AUS,Australia,41786,Enrolment in tertiary education,Index,0.0,0.0,0.0,0.0,0.0,0.0,0.0,0.0,0.0,0.0,0.0,1.0
1043,CHN,China,28161,Global Gender Gap Educational Attainment Subindex,Index,0.9574,0.9574,0.9778,0.9797,0.981,0.9815,0.9819,0.988,0.9855,0.988,0.9670000000000001,0.958
1064,CHN,China,41783,Literacy rate,Index,0.0,0.0,0.0,0.0,0.0,0.0,0.0,0.0,0.0,0.0,0.0,0.9510847720000001
1065,CHN,China,41785,Enrolment in secondary education,Index,0.0,0.0,0.0,0.0,0.0,0.0,0.0,0.0,0.0,0.0,0.0,0.9413420709999999
1066,CHN,China,41786,Enrolment in tertiary education,Index,0.0,0.0,0.0,0.0,0.0,0.0,0.0,0.0,0.0,0.0,0.0,1.0
1785,FJI,Fiji,28161,Global Gender Gap Educational Attainment Subindex,Index,0.0,0.0,0.0,0.991,0.9889,0.9893,0.9925,0.9925,0.9925,0.992,0.0,0.991
1804,FJI,Fiji,41783,Literacy rate,Index,0.0,0.0,0.0,0.0,0.0,0.0,0.0,0.0,0.0,0.0,0.0,0.9603753909999999
1805,FJI,Fiji,41784,Enrolment in primary education,Index,0.0,0.0,0.0,0.0,0.0,0.0,0.0,0.0,0.0,0.0,0.0,1.0
1806,FJI,Fiji,41785,Enrolment in secondary education,Index,0.0,0.0,0.0,0.0,0.0,0.0,0.0,0.0,0.0,0.0,0.0,1.0
2243,IDN,Indonesia,28161,Global Gender Gap Educational Attainment Subindex,Index,0.9488,0.9488,0.9445,0.9656,0.9640000000000001,0.9671,0.9734,0.9574,0.9890000000000001,0.986,0.987,0.9670000000000001
2265,IDN,Indonesia,41783,Literacy rate,Index,0.0,0.0,0.0,0.0,0.0,0.0,0.0,0.0,0.0,0.0,0.0,0.96308165
2266,IDN,Indonesia,41784,Enrolment in primary education,Index,0.0,0.0,0.0,0.0,0.0,0.0,0.0,0.0,0.0,0.0,0.0,0.9427802359999999
2267,IDN,Indonesia,41785,Enrolment in secondary education,Index,0.0,0.0,0.0,0.0,0.0,0.0,0.0,0.0,0.0,0.0,0.0,1.0
2268,IDN,Indonesia,41786,Enrolment in tertiary education,Index,0.0,0.0,0.0,0.0,0.0,0.0,0.0,0.0,0.0,0.0,0.0,1.0
2611,JPN,Japan,28161,Global Gender Gap Educational Attainment Subindex,Index,0.9864,0.9864,0.9854,0.9851,0.986,0.9862,0.9869,0.9757,0.9781,0.988,0.99,0.9940000000000001
2633,JPN,Japan,41783,Literacy rate,Index,0.0,0.0,0.0,0.0,0.0,0.0,0.0,0.0,0.0,0.0,0.0,1.0
2634,JPN,Japan,41784,Enrolment in primary education,Index,0.0,0.0,0.0,0.0,0.0,0.0,0.0,0.0,0.0,0.0,0.0,1.0
2635,JPN,Japan,41785,Enrolment in secondary education,Index,0.0,0.0,0.0,0.0,0.0,0.0,0.0,0.0,0.0,0.0,0.0,1.0
2636,JPN,Japan,41786,Enrolment in tertiary education,Index,0.0,0.0,0.0,0.0,0.0,0.0,0.0,0.0,0.0,0.0,0.0,0.951526836
2759,KHM,Cambodia,28161,Global Gender Gap Educational Attainment Subindex,Index,0.809,0.8451,0.8559,0.8568,0.8655,0.8651,0.8714,0.8811,0.8833,0.8909999999999999,0.897,0.938
2781,KHM,Cambodia,41783,Literacy rate,Index,0.0,0.0,0.0,0.0,0.0,0.0,0.0,0.0,0.0,0.0,0.0,0.867118389
2782,KHM,Cambodia,41784,Enrolment in primary education,Index,0.0,0.0,0.0,0.0,0.0,0.0,0.0,0.0,0.0,0.0,0.0,0.9953753890000001
2783,KHM,Cambodia,41785,Enrolment in secondary education,Index,0.0,0.0,0.0,0.0,0.0,0.0,0.0,0.0,0.0,0.0,0.0,0.9186518509999999
2784,KHM,Cambodia,41786,Enrolment in tertiary education,Index,0.0,0.0,0.0,0.0,0.0,0.0,0.0,0.0,0.0,0.0,0.0,0.8653704790000001
2797,KOR,"Korea, Rep.",28161,Global Gender Gap Educational Attainment Subindex,Index,0.948,0.9488,0.9366,0.8936,0.9466,0.9481,0.9592,0.9592,0.9648,0.965,0.9640000000000001,0.973
2819,KOR,"Korea, Rep.",41783,Literacy rate,Index,0.0,0.0,0.0,0.0,0.0,0.0,0.0,0.0,0.0,0.0,0.0,1.0
2820,KOR,"Korea, Rep.",41784,Enrolment in primary education,Index,0.0,0.0,0.0,0.0,0.0,0.0,0.0,0.0,0.0,0.0,0.0,1.0
2821,KOR,"Korea, Rep.",41785,Enrolment in secondary education,Index,0.0,0.0,0.0,0.0,0.0,0.0,0.0,0.0,0.0,0.0,0.0,1.0
2822,KOR,"Korea, Rep.",41786,Enrolment in tertiary education,Index,0.0,0.0,0.0,0.0,0.0,0.0,0.0,0.0,0.0,0.0,0.0,0.779942988
2873,LAO,Lao PDR,28161,Global Gender Gap Educational Attainment Subindex,Index,0.0,0.0,0.0,0.0,0.0,0.0,0.0,0.8948,0.9084,0.935,0.9440000000000001,0.968
2895,LAO,Lao PDR,41783,Literacy rate,Index,0.0,0.0,0.0,0.0,0.0,0.0,0.0,0.0,0.0,0.0,0.0,0.8825023390000001
2896,LAO,Lao PDR,41784,Enrolment in primary education,Index,0.0,0.0,0.0,0.0,0.0,0.0,0.0,0.0,0.0,0.0,0.0,0.989150071
2897,LAO,Lao PDR,41785,Enrolment in secondary education,Index,0.0,0.0,0.0,0.0,0.0,0.0,0.0,0.0,0.0,0.0,0.0,0.979632532
2898,LAO,Lao PDR,41786,Enrolment in tertiary education,Index,0.0,0.0,0.0,0.0,0.0,0.0,0.0,0.0,0.0,0.0,0.0,1.0
3473,MMR,Myanmar,28161,Global Gender Gap Educational Attainment Subindex,Index,0.0,0.0,0.0,0.0,0.0,0.0,0.0,0.0,0.0,0.0,0.0,0.976
3493,MMR,Myanmar,41783,Literacy rate,Index,0.0,0.0,0.0,0.0,0.0,0.0,0.0,0.0,0.0,0.0,0.0,0.897957283
3494,MMR,Myanmar,41784,Enrolment in primary education,Index,0.0,0.0,0.0,0.0,0.0,0.0,0.0,0.0,0.0,0.0,0.0,0.988891795
3495,MMR,Myanmar,41785,Enrolment in secondary education,Index,0.0,0.0,0.0,0.0,0.0,0.0,0.0,0.0,0.0,0.0,0.0,1.0
3496,MMR,Myanmar,41786,Enrolment in tertiary education,Index,0.0,0.0,0.0,0.0,0.0,0.0,0.0,0.0,0.0,0.0,0.0,1.0
3547,MNG,Mongolia,28161,Global Gender Gap Educational Attainment Subindex,Index,0.9991,0.9991,1.0,1.0,0.9919,0.9946,0.9945,0.9946,0.9932,0.992,0.993,0.993
3569,MNG,Mongolia,41783,Literacy rate,Index,0.0,0.0,0.0,0.0,0.0,0.0,0.0,0.0,0.0,0.0,0.0,1.0
3570,MNG,Mongolia,41784,Enrolment in primary education,Index,0.0,0.0,0.0,0.0,0.0,0.0,0.0,0.0,0.0,0.0,0.0,0.9845121259999999
3571,MNG,Mongolia,41785,Enrolment in secondary education,Index,0.0,0.0,0.0,0.0,0.0,0.0,0.0,0.0,0.0,0.0,0.0,1.0
3572,MNG,Mongolia,41786,Enrolment in tertiary education,Index,0.0,0.0,0.0,0.0,0.0,0.0,0.0,0.0,0.0,0.0,0.0,1.0
3733,MYS,Malaysia,28161,Global Gender Gap Educational Attainment Subindex,Index,0.9853,0.9853,0.9895,0.9891,0.9899,0.9906,0.9907,0.9907,0.9693,0.9670000000000001,0.985,1.0
3754,MYS,Malaysia,41784,Enrolment in primary education,Index,0.0,0.0,0.0,0.0,0.0,0.0,0.0,0.0,0.0,0.0,0.0,1.0
3755,MYS,Malaysia,41785,Enrolment in secondary education,Index,0.0,0.0,0.0,0.0,0.0,0.0,0.0,0.0,0.0,0.0,0.0,1.0
3756,MYS,Malaysia,41786,Enrolment in tertiary education,Index,0.0,0.0,0.0,0.0,0.0,0.0,0.0,0.0,0.0,0.0,0.0,1.0
3995,NZL,New Zealand,28161,Global Gender Gap Educational Attainment Subindex,Index,0.9992,0.9992,1.0,1.0,1.0,1.0,1.0,1.0,1.0,1.0,0.9990000000000001,1.0
4017,NZL,New Zealand,41783,Literacy rate,Index,0.0,0.0,0.0,0.0,0.0,0.0,0.0,0.0,0.0,0.0,0.0,1.0
4018,NZL,New Zealand,41784,Enrolment in primary education,Index,0.0,0.0,0.0,0.0,0.0,0.0,0.0,0.0,0.0,0.0,0.0,1.0
4019,NZL,New Zealand,41785,Enrolment in secondary education,Index,0.0,0.0,0.0,0.0,0.0,0.0,0.0,0.0,0.0,0.0,0.0,1.0
4020,NZL,New Zealand,41786,Enrolment in tertiary education,Index,0.0,0.0,0.0,0.0,0.0,0.0,0.0,0.0,0.0,0.0,0.0,1.0
4185,PHL,Philippines,28161,Global Gender Gap Educational Attainment Subindex,Index,1.0,1.0,1.0,1.0,1.0,1.0,1.0,1.0,1.0,1.0,1.0,1.0
4207,PHL,Philippines,41783,Literacy rate,Index,0.0,0.0,0.0,0.0,0.0,0.0,0.0,0.0,0.0,0.0,0.0,1.0
4208,PHL,Philippines,41784,Enrolment in primary education,Index,0.0,0.0,0.0,0.0,0.0,0.0,0.0,0.0,0.0,0.0,0.0,1.0
4209,PHL,Philippines,41785,Enrolment in secondary education,Index,0.0,0.0,0.0,0.0,0.0,0.0,0.0,0.0,0.0,0.0,0.0,1.0
4210,PHL,Philippines,41786,Enrolment in tertiary education,Index,0.0,0.0,0.0,0.0,0.0,0.0,0.0,0.0,0.0,0.0,0.0,1.0
4565,SGP,Singapore,28161,Global Gender Gap Educational Attainment Subindex,Index,0.9308,0.9308,0.9376,0.937,0.9375,0.9381,0.9409,0.9409,0.9413,0.945,0.975,0.988
4586,SGP,Singapore,41783,Literacy rate,Index,0.0,0.0,0.0,0.0,0.0,0.0,0.0,0.0,0.0,0.0,0.0,0.966712355
4587,SGP,Singapore,41785,Enrolment in secondary education,Index,0.0,0.0,0.0,0.0,0.0,0.0,0.0,0.0,0.0,0.0,0.0,1.0
4588,SGP,Singapore,41786,Enrolment in tertiary education,Index,0.0,0.0,0.0,0.0,0.0,0.0,0.0,0.0,0.0,0.0,0.0,1.0
4999,THA,Thailand,28161,Global Gender Gap Educational Attainment Subindex,Index,0.9728,0.9728,0.9906,0.9933,0.9855,0.9855,0.9888,0.9888,0.9938,0.9940000000000001,0.99,0.991
5021,THA,Thailand,41783,Literacy rate,Index,0.0,0.0,0.0,0.0,0.0,0.0,0.0,0.0,0.0,0.0,0.0,0.963371834
5022,THA,Thailand,41784,Enrolment in primary education,Index,0.0,0.0,0.0,0.0,0.0,0.0,0.0,0.0,0.0,0.0,0.0,0.9954686779999999
5023,THA,Thailand,41785,Enrolment in secondary education,Index,0.0,0.0,0.0,0.0,0.0,0.0,0.0,0.0,0.0,0.0,0.0,1.0
5024,THA,Thailand,41786,Enrolment in tertiary education,Index,0.0,0.0,0.0,0.0,0.0,0.0,0.0,0.0,0.0,0.0,0.0,1.0
5075,TLS,Timor-Leste,28161,Global Gender Gap Educational Attainment Subindex,Index,0.0,0.0,0.0,0.0,0.0,0.0,0.9279999999999999,0.0,0.0,0.0,0.941,0.935
5095,TLS,Timor-Leste,41783,Literacy rate,Index,0.0,0.0,0.0,0.0,0.0,0.0,0.0,0.0,0.0,0.0,0.0,0.832796183
5096,TLS,Timor-Leste,41784,Enrolment in primary education,Index,0.0,0.0,0.0,0.0,0.0,0.0,0.0,0.0,0.0,0.0,0.0,1.0
5097,TLS,Timor-Leste,41785,Enrolment in secondary education,Index,0.0,0.0,0.0,0.0,0.0,0.0,0.0,0.0,0.0,0.0,0.0,1.0
5098,TLS,Timor-Leste,41786,Enrolment in tertiary education,Index,0.0,0.0,0.0,0.0,0.0,0.0,0.0,0.0,0.0,0.0,0.0,0.7202168859999999
