,Country ISO3,Country Name,Indicator Id,Indicator,Subindicator Type,2006,2007,2008,2009,2010,2011,2012,2013,2014,2015,2016,2018
197,AUS,Australia,28163,Global Gender Gap Health and Survival Subindex,Index,0.9761,0.9741,0.9741,0.9737,0.9739,0.9739,0.9735,0.9735,0.9737,0.9740000000000001,0.9740000000000001,0.971
221,AUS,Australia,41787,Sex ratio at birth,Index,0.0,0.0,0.0,0.0,0.0,0.0,0.0,0.0,0.0,0.0,0.0,0.9440000000000001
222,AUS,Australia,41788,Healthy life expectancy,Index,0.0,0.0,0.0,0.0,0.0,0.0,0.0,0.0,0.0,0.0,0.0,1.032033426
1045,CHN,China,28163,Global Gender Gap Health and Survival Subindex,Index,0.9355,0.941,0.941,0.9467,0.929,0.9327,0.9344,0.9398,0.9404,0.919,0.919,0.915
1067,CHN,China,41787,Sex ratio at birth,Index,0.0,0.0,0.0,0.0,0.0,0.0,0.0,0.0,0.0,0.0,0.0,0.869565217
1068,CHN,China,41788,Healthy life expectancy,Index,0.0,0.0,0.0,0.0,0.0,0.0,0.0,0.0,0.0,0.0,0.0,1.019117647
1787,FJI,Fiji,28163,Global Gender Gap Health and Survival Subindex,Index,0.0,0.0,0.0,0.9796,0.9796,0.9796,0.9796,0.9796,0.9796,0.98,0.0,0.9790000000000001
1807,FJI,Fiji,41787,Sex ratio at birth,Index,0.0,0.0,0.0,0.0,0.0,0.0,0.0,0.0,0.0,0.0,0.0,0.943396226
1808,FJI,Fiji,41788,Healthy life expectancy,Index,0.0,0.0,0.0,0.0,0.0,0.0,0.0,0.0,0.0,0.0,0.0,1.06
2245,IDN,Indonesia,28163,Global Gender Gap Health and Survival Subindex,Index,0.9687,0.9719,0.9719,0.9719,0.9663,0.9663,0.9663,0.9663,0.9762,0.976,0.976,0.9740000000000001
2269,IDN,Indonesia,41787,Sex ratio at birth,Index,0.0,0.0,0.0,0.0,0.0,0.0,0.0,0.0,0.0,0.0,0.0,0.9440000000000001
2270,IDN,Indonesia,41788,Healthy life expectancy,Index,0.0,0.0,0.0,0.0,0.0,0.0,0.0,0.0,0.0,0.0,0.0,1.043046358
2613,JPN,Japan,28163,Global Gender Gap Health and Survival Subindex,Index,0.9796,0.9791,0.9791,0.9791,0.9796,0.9796,0.9791,0.9791,0.9791,0.9790000000000001,0.9790000000000001,0.9790000000000001
2637,JPN,Japan,41787,Sex ratio at birth,Index,0.0,0.0,0.0,0.0,0.0,0.0,0.0,0.0,0.0,0.0,0.0,0.9440000000000001
2638,JPN,Japan,41788,Healthy life expectancy,Index,0.0,0.0,0.0,0.0,0.0,0.0,0.0,0.0,0.0,0.0,0.0,1.05922865
2761,KHM,Cambodia,28163,Global Gender Gap Health and Survival Subindex,Index,0.9796,0.9796,0.9796,0.9796,0.9796,0.9796,0.9796,0.9796,0.9796,0.98,0.98,0.975
2785,KHM,Cambodia,41787,Sex ratio at birth,Index,0.0,0.0,0.0,0.0,0.0,0.0,0.0,0.0,0.0,0.0,0.0,0.9440000000000001
2786,KHM,Cambodia,41788,Healthy life expectancy,Index,0.0,0.0,0.0,0.0,0.0,0.0,0.0,0.0,0.0,0.0,0.0,1.045454545
2799,KOR,"Korea, Rep.",28163,Global Gender Gap Health and Survival Subindex,Index,0.9670000000000001,0.9670000000000001,0.9670000000000001,0.973,0.973,0.9736,0.973,0.973,0.973,0.973,0.973,0.973
2823,KOR,"Korea, Rep.",41787,Sex ratio at birth,Index,0.0,0.0,0.0,0.0,0.0,0.0,0.0,0.0,0.0,0.0,0.0,0.9345794390000001
2824,KOR,"Korea, Rep.",41788,Healthy life expectancy,Index,0.0,0.0,0.0,0.0,0.0,0.0,0.0,0.0,0.0,0.0,0.0,1.06
2875,LAO,Lao PDR,28163,Global Gender Gap Health and Survival Subindex,Index,0.0,0.0,0.0,0.0,0.0,0.0,0.0,0.9669,0.9721,0.972,0.972,0.971
2899,LAO,Lao PDR,41787,Sex ratio at birth,Index,0.0,0.0,0.0,0.0,0.0,0.0,0.0,0.0,0.0,0.0,0.0,0.9440000000000001
2900,LAO,Lao PDR,41788,Healthy life expectancy,Index,0.0,0.0,0.0,0.0,0.0,0.0,0.0,0.0,0.0,0.0,0.0,1.033391916
3475,MMR,Myanmar,28163,Global Gender Gap Health and Survival Subindex,Index,0.0,0.0,0.0,0.0,0.0,0.0,0.0,0.0,0.0,0.0,0.0,0.977
3497,MMR,Myanmar,41787,Sex ratio at birth,Index,0.0,0.0,0.0,0.0,0.0,0.0,0.0,0.0,0.0,0.0,0.0,0.9440000000000001
3498,MMR,Myanmar,41788,Healthy life expectancy,Index,0.0,0.0,0.0,0.0,0.0,0.0,0.0,0.0,0.0,0.0,0.0,1.052724077
3549,MNG,Mongolia,28163,Global Gender Gap Health and Survival Subindex,Index,0.9796,0.9796,0.9796,0.9796,0.9796,0.9796,0.9796,0.9796,0.9796,0.98,0.98,0.98
3573,MNG,Mongolia,41787,Sex ratio at birth,Index,0.0,0.0,0.0,0.0,0.0,0.0,0.0,0.0,0.0,0.0,0.0,0.9440000000000001
3574,MNG,Mongolia,41788,Healthy life expectancy,Index,0.0,0.0,0.0,0.0,0.0,0.0,0.0,0.0,0.0,0.0,0.0,1.06
3735,MYS,Malaysia,28163,Global Gender Gap Health and Survival Subindex,Index,0.9703,0.9695,0.9695,0.9695,0.9736,0.9736,0.973,0.973,0.9692,0.9690000000000001,0.9690000000000001,0.9740000000000001
3757,MYS,Malaysia,41787,Sex ratio at birth,Index,0.0,0.0,0.0,0.0,0.0,0.0,0.0,0.0,0.0,0.0,0.0,0.943396226
3758,MYS,Malaysia,41788,Healthy life expectancy,Index,0.0,0.0,0.0,0.0,0.0,0.0,0.0,0.0,0.0,0.0,0.0,1.04287902
3997,NZL,New Zealand,28163,Global Gender Gap Health and Survival Subindex,Index,0.9731,0.9745,0.9745,0.9745,0.9697,0.9697,0.9697,0.9697,0.9698,0.97,0.97,0.97
4021,NZL,New Zealand,41787,Sex ratio at birth,Index,0.0,0.0,0.0,0.0,0.0,0.0,0.0,0.0,0.0,0.0,0.0,0.9440000000000001
4022,NZL,New Zealand,41788,Healthy life expectancy,Index,0.0,0.0,0.0,0.0,0.0,0.0,0.0,0.0,0.0,0.0,0.0,1.029247911
4187,PHL,Philippines,28163,Global Gender Gap Health and Survival Subindex,Index,0.9796,0.9796,0.9796,0.9796,0.9796,0.9796,0.9796,0.9796,0.9796,0.98,0.98,0.9790000000000001
4211,PHL,Philippines,41787,Sex ratio at birth,Index,0.0,0.0,0.0,0.0,0.0,0.0,0.0,0.0,0.0,0.0,0.0,0.943396226
4212,PHL,Philippines,41788,Healthy life expectancy,Index,0.0,0.0,0.0,0.0,0.0,0.0,0.0,0.0,0.0,0.0,0.0,1.06
4567,SGP,Singapore,28163,Global Gender Gap Health and Survival Subindex,Index,0.9598,0.9575,0.9575,0.9575,0.9677,0.9677,0.9719,0.9719,0.9671,0.9670000000000001,0.9670000000000001,0.965
4589,SGP,Singapore,41787,Sex ratio at birth,Index,0.0,0.0,0.0,0.0,0.0,0.0,0.0,0.0,0.0,0.0,0.0,0.931966449
4590,SGP,Singapore,41788,Healthy life expectancy,Index,0.0,0.0,0.0,0.0,0.0,0.0,0.0,0.0,0.0,0.0,0.0,1.038821954
5001,THA,Thailand,28163,Global Gender Gap Health and Survival Subindex,Index,0.9796,0.9796,0.9796,0.9796,0.9796,0.9796,0.9796,0.9796,0.9796,0.98,0.98,0.978
5025,THA,Thailand,41787,Sex ratio at birth,Index,0.0,0.0,0.0,0.0,0.0,0.0,0.0,0.0,0.0,0.0,0.0,0.941619586
5026,THA,Thailand,41788,Healthy life expectancy,Index,0.0,0.0,0.0,0.0,0.0,0.0,0.0,0.0,0.0,0.0,0.0,1.06
5077,TLS,Timor-Leste,28163,Global Gender Gap Health and Survival Subindex,Index,0.0,0.0,0.0,0.0,0.0,0.0,0.9789,0.0,0.0,0.0,0.971,0.977
5099,TLS,Timor-Leste,41787,Sex ratio at birth,Index,0.0,0.0,0.0,0.0,0.0,0.0,0.0,0.0,0.0,0.0,0.0,0.9440000000000001
5100,TLS,Timor-Leste,41788,Healthy life expectancy,Index,0.0,0.0,0.0,0.0,0.0,0.0,0.0,0.0,0.0,0.0,0.0,1.051993068
