,Country ISO3,Country Name,Indicator Id,Indicator,Subindicator Type,2006,2007,2008,2009,2010,2011,2012,2013,2014,2015,2016,2018
190,AUS,Australia,27961,Global Gender Gap Political Empowerment subindex,Index,0.1634,0.1634,0.1915,0.1915,0.1917,0.1861,0.1847,0.1945,0.1887,0.193,0.193,0.23199999999999998
223,AUS,Australia,41789,Women in parliament,Index,0.0,0.0,0.0,0.0,0.0,0.0,0.0,0.0,0.0,0.0,0.0,0.401869159
224,AUS,Australia,41790,Women in ministerial positions,Index,0.0,0.0,0.0,0.0,0.0,0.0,0.0,0.0,0.0,0.0,0.0,0.318181818
225,AUS,Australia,41791,Years with female head of state (last 50),Index,0.0,0.0,0.0,0.0,0.0,0.0,0.0,0.0,0.0,0.0,0.0,0.064077896
1038,CHN,China,27961,Global Gender Gap Political Empowerment subindex,Index,0.1107,0.1107,0.1408,0.1408,0.1495,0.1496,0.1496,0.1604,0.1506,0.162,0.162,0.16399999999999998
1069,CHN,China,41789,Women in parliament,Index,0.0,0.0,0.0,0.0,0.0,0.0,0.0,0.0,0.0,0.0,0.0,0.331546023
1070,CHN,China,41790,Women in ministerial positions,Index,0.0,0.0,0.0,0.0,0.0,0.0,0.0,0.0,0.0,0.0,0.0,0.111111111
1071,CHN,China,41791,Years with female head of state (last 50),Index,0.0,0.0,0.0,0.0,0.0,0.0,0.0,0.0,0.0,0.0,0.0,0.075617375
1780,FJI,Fiji,27961,Global Gender Gap Political Empowerment subindex,Index,0.0,0.0,0.0,0.0608,0.0358,0.0358,0.0448,0.0448,0.0358,0.09699999999999999,0.0,0.10400000000000001
1809,FJI,Fiji,41789,Women in parliament,Index,0.0,0.0,0.0,0.0,0.0,0.0,0.0,0.0,0.0,0.0,0.0,0.19047619
1810,FJI,Fiji,41790,Women in ministerial positions,Index,0.0,0.0,0.0,0.0,0.0,0.0,0.0,0.0,0.0,0.0,0.0,0.181818182
1811,FJI,Fiji,41791,Years with female head of state (last 50),Index,0.0,0.0,0.0,0.0,0.0,0.0,0.0,0.0,0.0,0.0,0.0,0.0
2238,IDN,Indonesia,27961,Global Gender Gap Political Empowerment subindex,Index,0.1007,0.1007,0.1014,0.1224,0.1407,0.14,0.1316,0.1334,0.1262,0.168,0.168,0.193
2271,IDN,Indonesia,41789,Women in parliament,Index,0.0,0.0,0.0,0.0,0.0,0.0,0.0,0.0,0.0,0.0,0.0,0.24721603600000003
2272,IDN,Indonesia,41790,Women in ministerial positions,Index,0.0,0.0,0.0,0.0,0.0,0.0,0.0,0.0,0.0,0.0,0.0,0.346153846
2273,IDN,Indonesia,41791,Years with female head of state (last 50),Index,0.0,0.0,0.0,0.0,0.0,0.0,0.0,0.0,0.0,0.0,0.0,0.069440375
2606,JPN,Japan,27961,Global Gender Gap Political Empowerment subindex,Index,0.0675,0.0675,0.0651,0.0651,0.0722,0.0724,0.0705,0.0603,0.0583,0.10300000000000001,0.10300000000000001,0.081
2639,JPN,Japan,41789,Women in parliament,Index,0.0,0.0,0.0,0.0,0.0,0.0,0.0,0.0,0.0,0.0,0.0,0.112440191
2640,JPN,Japan,41790,Women in ministerial positions,Index,0.0,0.0,0.0,0.0,0.0,0.0,0.0,0.0,0.0,0.0,0.0,0.1875
2641,JPN,Japan,41791,Years with female head of state (last 50),Index,0.0,0.0,0.0,0.0,0.0,0.0,0.0,0.0,0.0,0.0,0.0,0.0
2754,KHM,Cambodia,27961,Global Gender Gap Political Empowerment subindex,Index,0.0525,0.0525,0.0933,0.0786,0.1095,0.1093,0.0916,0.0916,0.0911,0.098,0.098,0.102
2787,KHM,Cambodia,41789,Women in parliament,Index,0.0,0.0,0.0,0.0,0.0,0.0,0.0,0.0,0.0,0.0,0.0,0.25
2788,KHM,Cambodia,41790,Women in ministerial positions,Index,0.0,0.0,0.0,0.0,0.0,0.0,0.0,0.0,0.0,0.0,0.0,0.1
2789,KHM,Cambodia,41791,Years with female head of state (last 50),Index,0.0,0.0,0.0,0.0,0.0,0.0,0.0,0.0,0.0,0.0,0.0,0.0
2792,KOR,"Korea, Rep.",27961,Global Gender Gap Political Empowerment subindex,Index,0.0673,0.0673,0.0714,0.0714,0.0969,0.0972,0.1015,0.1046,0.1117,0.107,0.12,0.134
2825,KOR,"Korea, Rep.",41789,Women in parliament,Index,0.0,0.0,0.0,0.0,0.0,0.0,0.0,0.0,0.0,0.0,0.0,0.204819277
2826,KOR,"Korea, Rep.",41790,Women in ministerial positions,Index,0.0,0.0,0.0,0.0,0.0,0.0,0.0,0.0,0.0,0.0,0.0,0.1
2827,KOR,"Korea, Rep.",41791,Years with female head of state (last 50),Index,0.0,0.0,0.0,0.0,0.0,0.0,0.0,0.0,0.0,0.0,0.0,0.10438729199999999
2868,LAO,Lao PDR,27961,Global Gender Gap Political Empowerment subindex,Index,0.0,0.0,0.0,0.0,0.0,0.0,0.0,0.1355,0.1355,0.132,0.146,0.13699999999999998
2901,LAO,Lao PDR,41789,Women in parliament,Index,0.0,0.0,0.0,0.0,0.0,0.0,0.0,0.0,0.0,0.0,0.0,0.37962963
2902,LAO,Lao PDR,41790,Women in ministerial positions,Index,0.0,0.0,0.0,0.0,0.0,0.0,0.0,0.0,0.0,0.0,0.0,0.08
2903,LAO,Lao PDR,41791,Years with female head of state (last 50),Index,0.0,0.0,0.0,0.0,0.0,0.0,0.0,0.0,0.0,0.0,0.0,0.0
3468,MMR,Myanmar,27961,Global Gender Gap Political Empowerment subindex,Index,0.0,0.0,0.0,0.0,0.0,0.0,0.0,0.0,0.0,0.0,0.0,0.069
3499,MMR,Myanmar,41789,Women in parliament,Index,0.0,0.0,0.0,0.0,0.0,0.0,0.0,0.0,0.0,0.0,0.0,0.11311054
3500,MMR,Myanmar,41790,Women in ministerial positions,Index,0.0,0.0,0.0,0.0,0.0,0.0,0.0,0.0,0.0,0.0,0.0,0.052631579000000005
3501,MMR,Myanmar,41791,Years with female head of state (last 50),Index,0.0,0.0,0.0,0.0,0.0,0.0,0.0,0.0,0.0,0.0,0.0,0.046745052999999995
3542,MNG,Mongolia,27961,Global Gender Gap Political Empowerment subindex,Index,0.0456,0.0456,0.0839,0.0752,0.0317,0.0318,0.0318,0.0734,0.1037,0.084,0.084,0.102
3575,MNG,Mongolia,41789,Women in parliament,Index,0.0,0.0,0.0,0.0,0.0,0.0,0.0,0.0,0.0,0.0,0.0,0.206349206
3576,MNG,Mongolia,41790,Women in ministerial positions,Index,0.0,0.0,0.0,0.0,0.0,0.0,0.0,0.0,0.0,0.0,0.0,0.153846154
3577,MNG,Mongolia,41791,Years with female head of state (last 50),Index,0.0,0.0,0.0,0.0,0.0,0.0,0.0,0.0,0.0,0.0,0.0,0.00043854800000000003
3728,MYS,Malaysia,27961,Global Gender Gap Political Empowerment subindex,Index,0.0558,0.0558,0.0631,0.0631,0.0517,0.0517,0.053,0.053,0.0523,0.051,0.051,0.07200000000000001
3759,MYS,Malaysia,41789,Women in parliament,Index,0.0,0.0,0.0,0.0,0.0,0.0,0.0,0.0,0.0,0.0,0.0,0.161458333
3760,MYS,Malaysia,41790,Women in ministerial positions,Index,0.0,0.0,0.0,0.0,0.0,0.0,0.0,0.0,0.0,0.0,0.0,0.090909091
3761,MYS,Malaysia,41791,Years with female head of state (last 50),Index,0.0,0.0,0.0,0.0,0.0,0.0,0.0,0.0,0.0,0.0,0.0,0.0
3990,NZL,New Zealand,27961,Global Gender Gap Political Empowerment subindex,Index,0.3173,0.3307,0.3899,0.3934,0.3792,0.3797,0.3703,0.3703,0.3872,0.39,0.39,0.47200000000000003
4023,NZL,New Zealand,41789,Women in parliament,Index,0.0,0.0,0.0,0.0,0.0,0.0,0.0,0.0,0.0,0.0,0.0,0.621621622
4024,NZL,New Zealand,41790,Women in ministerial positions,Index,0.0,0.0,0.0,0.0,0.0,0.0,0.0,0.0,0.0,0.0,0.0,0.588235294
4025,NZL,New Zealand,41791,Years with female head of state (last 50),Index,0.0,0.0,0.0,0.0,0.0,0.0,0.0,0.0,0.0,0.0,0.0,0.303199086
4180,PHL,Philippines,27961,Global Gender Gap Political Empowerment subindex,Index,0.2695,0.2829,0.2741,0.2915,0.3212,0.3314,0.3515,0.376,0.3682,0.382,0.386,0.41600000000000004
4213,PHL,Philippines,41789,Women in parliament,Index,0.0,0.0,0.0,0.0,0.0,0.0,0.0,0.0,0.0,0.0,0.0,0.417475728
4214,PHL,Philippines,41790,Women in ministerial positions,Index,0.0,0.0,0.0,0.0,0.0,0.0,0.0,0.0,0.0,0.0,0.0,0.333333333
4215,PHL,Philippines,41791,Years with female head of state (last 50),Index,0.0,0.0,0.0,0.0,0.0,0.0,0.0,0.0,0.0,0.0,0.0,0.461754105
4560,SGP,Singapore,27961,Global Gender Gap Political Empowerment subindex,Index,0.0833,0.1005,0.1005,0.1005,0.1076,0.1014,0.0951,0.0989,0.1201,0.11900000000000001,0.111,0.113
4591,SGP,Singapore,41789,Women in parliament,Index,0.0,0.0,0.0,0.0,0.0,0.0,0.0,0.0,0.0,0.0,0.0,0.298701299
4592,SGP,Singapore,41790,Women in ministerial positions,Index,0.0,0.0,0.0,0.0,0.0,0.0,0.0,0.0,0.0,0.0,0.0,0.055555556
4593,SGP,Singapore,41791,Years with female head of state (last 50),Index,0.0,0.0,0.0,0.0,0.0,0.0,0.0,0.0,0.0,0.0,0.0,0.016090418000000002
4994,THA,Thailand,27961,Global Gender Gap Political Empowerment subindex,Index,0.0581,0.0501,0.0685,0.0685,0.0829,0.0828,0.0898,0.0992,0.07,0.057,0.057,0.07400000000000001
5027,THA,Thailand,41789,Women in parliament,Index,0.0,0.0,0.0,0.0,0.0,0.0,0.0,0.0,0.0,0.0,0.0,0.055793990999999994
5028,THA,Thailand,41790,Women in ministerial positions,Index,0.0,0.0,0.0,0.0,0.0,0.0,0.0,0.0,0.0,0.0,0.0,0.125
5029,THA,Thailand,41791,Years with female head of state (last 50),Index,0.0,0.0,0.0,0.0,0.0,0.0,0.0,0.0,0.0,0.0,0.0,0.058339132
5070,TLS,Timor-Leste,27961,Global Gender Gap Political Empowerment subindex,Index,0.0,0.0,0.0,0.0,0.0,0.0,0.2219,0.0,0.0,0.0,0.22899999999999998,0.21600000000000003
5101,TLS,Timor-Leste,41789,Women in parliament,Index,0.0,0.0,0.0,0.0,0.0,0.0,0.0,0.0,0.0,0.0,0.0,0.511627907
5102,TLS,Timor-Leste,41790,Women in ministerial positions,Index,0.0,0.0,0.0,0.0,0.0,0.0,0.0,0.0,0.0,0.0,0.0,0.23076923100000002
5103,TLS,Timor-Leste,41791,Years with female head of state (last 50),Index,0.0,0.0,0.0,0.0,0.0,0.0,0.0,0.0,0.0,0.0,0.0,0.0
