,Country ISO3,Country Name,Indicator Id,Indicator,Subindicator Type,2006,2007,2008,2009,2010,2011,2012,2013,2014,2015,2016,2018
193,AUS,Australia,28159,Global Gender Gap Economic Participation and Opportunity Subindex,Index,0.7259,0.7440000000000001,0.7307,0.7477,0.7428,0.7565,0.7593,0.7879,0.8009999999999999,0.7659999999999999,0.7190000000000001,0.718
213,AUS,Australia,41779,Labour force participation,Index,0.0,0.0,0.0,0.0,0.0,0.0,0.0,0.0,0.0,0.0,0.0,0.87030303
214,AUS,Australia,41780,"Estimated earned income (PPP, US$)",Index,0.0,0.0,0.0,0.0,0.0,0.0,0.0,0.0,0.0,0.0,0.0,0.6237962539999999
215,AUS,Australia,41781,"Legislators, senior officials and managers",Index,0.0,0.0,0.0,0.0,0.0,0.0,0.0,0.0,0.0,0.0,0.0,0.577931534
216,AUS,Australia,41782,Professional and technical workers,Index,0.0,0.0,0.0,0.0,0.0,0.0,0.0,0.0,0.0,0.0,0.0,1.0
224,AUS,Australia,41790,Women in ministerial positions,Index,0.0,0.0,0.0,0.0,0.0,0.0,0.0,0.0,0.0,0.0,0.0,0.318181818
1041,CHN,China,28159,Global Gender Gap Economic Participation and Opportunity Subindex,Index,0.6206,0.6478,0.6915,0.6955,0.6927,0.6825,0.6753,0.6752,0.6555,0.657,0.6559999999999999,0.653
1060,CHN,China,41779,Labour force participation,Index,0.0,0.0,0.0,0.0,0.0,0.0,0.0,0.0,0.0,0.0,0.0,0.8309178740000001
1061,CHN,China,41780,"Estimated earned income (PPP, US$)",Index,0.0,0.0,0.0,0.0,0.0,0.0,0.0,0.0,0.0,0.0,0.0,0.62125103
1062,CHN,China,41781,"Legislators, senior officials and managers",Index,0.0,0.0,0.0,0.0,0.0,0.0,0.0,0.0,0.0,0.0,0.0,0.201236633
1063,CHN,China,41782,Professional and technical workers,Index,0.0,0.0,0.0,0.0,0.0,0.0,0.0,0.0,0.0,0.0,0.0,1.0
1070,CHN,China,41790,Women in ministerial positions,Index,0.0,0.0,0.0,0.0,0.0,0.0,0.0,0.0,0.0,0.0,0.0,0.111111111
1783,FJI,Fiji,28159,Global Gender Gap Economic Participation and Opportunity Subindex,Index,0.0,0.0,0.0,0.5343,0.4983,0.4972,0.4974,0.4975,0.5065,0.512,0.0,0.603
1800,FJI,Fiji,41779,Labour force participation,Index,0.0,0.0,0.0,0.0,0.0,0.0,0.0,0.0,0.0,0.0,0.0,0.555979644
1801,FJI,Fiji,41780,"Estimated earned income (PPP, US$)",Index,0.0,0.0,0.0,0.0,0.0,0.0,0.0,0.0,0.0,0.0,0.0,0.489468814
1802,FJI,Fiji,41781,"Legislators, senior officials and managers",Index,0.0,0.0,0.0,0.0,0.0,0.0,0.0,0.0,0.0,0.0,0.0,0.6362646710000001
1803,FJI,Fiji,41782,Professional and technical workers,Index,0.0,0.0,0.0,0.0,0.0,0.0,0.0,0.0,0.0,0.0,0.0,0.846301911
1810,FJI,Fiji,41790,Women in ministerial positions,Index,0.0,0.0,0.0,0.0,0.0,0.0,0.0,0.0,0.0,0.0,0.0,0.181818182
2241,IDN,Indonesia,28159,Global Gender Gap Economic Participation and Opportunity Subindex,Index,0.5982,0.5986,0.5714,0.5722,0.575,0.5642,0.565,0.5881,0.5984,0.593,0.598,0.629
2261,IDN,Indonesia,41779,Labour force participation,Index,0.0,0.0,0.0,0.0,0.0,0.0,0.0,0.0,0.0,0.0,0.0,0.632019116
2262,IDN,Indonesia,41780,"Estimated earned income (PPP, US$)",Index,0.0,0.0,0.0,0.0,0.0,0.0,0.0,0.0,0.0,0.0,0.0,0.485728008
2263,IDN,Indonesia,41781,"Legislators, senior officials and managers",Index,0.0,0.0,0.0,0.0,0.0,0.0,0.0,0.0,0.0,0.0,0.0,0.378536747
2264,IDN,Indonesia,41782,Professional and technical workers,Index,0.0,0.0,0.0,0.0,0.0,0.0,0.0,0.0,0.0,0.0,0.0,0.9637930090000001
2272,IDN,Indonesia,41790,Women in ministerial positions,Index,0.0,0.0,0.0,0.0,0.0,0.0,0.0,0.0,0.0,0.0,0.0,0.346153846
2609,JPN,Japan,28159,Global Gender Gap Economic Participation and Opportunity Subindex,Index,0.5453,0.5489,0.544,0.5488,0.5718,0.5673,0.5756,0.5841,0.6182,0.611,0.569,0.595
2629,JPN,Japan,41779,Labour force participation,Index,0.0,0.0,0.0,0.0,0.0,0.0,0.0,0.0,0.0,0.0,0.0,0.7990654209999999
2630,JPN,Japan,41780,"Estimated earned income (PPP, US$)",Index,0.0,0.0,0.0,0.0,0.0,0.0,0.0,0.0,0.0,0.0,0.0,0.526733975
2631,JPN,Japan,41781,"Legislators, senior officials and managers",Index,0.0,0.0,0.0,0.0,0.0,0.0,0.0,0.0,0.0,0.0,0.0,0.152
2632,JPN,Japan,41782,Professional and technical workers,Index,0.0,0.0,0.0,0.0,0.0,0.0,0.0,0.0,0.0,0.0,0.0,0.671125975
2640,JPN,Japan,41790,Women in ministerial positions,Index,0.0,0.0,0.0,0.0,0.0,0.0,0.0,0.0,0.0,0.0,0.0,0.1875
2757,KHM,Cambodia,28159,Global Gender Gap Economic Participation and Opportunity Subindex,Index,0.6754,0.664,0.6588,0.6488,0.6383,0.6315,0.6402,0.6514,0.654,0.6809999999999999,0.659,0.7190000000000001
2777,KHM,Cambodia,41779,Labour force participation,Index,0.0,0.0,0.0,0.0,0.0,0.0,0.0,0.0,0.0,0.0,0.0,0.928730512
2778,KHM,Cambodia,41780,"Estimated earned income (PPP, US$)",Index,0.0,0.0,0.0,0.0,0.0,0.0,0.0,0.0,0.0,0.0,0.0,0.730117094
2779,KHM,Cambodia,41781,"Legislators, senior officials and managers",Index,0.0,0.0,0.0,0.0,0.0,0.0,0.0,0.0,0.0,0.0,0.0,0.46611149700000004
2780,KHM,Cambodia,41782,Professional and technical workers,Index,0.0,0.0,0.0,0.0,0.0,0.0,0.0,0.0,0.0,0.0,0.0,0.745778395
2788,KHM,Cambodia,41790,Women in ministerial positions,Index,0.0,0.0,0.0,0.0,0.0,0.0,0.0,0.0,0.0,0.0,0.0,0.1
2795,KOR,"Korea, Rep.",28159,Global Gender Gap Economic Participation and Opportunity Subindex,Index,0.4805,0.5803,0.4867,0.5204,0.5203,0.4934,0.5088,0.5036,0.5116,0.557,0.537,0.5489999999999999
2815,KOR,"Korea, Rep.",41779,Labour force participation,Index,0.0,0.0,0.0,0.0,0.0,0.0,0.0,0.0,0.0,0.0,0.0,0.750320102
2816,KOR,"Korea, Rep.",41780,"Estimated earned income (PPP, US$)",Index,0.0,0.0,0.0,0.0,0.0,0.0,0.0,0.0,0.0,0.0,0.0,0.457397385
2817,KOR,"Korea, Rep.",41781,"Legislators, senior officials and managers",Index,0.0,0.0,0.0,0.0,0.0,0.0,0.0,0.0,0.0,0.0,0.0,0.140510949
2818,KOR,"Korea, Rep.",41782,Professional and technical workers,Index,0.0,0.0,0.0,0.0,0.0,0.0,0.0,0.0,0.0,0.0,0.0,0.927456504
2826,KOR,"Korea, Rep.",41790,Women in ministerial positions,Index,0.0,0.0,0.0,0.0,0.0,0.0,0.0,0.0,0.0,0.0,0.0,0.1
2871,LAO,Lao PDR,28159,Global Gender Gap Economic Participation and Opportunity Subindex,Index,0.0,0.0,0.0,0.0,0.0,0.0,0.0,0.7999,0.8016,0.8109999999999999,0.8320000000000001,0.915
2891,LAO,Lao PDR,41779,Labour force participation,Index,0.0,0.0,0.0,0.0,0.0,0.0,0.0,0.0,0.0,0.0,0.0,0.9841656520000001
2892,LAO,Lao PDR,41780,"Estimated earned income (PPP, US$)",Index,0.0,0.0,0.0,0.0,0.0,0.0,0.0,0.0,0.0,0.0,0.0,1.0
2893,LAO,Lao PDR,41781,"Legislators, senior officials and managers",Index,0.0,0.0,0.0,0.0,0.0,0.0,0.0,0.0,0.0,0.0,0.0,1.0
2894,LAO,Lao PDR,41782,Professional and technical workers,Index,0.0,0.0,0.0,0.0,0.0,0.0,0.0,0.0,0.0,0.0,0.0,1.0
2902,LAO,Lao PDR,41790,Women in ministerial positions,Index,0.0,0.0,0.0,0.0,0.0,0.0,0.0,0.0,0.0,0.0,0.0,0.08
3471,MMR,Myanmar,28159,Global Gender Gap Economic Participation and Opportunity Subindex,Index,0.0,0.0,0.0,0.0,0.0,0.0,0.0,0.0,0.0,0.0,0.0,0.738
3489,MMR,Myanmar,41779,Labour force participation,Index,0.0,0.0,0.0,0.0,0.0,0.0,0.0,0.0,0.0,0.0,0.0,0.6575179
3490,MMR,Myanmar,41780,"Estimated earned income (PPP, US$)",Index,0.0,0.0,0.0,0.0,0.0,0.0,0.0,0.0,0.0,0.0,0.0,0.791202526
3491,MMR,Myanmar,41781,"Legislators, senior officials and managers",Index,0.0,0.0,0.0,0.0,0.0,0.0,0.0,0.0,0.0,0.0,0.0,0.551789395
3492,MMR,Myanmar,41782,Professional and technical workers,Index,0.0,0.0,0.0,0.0,0.0,0.0,0.0,0.0,0.0,0.0,0.0,1.0
3500,MMR,Myanmar,41790,Women in ministerial positions,Index,0.0,0.0,0.0,0.0,0.0,0.0,0.0,0.0,0.0,0.0,0.0,0.052631579000000005
3545,MNG,Mongolia,28159,Global Gender Gap Economic Participation and Opportunity Subindex,Index,0.7043,0.6682,0.7563,0.8334,0.8746,0.85,0.8387,0.8338,0.8082,0.7829999999999999,0.7659999999999999,0.78
3565,MNG,Mongolia,41779,Labour force participation,Index,0.0,0.0,0.0,0.0,0.0,0.0,0.0,0.0,0.0,0.0,0.0,0.811320755
3566,MNG,Mongolia,41780,"Estimated earned income (PPP, US$)",Index,0.0,0.0,0.0,0.0,0.0,0.0,0.0,0.0,0.0,0.0,0.0,0.742324275
3567,MNG,Mongolia,41781,"Legislators, senior officials and managers",Index,0.0,0.0,0.0,0.0,0.0,0.0,0.0,0.0,0.0,0.0,0.0,0.737590778
3568,MNG,Mongolia,41782,Professional and technical workers,Index,0.0,0.0,0.0,0.0,0.0,0.0,0.0,0.0,0.0,0.0,0.0,1.0
3576,MNG,Mongolia,41790,Women in ministerial positions,Index,0.0,0.0,0.0,0.0,0.0,0.0,0.0,0.0,0.0,0.0,0.0,0.153846154
3731,MYS,Malaysia,28159,Global Gender Gap Economic Participation and Opportunity Subindex,Index,0.5924,0.5671,0.5548,0.5653,0.5765,0.5941,0.5988,0.5904,0.6174,0.634,0.6579999999999999,0.6559999999999999
3750,MYS,Malaysia,41779,Labour force participation,Index,0.0,0.0,0.0,0.0,0.0,0.0,0.0,0.0,0.0,0.0,0.0,0.67866005
3751,MYS,Malaysia,41780,"Estimated earned income (PPP, US$)",Index,0.0,0.0,0.0,0.0,0.0,0.0,0.0,0.0,0.0,0.0,0.0,0.665523332
3752,MYS,Malaysia,41781,"Legislators, senior officials and managers",Index,0.0,0.0,0.0,0.0,0.0,0.0,0.0,0.0,0.0,0.0,0.0,0.256439611
3753,MYS,Malaysia,41782,Professional and technical workers,Index,0.0,0.0,0.0,0.0,0.0,0.0,0.0,0.0,0.0,0.0,0.0,0.7992598409999999
3760,MYS,Malaysia,41790,Women in ministerial positions,Index,0.0,0.0,0.0,0.0,0.0,0.0,0.0,0.0,0.0,0.0,0.0,0.090909091
3993,NZL,New Zealand,28159,Global Gender Gap Economic Participation and Opportunity Subindex,Index,0.7139,0.7552,0.7792,0.7842,0.7743,0.7747,0.7822,0.7797,0.7517,0.768,0.765,0.7609999999999999
4013,NZL,New Zealand,41779,Labour force participation,Index,0.0,0.0,0.0,0.0,0.0,0.0,0.0,0.0,0.0,0.0,0.0,0.883529412
4014,NZL,New Zealand,41780,"Estimated earned income (PPP, US$)",Index,0.0,0.0,0.0,0.0,0.0,0.0,0.0,0.0,0.0,0.0,0.0,0.6226566179999999
4015,NZL,New Zealand,41781,"Legislators, senior officials and managers",Index,0.0,0.0,0.0,0.0,0.0,0.0,0.0,0.0,0.0,0.0,0.0,0.6653674829999999
4016,NZL,New Zealand,41782,Professional and technical workers,Index,0.0,0.0,0.0,0.0,0.0,0.0,0.0,0.0,0.0,0.0,0.0,1.0
4024,NZL,New Zealand,41790,Women in ministerial positions,Index,0.0,0.0,0.0,0.0,0.0,0.0,0.0,0.0,0.0,0.0,0.0,0.588235294
4183,PHL,Philippines,28159,Global Gender Gap Economic Participation and Opportunity Subindex,Index,0.7573,0.7891,0.7734,0.7604,0.7611,0.7632,0.7719,0.7773,0.778,0.799,0.78,0.8009999999999999
4203,PHL,Philippines,41779,Labour force participation,Index,0.0,0.0,0.0,0.0,0.0,0.0,0.0,0.0,0.0,0.0,0.0,0.66840052
4204,PHL,Philippines,41780,"Estimated earned income (PPP, US$)",Index,0.0,0.0,0.0,0.0,0.0,0.0,0.0,0.0,0.0,0.0,0.0,0.687661847
4205,PHL,Philippines,41781,"Legislators, senior officials and managers",Index,0.0,0.0,0.0,0.0,0.0,0.0,0.0,0.0,0.0,0.0,0.0,1.0
4206,PHL,Philippines,41782,Professional and technical workers,Index,0.0,0.0,0.0,0.0,0.0,0.0,0.0,0.0,0.0,0.0,0.0,1.0
4214,PHL,Philippines,41790,Women in ministerial positions,Index,0.0,0.0,0.0,0.0,0.0,0.0,0.0,0.0,0.0,0.0,0.0,0.333333333
4563,SGP,Singapore,28159,Global Gender Gap Economic Participation and Opportunity Subindex,Index,0.6459,0.6546,0.6544,0.6707,0.7527,0.7585,0.7876,0.7883,0.7899,0.8140000000000001,0.7929999999999999,0.7609999999999999
4582,SGP,Singapore,41779,Labour force participation,Index,0.0,0.0,0.0,0.0,0.0,0.0,0.0,0.0,0.0,0.0,0.0,0.822754491
4583,SGP,Singapore,41780,"Estimated earned income (PPP, US$)",Index,0.0,0.0,0.0,0.0,0.0,0.0,0.0,0.0,0.0,0.0,0.0,0.701738382
4584,SGP,Singapore,41781,"Legislators, senior officials and managers",Index,0.0,0.0,0.0,0.0,0.0,0.0,0.0,0.0,0.0,0.0,0.0,0.526556777
4585,SGP,Singapore,41782,Professional and technical workers,Index,0.0,0.0,0.0,0.0,0.0,0.0,0.0,0.0,0.0,0.0,0.0,0.9087386999999999
4592,SGP,Singapore,41790,Women in ministerial positions,Index,0.0,0.0,0.0,0.0,0.0,0.0,0.0,0.0,0.0,0.0,0.0,0.055555556
4997,THA,Thailand,28159,Global Gender Gap Economic Participation and Opportunity Subindex,Index,0.7221,0.7236,0.7283,0.7216,0.716,0.7090000000000001,0.6990000000000001,0.7035,0.7677,0.794,0.77,0.763
5017,THA,Thailand,41779,Labour force participation,Index,0.0,0.0,0.0,0.0,0.0,0.0,0.0,0.0,0.0,0.0,0.0,0.816326531
5018,THA,Thailand,41780,"Estimated earned income (PPP, US$)",Index,0.0,0.0,0.0,0.0,0.0,0.0,0.0,0.0,0.0,0.0,0.0,0.7917054259999999
5019,THA,Thailand,41781,"Legislators, senior officials and managers",Index,0.0,0.0,0.0,0.0,0.0,0.0,0.0,0.0,0.0,0.0,0.0,0.48637337799999997
5020,THA,Thailand,41782,Professional and technical workers,Index,0.0,0.0,0.0,0.0,0.0,0.0,0.0,0.0,0.0,0.0,0.0,1.0
5028,THA,Thailand,41790,Women in ministerial positions,Index,0.0,0.0,0.0,0.0,0.0,0.0,0.0,0.0,0.0,0.0,0.0,0.125
5073,TLS,Timor-Leste,28159,Global Gender Gap Economic Participation and Opportunity Subindex,Index,0.0,0.0,0.0,0.0,0.0,0.0,0.6131,0.0,0.0,0.0,0.406,0.423
5091,TLS,Timor-Leste,41779,Labour force participation,Index,0.0,0.0,0.0,0.0,0.0,0.0,0.0,0.0,0.0,0.0,0.0,0.47654784200000005
5092,TLS,Timor-Leste,41780,"Estimated earned income (PPP, US$)",Index,0.0,0.0,0.0,0.0,0.0,0.0,0.0,0.0,0.0,0.0,0.0,0.32475131
5093,TLS,Timor-Leste,41781,"Legislators, senior officials and managers",Index,0.0,0.0,0.0,0.0,0.0,0.0,0.0,0.0,0.0,0.0,0.0,0.49043309799999996
5094,TLS,Timor-Leste,41782,Professional and technical workers,Index,0.0,0.0,0.0,0.0,0.0,0.0,0.0,0.0,0.0,0.0,0.0,0.433696729
5102,TLS,Timor-Leste,41790,Women in ministerial positions,Index,0.0,0.0,0.0,0.0,0.0,0.0,0.0,0.0,0.0,0.0,0.0,0.23076923100000002
